customer,st,gender,education,customer_lifetime_value,income,monthly_premium_auto,number_of_open_complaints,policy_type,vehicle_class,total_claim_amount
RB50392,Washington,Female,Master,7714.88,0,1000.0,0,Personal Auto,Four-Door Car,2.7
QZ44356,Arizona,Female,Bachelor,697953.59,0,94.0,0,Personal Auto,Four-Door Car,1131.46
AI49188,Nevada,Female,Bachelor,1288743.17,48767,108.0,0,Personal Auto,Two-Door Car,566.47
WW63253,California,Male,Bachelor,764586.18,0,106.0,0,Corporate Auto,SUV,529.88
GA49547,Washington,Male,High School or Below,536307.65,36357,68.0,0,Personal Auto,Four-Door Car,17.27
OC83172,Oregon,Female,Bachelor,825629.78,62902,69.0,0,Personal Auto,Two-Door Car,159.38
XZ87318,Oregon,Female,College,538089.86,55350,67.0,0,Corporate Auto,Four-Door Car,321.6
CF85061,Arizona,Male,Master,721610.03,0,101.0,0,Corporate Auto,Four-Door Car,363.03
DY87989,Oregon,Male,Bachelor,2412750.4,14072,71.0,0,Corporate Auto,Four-Door Car,511.2
BQ94931,Oregon,Female,College,738817.81,28812,93.0,0,Special Auto,Four-Door Car,425.53
SX51350,California,Male,College,473899.2,0,67.0,0,Personal Auto,Four-Door Car,482.4
VQ65197,California,Female,College,819719.71,0,110.0,0,Personal Auto,SUV,528.0
DP39365,California,Female,Master,879879.7,77026,110.0,2,Corporate Auto,Four-Door Car,472.03
SJ95423,Arizona,Female,High School or Below,881901.89,99845,110.0,1,Corporate Auto,SUV,528.0
IL66569,California,Female,College,538443.17,83689,70.0,2,Corporate Auto,Four-Door Car,307.14
BW63560,Oregon,Female,Bachelor,746313.94,24599,64.0,1,Corporate Auto,Four-Door Car,42.92
FV94802,Nevada,Female,High School or Below,256686.78,25049,67.0,0,Personal Auto,Two-Door Car,454.25
OE15005,California,Female,College,394524.16,28855,101.0,0,Personal Auto,SUV,647.44
WC83389,Oregon,Female,College,571033.31,51148,72.0,0,Personal Auto,Four-Door Car,308.98
FL50705,California,Female,High School or Below,816261.71,66140,101.0,0,Corporate Auto,Four-Door Car,484.8
ZK25313,Oregon,Female,High School or Below,287205.13,57749,74.0,0,Personal Auto,Two-Door Car,355.2
QK46697,Washington,Male,Bachelor,617710.93,61040,79.0,1,Personal Auto,Two-Door Car,20.38
YH23384,Arizona,Female,Bachelor,2412750.4,14072,71.0,0,Personal Auto,Four-Door Car,511.2
TZ98966,Nevada,Female,Bachelor,245019.1,0,73.0,3,Corporate Auto,Four-Door Car,554.38
HM55802,California,Female,Bachelor,239210.79,17870,61.0,0,Corporate Auto,Four-Door Car,439.2
FS42516,Oregon,Female,College,580206.6,97541,72.0,0,Personal Auto,Four-Door Car,389.19
US89481,California,Female,Bachelor,394637.21,0,111.0,0,Personal Auto,Four-Door Car,799.2
HS14476,Washington,Male,College,916206.32,29723,80.0,0,Personal Auto,Four-Door Car,20.99
GE62437,Arizona,Female,College,1290256.01,86584,111.0,2,Personal Auto,Four-Door Car,532.8
EJ77678,Oregon,Female,Master,323536.05,75690,80.0,1,Personal Auto,Four-Door Car,384.0
SV85652,Arizona,Female,College,245458.35,23158,63.0,1,Personal Auto,Four-Door Car,322.29
UL64533,Nevada,Female,High School or Below,1897545.61,65999,237.0,0,Corporate Auto,Luxury,615.93
PF41800,California,Female,Bachelor,471532.13,0,65.0,0,Personal Auto,Four-Door Car,308.15
HD95276,Washington,Female,College,473787.17,0,130.0,0,Personal Auto,SUV,23.82
SK67821,Oregon,Female,Bachelor,493291.63,37260,62.0,0,Corporate Auto,Four-Door Car,15.44
YV55495,Arizona,Female,High School or Below,574422.97,68987,71.0,0,Personal Auto,Four-Door Car,204.48
KY38074,California,Female,Bachelor,1389173.57,42305,117.0,0,Personal Auto,Four-Door Car,561.6
DM79012,Oregon,Female,Master,738097.67,65706,91.0,0,Personal Auto,Four-Door Car,436.8
CM61827,Oregon,Female,Bachelor,309003.41,0,90.0,0,Personal Auto,Two-Door Car,648.0
WC35801,Arizona,Female,High School or Below,252163.31,53243,66.0,2,Personal Auto,Four-Door Car,157.4
QG25316,Nevada,Female,High School or Below,265206.18,0,70.0,1,Corporate Auto,Two-Door Car,484.32
MB98372,Oregon,Female,College,277104.5,50071,71.0,0,Corporate Auto,Two-Door Car,18.92
IL19217,California,Female,Bachelor,393900.64,60021,99.0,0,Personal Auto,Four-Door Car,882.87
SR38658,Arizona,Female,High School or Below,1223187.97,43244,103.0,0,Personal Auto,Luxury,494.4
YD87931,Washington,Male,Doctor,495165.61,46896,35354.0,1,Personal Auto,Four-Door Car,31.71
HG65722,Oregon,Female,Doctor,1281910.29,10105,172.0,3,Personal Auto,SUV,0.52
BU27331,Arizona,Female,Bachelor,446851.05,0,73.0,3,Personal Auto,Four-Door Car,579.17
XM45289,Oregon,Female,High School or Below,551434.4,23218,71.0,0,Personal Auto,Two-Door Car,447.79
KP34198,California,Female,Bachelor,334387.53,0,92.0,0,Corporate Auto,Four-Door Car,529.62
SH90947,Arizona,Female,High School or Below,229447.89,0,62.0,0,Personal Auto,Four-Door Car,313.02
WE95729,Oregon,Female,College,3670742.64,24804,104.0,0,Personal Auto,SUV,593.83
PY51963,California,Female,Bachelor,3347334.95,33190,106.0,0,Corporate Auto,SUV,508.8
RB69909,Nevada,Female,High School or Below,798343.17,36014,69.0,3,Special Auto,Four-Door Car,173.96
NW21079,Washington,Female,Master,487938.48,67163,61.0,2,Personal Auto,Two-Door Car,33.19
FR46645,California,Female,Bachelor,429399.73,16701,113.0,0,Personal Auto,Four-Door Car,831.63
SY17488,Arizona,Female,College,716439.55,46623,91.0,0,Corporate Auto,Four-Door Car,436.8
AP67935,California,Female,College,761951.58,64749,64.0,0,Special Auto,Four-Door Car,302.57
FS37417,Arizona,Female,High School or Below,395800.28,0,101.0,0,Personal Auto,SUV,484.8
ML29312,Oregon,Female,High School or Below,449949.33,16969,124.0,2,Personal Auto,SUV,704.77
UB61619,Oregon,Female,Master,405956.74,11621,108.0,0,Personal Auto,Four-Door Car,518.4
CD86811,Arizona,Female,Bachelor,445811.34,17622,65.0,1,Personal Auto,Four-Door Car,312.0
RU83859,California,Female,Bachelor,811033.31,11489,105.0,0,Personal Auto,Two-Door Car,504.0
FG63582,Oregon,Female,Bachelor,333976.49,0,94.0,0,Personal Auto,Two-Door Car,863.33
NN71951,California,Female,High School or Below,2426101.78,66525,100.0,0,Personal Auto,SUV,104.33
WB37082,Arizona,Female,Bachelor,661397.37,0,63.0,0,Personal Auto,Four-Door Car,676.39
SM52139,Washington,Female,College,293069.35,33663,73.0,0,Personal Auto,Four-Door Car,350.4
FL82372,Oregon,Female,College,867219.43,22547,112.0,0,Corporate Auto,SUV,537.6
DP45816,Arizona,Female,High School or Below,1163866.93,61486,97.0,0,Personal Auto,Two-Door Car,465.26
GW33762,Oregon,Female,Bachelor,684615.03,0,95.0,0,Personal Auto,Two-Door Car,456.0
RZ33670,California,Female,College,1172777.65,29879,102.0,0,Personal Auto,Four-Door Car,500.25
PY70169,Oregon,Female,High School or Below,2264383.48,93011,113.0,0,Personal Auto,SUV,281.45
MO91628,Oregon,Female,Master,261447.43,65186,65.0,0,Personal Auto,Two-Door Car,5.43
HW87852,Oregon,Female,Master,245175.27,26840,64.0,2,Personal Auto,Four-Door Car,307.2
HB20453,Oregon,Female,Bachelor,678127.02,0,104.0,1,Personal Auto,Luxury,982.4
BN87372,Oregon,Female,Bachelor,497480.15,75644,65.0,3,Personal Auto,Two-Door Car,467.8
YX23800,Oregon,Female,Bachelor,859160.49,38984,73.0,0,Personal Auto,Four-Door Car,350.4
DZ87709,Oregon,Female,High School or Below,559216.14,71811,71.0,0,Personal Auto,Four-Door Car,29.03
XW13033,Nevada,Female,College,800947.28,20961,67.0,0,Personal Auto,Four-Door Car,321.6
SP81997,Washington,Female,Master,7714.88,41275,96.0,0,Personal Auto,Four-Door Car,41.12
OM82309,California,Female,Bachelor,5816655.35,61321,186.0,1,Personal Auto,Luxury,427.63
ZU35962,California,Female,College,802522.94,0,77.0,0,Personal Auto,Two-Door Car,25.81
VH85817,California,Female,High School or Below,578018.22,51066,74.0,0,Personal Auto,Four-Door Car,787.99
DT85712,California,Female,Doctor,411853.91,34378,102.0,0,Personal Auto,SUV,489.6
YJ88573,Nevada,Female,Master,252307.02,43072,63.0,0,Personal Auto,Four-Door Car,302.4
SQ19467,Oregon,Female,College,655421.64,25222,90.0,0,Personal Auto,Four-Door Car,475.62
YB66933,Washington,Female,Bachelor,538275.2,77552,68.0,1,Corporate Auto,Four-Door Car,45.22
ET79815,California,Female,College,592672.94,23091,96.0,5,Personal Auto,Four-Door Car,460.8
QC35222,California,Female,Bachelor,268347.07,48269,69.0,3,Corporate Auto,Four-Door Car,282.15
CJ15590,Oregon,Female,Bachelor,269518.24,32720,67.0,0,Personal Auto,Four-Door Car,321.6
OI48267,California,Female,College,604702.52,20396,76.0,1,Personal Auto,Four-Door Car,364.8
JY67916,Oregon,Female,College,1317101.28,21513,119.0,1,Personal Auto,Two-Door Car,679.83
OW15518,Washington,Female,College,1595001.95,0,87.0,1,Personal Auto,Two-Door Car,46.04
CZ33664,Oregon,Female,Bachelor,252765.38,80744,63.0,0,Corporate Auto,Four-Door Car,11.88
WK30175,Oregon,Female,Bachelor,267209.58,52822,67.0,0,Corporate Auto,Two-Door Car,350.53
ON44465,California,Female,High School or Below,531329.4,0,77.0,1,Personal Auto,Four-Door Car,863.39
TV87155,Oregon,Female,Bachelor,2094619.25,69738,74.0,1,Personal Auto,Four-Door Car,492.13
KH48895,Arizona,Female,Master,837535.39,17780,109.0,0,Personal Auto,SUV,132.59
NZ30757,California,Female,Bachelor,480166.15,18107,62.0,0,Personal Auto,Four-Door Car,297.6
RI22468,Arizona,Female,Bachelor,574594.33,57740,74.0,3,Personal Auto,Four-Door Car,269.91
FZ30935,Oregon,Female,College,606611.6,32627,76.0,0,Personal Auto,Two-Door Car,380.04
UG93476,California,Female,College,800230.83,0,107.0,0,Personal Auto,SUV,513.6
AB96670,California,Female,College,239391.54,0,70.0,0,Personal Auto,Four-Door Car,425.27
XK64261,Oregon,Female,Bachelor,476281.79,65795,62.0,1,Corporate Auto,Two-Door Car,49.01
EV68375,California,Female,College,433038.6,60475,107.0,0,Personal Auto,Four-Door Car,513.6
UN51653,California,Female,High School or Below,940272.98,0,130.0,0,Personal Auto,SUV,936.0
TO96662,Oregon,Female,Bachelor,696669.45,41837,88.0,0,Personal Auto,Four-Door Car,142.06
MR52087,California,Female,Bachelor,769406.43,32303,65.0,0,Personal Auto,Four-Door Car,45.15
DE75225,Oregon,Female,High School or Below,871756.11,0,117.0,1,Personal Auto,SUV,561.6
EP80820,California,Female,Bachelor,592874.85,40531,74.0,0,Personal Auto,Two-Door Car,30.57
GU99037,Oregon,Female,College,245297.73,79898,62.0,1,Corporate Auto,Four-Door Car,271.61
WI57118,California,Female,College,670157.17,56398,85.0,0,Personal Auto,Four-Door Car,408.0
GP39118,Washington,Male,High School or Below,499655.27,71600,63.0,0,Personal Auto,Two-Door Car,46.16
MQ14219,Arizona,Female,College,849269.88,27804,109.0,0,Personal Auto,SUV,784.8
KN20603,Oregon,Female,Bachelor,771349.4,45506,66.0,2,Personal Auto,Four-Door Car,316.8
SG20925,Washington,Female,Master,518579.76,99428,6464.0,1,Personal Auto,Four-Door Car,48.05
JI70886,California,Female,High School or Below,729006.98,0,102.0,1,Corporate Auto,SUV,489.6
VF72557,Oregon,Female,High School or Below,477294.38,20993,133.0,0,Personal Auto,SUV,638.4
OX28638,Arizona,Female,High School or Below,680649.14,37839,86.0,0,Personal Auto,Two-Door Car,465.63
SK55033,California,Female,Bachelor,246978.13,92711,62.0,0,Personal Auto,Two-Door Car,368.4
OO88645,California,Female,College,310392.3,74665,78.0,2,Corporate Auto,Four-Door Car,236.9
FM14335,Washington,Female,College,1048491.54,61108,89.0,0,Personal Auto,Four-Door Car,49.45
CW82151,California,Female,Bachelor,890273.76,46833,112.0,0,Personal Auto,Luxury,64.11
DY22043,Oregon,Female,High School or Below,549944.72,88768,68.0,0,Personal Auto,Two-Door Car,326.4
SH36774,California,Female,High School or Below,1502359.86,28262,192.0,0,Personal Auto,Luxury,921.6
EM43724,Nevada,Female,Bachelor,250910.79,33555,63.0,0,Personal Auto,Four-Door Car,101.9
FH85960,Oregon,Female,College,3122174.81,42780,113.0,1,Personal Auto,Four-Door Car,542.4
XA55993,Oregon,Female,Master,313350.34,58850,78.0,0,Personal Auto,Four-Door Car,143.75
GO36627,Arizona,Female,College,383745.19,21880,97.0,0,Special Auto,Four-Door Car,424.08
QH48047,Oregon,Female,College,1179049.62,25251,66.0,0,Personal Auto,Four-Door Car,316.8
HS28694,Washington,Female,High School or Below,282986.39,25317,71.0,0,Personal Auto,Two-Door Car,50.42
UH65059,Arizona,Female,High School or Below,430580.83,24188,109.0,0,Personal Auto,Luxury,523.2
FV21968,Nevada,Female,Bachelor,597397.69,41611,74.0,0,Special Auto,Four-Door Car,113.8
QA87025,Oregon,Female,Bachelor,567044.24,28406,72.0,1,Personal Auto,Four-Door Car,192.88
TQ13499,Arizona,Female,College,473174.93,69833,118.0,0,Personal Auto,Four-Door Car,828.66
BU44523,Arizona,Female,High School or Below,802637.96,0,74.0,0,Corporate Auto,Four-Door Car,532.8
MS41162,Arizona,Female,High School or Below,402296.35,0,117.0,0,Personal Auto,SUV,975.11
PU25891,Oregon,Female,High School or Below,961831.09,80536,119.0,0,Special Auto,Luxury,53.8
LH92841,Washington,Female,Bachelor,725595.38,88891,89.0,0,Personal Auto,Four-Door Car,50.53
SX26335,Oregon,Female,College,955292.69,97732,79.0,0,Personal Auto,Four-Door Car,289.91
AZ95587,Arizona,Female,Bachelor,1038855.32,61222,89.0,0,Special Auto,Four-Door Car,392.6
DS81757,Oregon,Male,College,247012.12,0,74.0,0,Personal Auto,Two-Door Car,721.24
OJ94107,Arizona,Male,Master,561906.85,50335,140.0,0,Personal Auto,SUV,456.52
LP84436,California,Female,High School or Below,904711.92,0,127.0,0,Personal Auto,Luxury,1088.0
FF22360,Washington,Female,Doctor,268731.41,82210,68.0,4,Personal Auto,Four-Door Car,51.96
LM19287,Oregon,Female,High School or Below,373150.46,0,96.0,0,Personal Auto,Four-Door Car,460.8
ZU18643,Nevada,Male,Bachelor,366077.03,64495,92.0,0,Corporate Auto,Four-Door Car,251.99
AZ82578,California,Female,College,792882.93,0,72.0,0,Corporate Auto,Four-Door Car,345.6
XC67861,Arizona,Female,Bachelor,501175.16,28859,67.0,3,Corporate Auto,Two-Door Car,321.6
YC43143,Arizona,Female,High School or Below,798825.83,77330,99.0,0,Personal Auto,Four-Door Car,99.26
EK59571,Oregon,Male,College,388545.64,0,105.0,0,Corporate Auto,Four-Door Car,504.0
PA38372,Washington,Female,High School or Below,935773.78,33060,117.0,0,Personal Auto,Four-Door Car,56.73
RO18530,Washington,Male,Master,254068.98,42557,65.0,0,Personal Auto,Four-Door Car,57.56
PD27940,Arizona,Male,High School or Below,488516.25,26372,126.0,0,Personal Auto,SUV,604.8
BS77946,Arizona,Female,Bachelor,975330.71,17514,127.0,0,Personal Auto,SUV,8.31
YM50253,California,Female,Bachelor,294615.37,89270,74.0,0,Personal Auto,Four-Door Car,316.6
NR15332,California,Male,High School or Below,258111.09,29757,65.0,0,Personal Auto,Four-Door Car,312.0
RC62865,Oregon,Male,College,351738.58,51814,92.0,0,Personal Auto,Four-Door Car,56.3
CC15295,Oregon,Female,Bachelor,974335.01,24028,82.0,0,Personal Auto,Four-Door Car,393.6
KA61892,Arizona,Male,College,387364.7,28142,105.0,0,Personal Auto,Luxury,701.71
OS94884,Arizona,Female,Bachelor,764928.2,52705,64.0,1,Personal Auto,Two-Door Car,128.71
ND87334,California,Male,High School or Below,228759.69,0,63.0,0,Corporate Auto,Two-Door Car,679.37
OY51402,Washington,Female,High School or Below,825576.39,54040,103.0,0,Personal Auto,SUV,59.99
YL74911,California,Female,College,871492.21,0,118.0,0,Personal Auto,SUV,566.4
GK92563,Washington,Female,Doctor,681923.12,22492,85.0,0,Personal Auto,Two-Door Car,61.65
HL53154,California,Male,Bachelor,741619.73,0,77.0,2,Personal Auto,Four-Door Car,554.4
RI78966,Oregon,Male,Master,777115.9,21876,68.0,0,Personal Auto,Four-Door Car,465.41
IC13702,California,Female,Bachelor,696834.19,0,69.0,1,Personal Auto,Four-Door Car,496.8
BE10809,California,Female,High School or Below,425028.26,0,61.0,1,Personal Auto,Four-Door Car,292.8
HT87217,Oregon,Female,High School or Below,1977656.65,70699,82.0,0,Personal Auto,Four-Door Car,256.81
TH95618,California,Female,High School or Below,2134346.6,0,74.0,1,Personal Auto,Four-Door Car,355.2
TS19868,California,Male,College,241313.97,27501,63.0,0,Personal Auto,Four-Door Car,542.32
LP45550,Oregon,Female,Doctor,1536384.72,15897,101.0,0,Personal Auto,Four-Door Car,303.15
QR87004,Nevada,Female,College,845696.19,25141,73.0,1,Personal Auto,Four-Door Car,25.44
OE75747,Nevada,Female,College,218964.25,0,61.0,3,Personal Auto,Four-Door Car,292.8
DX91392,California,Male,High School or Below,578018.22,51066,74.0,0,Personal Auto,Four-Door Car,787.99
AB72731,California,Female,Bachelor,463998.16,28358,117.0,0,Personal Auto,Luxury,84.02
GX84338,Washington,Female,Doctor,382443.13,62530,95.0,0,Personal Auto,Four-Door Car,61.69
IS12901,Arizona,Female,Bachelor,596811.89,90972,74.0,0,Personal Auto,Two-Door Car,232.93
BN90616,Washington,Female,Bachelor,859033.5,63110,72.0,0,Personal Auto,Four-Door Car,68.18
HH90090,California,Female,Bachelor,407663.47,29549,104.0,0,Personal Auto,Luxury,710.43
IU25463,California,Female,Bachelor,1225260.18,0,115.0,1,Personal Auto,Four-Door Car,552.0
KC11055,Nevada,Female,Bachelor,1693627.15,39411,217.0,2,Personal Auto,Luxury,1122.66
PD33979,Oregon,Male,High School or Below,489243.55,21709,62.0,0,Personal Auto,Four-Door Car,408.37
NK71023,Nevada,Male,Bachelor,994230.48,67890,85.0,0,Personal Auto,Four-Door Car,408.0
AB13432,California,Male,Bachelor,373583.81,0,110.0,0,Personal Auto,SUV,792.0
OZ97704,California,Female,High School or Below,1311752.22,84311,111.0,4,Personal Auto,SUV,532.8
UF46533,California,Female,College,457452.41,99316,114.0,0,Corporate Auto,SUV,754.36
XP47431,Arizona,Female,Bachelor,547006.06,54507,138.0,0,Personal Auto,SUV,702.99
GK73582,California,Female,Bachelor,297884.6,64586,76.0,0,Personal Auto,Four-Door Car,206.84
RV98763,Oregon,Male,College,641096.75,61709,82.0,2,Personal Auto,Four-Door Car,275.4
II62831,California,Male,Master,447902.31,94656,111.0,1,Special Auto,SUV,459.74
XK33449,California,Female,High School or Below,238373.19,0,69.0,0,Special Auto,Two-Door Car,496.8
TR85083,California,Male,Bachelor,276449.37,61085,70.0,1,Personal Auto,Two-Door Car,336.0
EO95328,Oregon,Female,Bachelor,792010.54,89284,67.0,3,Personal Auto,Two-Door Car,321.6
EN21086,Arizona,Female,High School or Below,688909.8,0,63.0,0,Personal Auto,Four-Door Car,302.4
YL83902,Washington,Female,Bachelor,327419.46,31686,81.0,0,Personal Auto,Four-Door Car,430.99
AZ62651,Oregon,Male,High School or Below,995170.77,56855,255.0,0,Corporate Auto,Luxury,1836.0
ZW25874,Oregon,Male,Bachelor,252155.57,53703,67.0,2,Special Auto,Four-Door Car,67.63
EH41854,Washington,Female,High School or Below,2370611.34,0,96.0,1,Personal Auto,Two-Door Car,844.48
MW70227,California,Male,College,604702.52,20396,76.0,1,Personal Auto,Four-Door Car,364.8
SL22297,California,Female,Master,1114030.25,27679,150.0,0,Personal Auto,SUV,722.49
RV14138,Nevada,Female,Bachelor,433406.41,23904,123.0,3,Personal Auto,SUV,590.4
UO62808,Arizona,Female,High School or Below,279974.79,65351,69.0,0,Corporate Auto,Four-Door Car,481.03
ZX64745,California,Male,College,792313.66,0,113.0,0,Personal Auto,SUV,1124.43
FL34139,California,Male,High School or Below,368811.09,0,63.0,3,Personal Auto,Four-Door Car,669.68
TS11219,California,Male,College,1206745.6,0,116.0,0,Personal Auto,SUV,1284.09
XX12304,California,Female,College,292497.67,64459,72.0,0,Personal Auto,Four-Door Car,240.26
SD64087,California,Male,College,1501409.27,32961,190.0,0,Corporate Auto,SUV,912.0
OY38576,Oregon,Female,High School or Below,927723.38,71416,116.0,0,Corporate Auto,SUV,556.8
BG76355,Washington,Female,Bachelor,627412.39,68964,78.0,0,Personal Auto,Four-Door Car,115.09
IP66913,California,Male,High School or Below,388664.74,78108,98.0,0,Personal Auto,Two-Door Car,470.4
LE95702,California,Male,College,438627.76,10621,67.0,0,Special Auto,Four-Door Car,321.6
KX54357,Washington,Male,College,1136526.77,84910,95.0,0,Corporate Auto,Two-Door Car,383.17
EZ78112,California,Female,High School or Below,561096.43,77493,70.0,0,Special Auto,Four-Door Car,307.96
XN16891,Arizona,Male,College,291289.2,81097,74.0,0,Personal Auto,Four-Door Car,355.2
XK31350,Oregon,Female,College,691572.99,96610,85.0,0,Corporate Auto,Four-Door Car,520.36
CC30924,Oregon,Male,College,626266.33,30110,159.0,0,Corporate Auto,Luxury,466.44
IT78748,Oregon,Female,High School or Below,650339.7,22081,84.0,0,Special Auto,Two-Door Car,451.67
KY33386,Washington,Female,High School or Below,800739.94,0,112.0,0,Personal Auto,Luxury,537.6
CO44221,California,Male,College,292991.65,98473,72.0,0,Personal Auto,Four-Door Car,345.6
LK60013,Oregon,Female,Bachelor,596955.3,97431,74.0,0,Personal Auto,Four-Door Car,355.2
DE21533,California,Male,Bachelor,547315.99,93870,69.0,0,Personal Auto,Four-Door Car,331.2
YS94121,Nevada,Male,High School or Below,564539.67,50366,72.0,0,Personal Auto,Four-Door Car,428.73
UK68427,Washington,Male,High School or Below,636926.24,34498,83.0,0,Personal Auto,Two-Door Car,398.4
TE49565,Oregon,Female,College,1183376.73,16552,103.0,0,Personal Auto,SUV,494.4
RA88421,Oregon,Female,College,612110.79,26787,77.0,0,Personal Auto,Four-Door Car,369.6
KQ51983,Nevada,Male,College,515936.97,0,74.0,0,Personal Auto,Two-Door Car,831.75
CD88896,Nevada,Female,High School or Below,251459.2,43860,65.0,0,Corporate Auto,Four-Door Car,156.12
YV22553,Arizona,Male,High School or Below,866861.13,21474,114.0,2,Corporate Auto,SUV,373.43
WU14435,California,Male,Bachelor,496096.54,18174,66.0,0,Corporate Auto,Four-Door Car,395.93
XV84099,Arizona,Female,Bachelor,550413.9,0,73.0,0,Corporate Auto,Four-Door Car,350.4
RI24911,Arizona,Male,College,750745.54,60920,64.0,0,Personal Auto,Two-Door Car,231.2
KO26461,Arizona,Male,High School or Below,3226985.14,41520,90.0,0,Personal Auto,Four-Door Car,289.9
HI14283,Oregon,Female,Bachelor,565703.16,0,152.0,0,Personal Auto,SUV,729.6
PT50227,Arizona,Male,High School or Below,506175.79,0,68.0,0,Personal Auto,Two-Door Car,326.4
BH36570,California,Male,Bachelor,591278.38,72208,73.0,0,Personal Auto,Two-Door Car,350.4
TX17484,California,Female,Bachelor,1518227.98,53863,63.0,0,Personal Auto,Four-Door Car,105.77
CT41158,Washington,Male,College,1074703.09,66446,136.0,0,Corporate Auto,SUV,639.46
AO87348,Washington,Male,College,205062.35,0,61.0,0,Personal Auto,Four-Door Car,292.8
DE55857,Washington,Female,Bachelor,246544.49,64997,63.0,1,Personal Auto,Four-Door Car,383.44
LF66923,Nevada,Female,High School or Below,534312.13,64460,66.0,0,Corporate Auto,Two-Door Car,316.8
CN24514,Arizona,Female,College,811982.91,46618,67.0,0,Personal Auto,Four-Door Car,99.09
UW32074,Oregon,Female,College,460526.52,0,64.0,0,Corporate Auto,Four-Door Car,307.2
HP36979,California,Male,College,640878.56,49988,84.0,5,Personal Auto,Two-Door Car,566.94
PP40919,California,Female,College,237653.35,0,91.0,5,Personal Auto,Two-Door Car,436.8
RO73268,California,Male,Bachelor,321107.0,16269,86.0,0,Corporate Auto,Two-Door Car,412.8
HO61691,Arizona,Female,Bachelor,509452.23,72006,64.0,0,Personal Auto,Four-Door Car,307.2
BS13062,Arizona,Female,High School or Below,2575527.82,0,81.0,2,Personal Auto,Four-Door Car,388.8
FO35655,Oregon,Male,Bachelor,867222.97,0,245.0,0,Corporate Auto,Luxury,2345.41
HR10526,California,Male,Master,804473.07,44320,67.0,0,Personal Auto,Four-Door Car,321.6
IA63417,Arizona,Female,High School or Below,400151.91,19782,108.0,0,Personal Auto,Two-Door Car,773.47
BH35016,Nevada,Female,Bachelor,1670611.7,63933,70.0,0,Personal Auto,Two-Door Car,424.88
PK52952,Arizona,Male,Doctor,854441.11,28224,109.0,0,Personal Auto,SUV,523.2
OD76309,Washington,Female,College,780531.29,21073,106.0,1,Personal Auto,SUV,508.8
IL28481,Oregon,Male,Bachelor,611275.69,63243,77.0,0,Personal Auto,Four-Door Car,364.24
GY55092,Nevada,Male,High School or Below,477294.38,20993,133.0,0,Personal Auto,SUV,638.4
UF33451,Oregon,Female,Bachelor,1097909.56,94827,135.0,0,Personal Auto,SUV,354.73
CF15558,California,Female,Master,500426.38,39161,63.0,1,Personal Auto,Two-Door Car,284.0
JM62924,Washington,Male,Bachelor,1322304.38,37534,84.0,2,Personal Auto,Four-Door Car,403.2
EM66435,Oregon,Female,Bachelor,262331.54,80210,65.0,0,Corporate Auto,Four-Door Car,20.54
QX45933,California,Male,Bachelor,1784019.56,0,62.0,0,Personal Auto,Four-Door Car,385.12
JI71369,California,Female,College,510611.18,30110,64.0,0,Personal Auto,Four-Door Car,140.17
JU93290,Arizona,Female,College,1793060.45,21708,68.0,0,Personal Auto,Four-Door Car,326.4
GU66096,Arizona,Male,High School or Below,545734.26,94731,67.0,0,Personal Auto,Four-Door Car,321.6
UC33108,California,Male,Bachelor,656364.41,32375,83.0,0,Personal Auto,Four-Door Car,398.4
LW93867,Oregon,Male,College,481252.52,16531,63.0,0,Corporate Auto,Four-Door Car,102.88
OU78470,Arizona,Female,Master,2932804.19,32006,94.0,0,Corporate Auto,Four-Door Car,56.87
XW90265,Arizona,Female,Bachelor,577352.07,81676,72.0,0,Personal Auto,Two-Door Car,463.16
HS67749,California,Male,College,684711.89,71038,86.0,0,Corporate Auto,Four-Door Car,205.44
VZ51506,Arizona,Female,High School or Below,359531.29,0,103.0,0,Corporate Auto,Luxury,741.6
UI64281,Nevada,Female,Master,2285561.21,20832,65.0,0,Personal Auto,Two-Door Car,56.37
AE98193,Washington,Male,High School or Below,785941.46,0,113.0,0,Personal Auto,SUV,813.6
AZ74055,Oregon,Male,High School or Below,411557.74,52405,103.0,0,Personal Auto,Four-Door Car,494.4
XS76911,Arizona,Female,High School or Below,502963.88,0,133.0,0,Personal Auto,Luxury,795.86
AY40674,Washington,Female,Bachelor,482141.85,26583,1005.0,4,Personal Auto,SUV,614.4
NA12740,Oregon,Male,Master,500431.05,25486,65.0,0,Special Auto,Two-Door Car,72.44
UA84837,Arizona,Male,College,863005.39,24065,111.0,0,Corporate Auto,Four-Door Car,532.8
DJ51510,Arizona,Female,High School or Below,932208.51,70435,116.0,0,Personal Auto,Four-Door Car,67.88
VM58985,California,Male,College,1672756.06,0,76.0,2,Personal Auto,Two-Door Car,402.64
OH60605,Oregon,Female,High School or Below,365253.24,39679,92.0,0,Personal Auto,Two-Door Car,641.39
UO98052,Nevada,Male,College,615860.12,0,89.0,0,Personal Auto,Four-Door Car,342.48
NC53424,California,Male,Bachelor,437608.4,0,69.0,4,Personal Auto,Two-Door Car,331.2
LQ13873,Nevada,Male,High School or Below,556945.62,53565,71.0,1,Personal Auto,Four-Door Car,340.8
LA97014,Washington,Male,Bachelor,257651.3,37574,66.0,1,Personal Auto,Two-Door Car,412.1
NB79936,Washington,Male,Bachelor,834698.32,48259,108.0,0,Personal Auto,Two-Door Car,73.7
NT89061,Arizona,Female,High School or Below,632392.39,78532,78.0,0,Personal Auto,Four-Door Car,374.4
AF10970,Arizona,Female,Bachelor,597314.34,96163,73.0,0,Corporate Auto,Four-Door Car,350.4
ZG48513,California,Male,Bachelor,470667.7,0,72.0,0,Personal Auto,Four-Door Car,345.6
JQ59145,California,Male,High School or Below,809341.03,0,114.0,1,Personal Auto,Luxury,722.02
FE84989,Washington,Male,College,503574.46,72672,63.0,0,Personal Auto,Four-Door Car,259.36
JT52858,Oregon,Female,Bachelor,902786.72,99002,112.0,1,Personal Auto,Four-Door Car,537.6
MC62068,California,Male,High School or Below,728888.48,79494,91.0,0,Personal Auto,Four-Door Car,396.3
EU27538,Oregon,Male,Master,1804247.94,35704,225.0,0,Personal Auto,Luxury,358.28
RH42306,Arizona,Female,Bachelor,499206.3,0,71.0,0,Corporate Auto,Four-Door Car,653.39
US23612,Oregon,Female,High School or Below,910226.78,26049,118.0,0,Personal Auto,Two-Door Car,121.03
WV76014,Arizona,Male,Doctor,254040.77,70125,64.0,0,Special Auto,Four-Door Car,92.81
RK96223,California,Male,College,1294189.19,52369,110.0,1,Personal Auto,SUV,528.0
MF82000,Washington,Female,Bachelor,236534.86,0,66.0,2,Special Auto,Four-Door Car,159.64
FM46980,Arizona,Male,College,572076.51,41770,72.0,0,Personal Auto,Four-Door Car,476.16
SY56792,Oregon,Male,High School or Below,703553.41,0,101.0,0,Corporate Auto,Four-Door Car,727.2
RF61565,California,Male,College,263697.77,31911,67.0,0,Personal Auto,Four-Door Car,321.6
IM94808,Nevada,Male,Bachelor,539583.2,70051,68.0,0,Corporate Auto,Four-Door Car,42.08
VI14730,Oregon,Male,High School or Below,838263.01,19683,117.0,1,Personal Auto,Luxury,561.6
YR34119,Washington,Female,College,3116174.52,30916,112.0,0,Personal Auto,SUV,200.12
RR77985,Oregon,Female,Bachelor,288774.23,0,80.0,0,Personal Auto,Four-Door Car,676.94
QD28391,Washington,Male,College,742584.53,84302,62.0,0,Personal Auto,Four-Door Car,76.61
WV17090,California,Male,Bachelor,2558572.78,0,116.0,0,Corporate Auto,SUV,830.62
TM23514,Oregon,Male,College,1027260.82,60145,132.0,0,Personal Auto,SUV,580.47
MQ68407,Oregon,Female,Bachelor,437636.36,63774,111.0,0,Personal Auto,Four-Door Car,60.04
GJ59592,California,Female,Bachelor,531889.66,25134,67.0,0,Corporate Auto,Four-Door Car,321.6
FY56083,Oregon,Male,Bachelor,471976.22,37057,61.0,1,Personal Auto,Four-Door Car,47.53
UA94723,Oregon,Female,High School or Below,442803.16,58577,110.0,0,Personal Auto,SUV,303.87
FW91032,California,Male,High School or Below,587917.61,85857,73.0,0,Corporate Auto,Four-Door Car,100.62
DE34457,Oregon,Female,Doctor,941690.85,70602,116.0,0,Personal Auto,SUV,481.34
HD32044,Oregon,Female,Master,828815.56,33816,106.0,2,Corporate Auto,Four-Door Car,508.8
HH30454,Oregon,Male,Bachelor,3265483.83,0,153.0,0,Personal Auto,SUV,1101.6
AH84063,Oregon,Female,College,471945.01,89642,121.0,4,Corporate Auto,SUV,86.32
QA17596,California,Female,Bachelor,390347.48,60068,98.0,0,Personal Auto,Two-Door Car,470.4
XI41052,California,Female,Bachelor,545725.97,50044,139.0,0,Personal Auto,SUV,667.2
DI30528,California,Female,Master,272535.64,36650,69.0,1,Personal Auto,Four-Door Car,56.6
SC66359,Arizona,Female,College,443397.37,50653,110.0,0,Corporate Auto,SUV,262.87
EN61670,Arizona,Female,Doctor,533246.27,68931,66.0,0,Personal Auto,Four-Door Car,309.58
DQ10761,Oregon,Male,Bachelor,231509.5,0,73.0,1,Corporate Auto,Four-Door Car,350.4
BQ51587,California,Female,College,541195.37,0,73.0,0,Personal Auto,Four-Door Car,365.36
JE21522,California,Male,Bachelor,958733.23,39266,80.0,0,Personal Auto,Four-Door Car,384.0
WS47147,California,Male,College,2210350.72,0,102.0,0,Personal Auto,SUV,489.6
ZA64638,Nevada,Female,High School or Below,976494.53,0,98.0,1,Personal Auto,Four-Door Car,705.6
EW38459,Nevada,Female,Bachelor,256715.15,40864,65.0,0,Corporate Auto,Four-Door Car,9.52
QW87316,Oregon,Female,College,265062.28,39035,68.0,0,Personal Auto,Four-Door Car,244.56
IC43478,California,Male,Bachelor,1126436.33,34923,98.0,0,Personal Auto,Two-Door Car,639.11
TE34064,California,Male,High School or Below,216852.35,0,63.0,0,Personal Auto,Four-Door Car,453.6
WU60905,California,Female,High School or Below,861066.75,0,111.0,0,Corporate Auto,SUV,532.8
YM18992,California,Female,College,283464.62,24506,71.0,0,Personal Auto,Two-Door Car,511.2
PD55753,Oregon,Male,High School or Below,893013.97,0,82.0,0,Personal Auto,Four-Door Car,554.52
KU56006,Arizona,Female,College,553638.7,52220,70.0,1,Personal Auto,Four-Door Car,336.0
MJ69973,Arizona,Male,High School or Below,284085.43,0,74.0,0,Personal Auto,Two-Door Car,402.45
TW43626,California,Male,College,808288.1,53554,67.0,0,Personal Auto,Four-Door Car,327.02
XX84133,California,Male,Bachelor,525473.43,34476,67.0,1,Corporate Auto,Four-Door Car,5.4
ZW84453,Arizona,Female,Bachelor,511623.76,0,70.0,0,Personal Auto,Four-Door Car,131.4
HO29524,California,Male,College,303464.7,68205,76.0,0,Personal Auto,Two-Door Car,99.38
VE89726,California,Female,High School or Below,802489.99,0,119.0,1,Personal Auto,SUV,856.8
GE87503,California,Male,High School or Below,1821114.32,53690,154.0,0,Personal Auto,SUV,739.2
PX90263,Oregon,Male,High School or Below,512156.33,0,72.0,0,Personal Auto,Four-Door Car,518.4
NI17718,California,Female,High School or Below,215017.86,0,61.0,0,Personal Auto,Four-Door Car,292.8
FY32213,California,Female,High School or Below,559538.99,74454,71.0,0,Personal Auto,Four-Door Car,340.8
RZ13254,Nevada,Female,Bachelor,756282.4,0,73.0,0,Personal Auto,Four-Door Car,350.4
GN45013,Oregon,Male,High School or Below,538585.32,29664,71.0,0,Personal Auto,Four-Door Car,340.8
NM39588,Washington,Female,Doctor,267805.83,72450,66.0,0,Corporate Auto,Four-Door Car,84.22
KU84464,Nevada,Female,Bachelor,942256.79,47272,79.0,3,Personal Auto,Four-Door Car,64.55
YH43527,Oregon,Female,College,360586.03,21585,92.0,0,Corporate Auto,Four-Door Car,441.6
RO30676,California,Female,College,776259.06,23827,106.0,2,Personal Auto,Four-Door Car,37.91
QL59704,Arizona,Female,College,2344490.05,69906,74.0,2,Corporate Auto,Four-Door Car,202.86
QH19450,California,Female,High School or Below,255817.82,0,72.0,0,Corporate Auto,Four-Door Car,345.6
SA54664,Washington,Male,Master,265438.1,73196,66.0,1,Personal Auto,Four-Door Car,85.81
CI38330,Washington,Male,Bachelor,254978.61,72217,6464.0,0,Personal Auto,Four-Door Car,91.15
WB38524,California,Male,High School or Below,296959.33,46131,74.0,0,Personal Auto,Two-Door Car,355.2
CE56187,Oregon,Female,Master,436312.46,54514,109.0,3,Personal Auto,SUV,286.23
JL19416,California,Female,High School or Below,588430.86,0,161.0,0,Personal Auto,SUV,1159.2
JZ61422,Nevada,Female,College,527219.16,96668,66.0,0,Personal Auto,Four-Door Car,316.8
LA13377,California,Male,Doctor,550989.57,78879,69.0,1,Personal Auto,Four-Door Car,466.57
NC99948,Nevada,Male,College,1631368.35,0,69.0,0,Personal Auto,Four-Door Car,331.2
QD34785,Arizona,Female,Bachelor,567805.02,0,76.0,0,Personal Auto,Four-Door Car,364.8
RO26085,California,Female,Bachelor,1210120.88,0,112.0,0,Personal Auto,Luxury,1252.41
ES57969,Oregon,Male,Bachelor,245357.08,29735,69.0,0,Personal Auto,Four-Door Car,331.2
JK55587,California,Male,High School or Below,507566.27,23082,65.0,0,Special Auto,Four-Door Car,312.0
RN97635,Arizona,Male,Bachelor,321497.94,53984,80.0,0,Corporate Auto,Four-Door Car,421.48
BI76326,California,Female,College,1227534.31,52135,156.0,0,Personal Auto,SUV,430.51
JA34909,California,Female,College,272221.07,17576,71.0,0,Corporate Auto,Four-Door Car,398.5
OJ90342,Oregon,Female,Bachelor,245744.09,29486,62.0,0,Personal Auto,Four-Door Car,7.65
CM88932,Oregon,Female,Master,355484.53,58557,88.0,0,Corporate Auto,Four-Door Car,55.51
JJ97525,California,Male,Bachelor,492954.97,25632,63.0,0,Personal Auto,Two-Door Car,351.27
XV21647,California,Female,High School or Below,803645.03,0,112.0,0,Personal Auto,Luxury,806.4
MC83487,Arizona,Male,Bachelor,427691.53,18768,68.0,3,Corporate Auto,Four-Door Car,647.45
BL90769,California,Female,Bachelor,3347334.95,33190,106.0,0,Personal Auto,SUV,508.8
CR57148,Oregon,Female,Master,596058.14,47945,74.0,0,Personal Auto,Two-Door Car,128.44
CP85232,Arizona,Male,College,4479546.94,58778,126.0,0,Special Auto,SUV,302.03
YL74732,California,Female,High School or Below,383211.81,15192,100.0,0,Personal Auto,SUV,480.0
FG16766,California,Female,Bachelor,683793.26,51859,171.0,0,Personal Auto,SUV,1003.16
NV55438,Nevada,Female,High School or Below,528526.82,23422,72.0,0,Personal Auto,Two-Door Car,518.4
RM10880,California,Female,College,309651.12,21604,79.0,0,Corporate Auto,Four-Door Car,379.2
GL56175,Arizona,Male,College,358971.07,79298,90.0,0,Personal Auto,Four-Door Car,244.36
UK52289,Arizona,Female,Bachelor,258240.85,76731,64.0,0,Special Auto,Four-Door Car,201.46
OT85112,Washington,Male,College,340391.94,38460,88.0,1,Personal Auto,Four-Door Car,91.55
BC62782,Arizona,Female,College,1357567.6,48534,115.0,1,Personal Auto,SUV,552.0
TI19722,Washington,Male,Doctor,343613.43,30817,88.0,0,Corporate Auto,Four-Door Car,91.83
JP30654,Oregon,Female,College,2868582.79,48412,104.0,0,Personal Auto,SUV,707.43
UM45563,Washington,Male,Bachelor,450267.97,68798,114.0,0,Personal Auto,SUV,92.92
EN60878,Oregon,Male,Bachelor,618311.15,23712,85.0,0,Personal Auto,Four-Door Car,376.13
JF36291,California,Male,College,387364.7,28142,105.0,0,Personal Auto,Luxury,701.71
BK59444,California,Female,Master,1892933.06,72196,68.0,0,Personal Auto,Four-Door Car,152.18
MK70700,California,Male,Master,555329.58,68197,69.0,0,Personal Auto,Four-Door Car,176.82
IW71076,California,Male,Bachelor,501125.92,75248,63.0,0,Corporate Auto,Four-Door Car,104.45
AP98768,California,Female,College,1044244.63,0,98.0,0,Personal Auto,Four-Door Car,941.72
OM24164,Nevada,Male,Bachelor,219961.78,0,65.0,1,Personal Auto,Two-Door Car,468.0
HR85211,Washington,Female,Master,512317.09,89879,63.0,0,Personal Auto,Two-Door Car,94.03
VC87846,Oregon,Male,High School or Below,748431.05,46998,96.0,0,Corporate Auto,Four-Door Car,460.8
ZM92052,Oregon,Male,Bachelor,261302.31,57099,67.0,0,Personal Auto,Two-Door Car,67.86
ON73702,Arizona,Female,Bachelor,908063.97,33897,114.0,0,Corporate Auto,SUV,539.84
QQ90441,Nevada,Female,High School or Below,1377097.62,59207,116.0,0,Personal Auto,Four-Door Car,556.8
HU35721,Oregon,Male,High School or Below,287682.29,40171,73.0,0,Personal Auto,Four-Door Car,350.4
YP47665,Washington,Male,Doctor,540891.15,80192,67.0,0,Personal Auto,Four-Door Car,95.19
FU99476,Washington,Male,High School or Below,677030.68,74422,85.0,1,Personal Auto,Four-Door Car,95.34
AG85615,Oregon,Male,College,2414387.56,0,87.0,0,Special Auto,Four-Door Car,626.4
OY74069,Arizona,Female,College,353805.95,0,67.0,5,Personal Auto,Four-Door Car,321.6
DJ91267,Nevada,Female,Bachelor,2909123.94,34226,244.0,0,Personal Auto,Luxury,494.4
KB72438,California,Female,High School or Below,1983420.12,65989,123.0,1,Personal Auto,SUV,115.55
TR67616,Oregon,Male,High School or Below,473136.7,30686,61.0,0,Corporate Auto,Four-Door Car,19.94
GF65731,California,Female,Master,3553784.6,0,113.0,0,Personal Auto,Luxury,799.93
HB67642,Arizona,Female,High School or Below,3461137.9,20090,109.0,0,Personal Auto,Luxury,523.2
DP84567,California,Male,High School or Below,2021630.88,0,183.0,0,Personal Auto,Luxury,878.4
VV77534,Oregon,Male,College,1397651.93,77094,176.0,0,Personal Auto,SUV,444.47
GL67540,California,Female,College,590408.82,97413,73.0,0,Personal Auto,Four-Door Car,268.82
SV50502,Oregon,Female,Master,559583.5,79189,69.0,0,Corporate Auto,Four-Door Car,331.2
UK59698,California,Female,High School or Below,229430.36,0,62.0,0,Personal Auto,Two-Door Car,297.6
OA57352,Arizona,Female,College,627391.19,18577,86.0,0,Personal Auto,Four-Door Car,412.8
ZF84449,Oregon,Female,College,372672.8,0,112.0,1,Special Auto,Luxury,806.4
AX86150,Washington,Male,High School or Below,265671.31,62777,67.0,0,Personal Auto,Two-Door Car,101.29
HG39060,Oregon,Male,Bachelor,511068.08,0,74.0,0,Corporate Auto,Four-Door Car,532.8
EM29359,Nevada,Male,College,712659.65,17483,183.0,0,Personal Auto,Luxury,1317.6
SF57173,Oregon,Male,Master,460163.41,84394,114.0,0,Personal Auto,SUV,691.41
OT47603,Oregon,Male,College,915523.97,0,127.0,0,Personal Auto,Luxury,804.81
SW31412,Oregon,Female,College,1480805.62,41440,62.0,1,Personal Auto,Four-Door Car,297.6
JS36322,Arizona,Male,High School or Below,890167.84,0,136.0,1,Personal Auto,Luxury,1090.86
RE81445,Oregon,Female,College,573459.82,98132,71.0,0,Personal Auto,Two-Door Car,50.59
RM24280,Oregon,Female,High School or Below,417769.7,0,112.0,0,Personal Auto,Four-Door Car,537.6
LC25393,California,Male,Bachelor,2777628.91,88220,230.0,0,Personal Auto,Luxury,151.53
UX38930,Arizona,Female,Master,1036434.75,58327,129.0,0,Personal Auto,SUV,347.08
HD95496,Oregon,Male,Master,785190.14,25950,66.0,0,Personal Auto,Two-Door Car,271.7
RX24650,Oregon,Male,High School or Below,477294.38,20993,133.0,0,Corporate Auto,SUV,638.4
DW19309,Oregon,Male,High School or Below,1422650.49,65726,177.0,0,Corporate Auto,SUV,849.6
MT41386,Washington,Male,Bachelor,287543.24,84768,72.0,0,Personal Auto,Two-Door Car,110.48
WZ40465,Washington,Female,Bachelor,504129.96,36234,63.0,0,Personal Auto,Four-Door Car,113.53
DB42794,California,Male,College,436293.12,58842,110.0,0,Personal Auto,Four-Door Car,528.0
JB50798,Oregon,Female,Master,962452.44,25629,124.0,2,Corporate Auto,Luxury,595.2
IP69763,Washington,Female,College,2191440.55,77311,181.0,0,Personal Auto,SUV,113.61
TE35785,California,Male,Doctor,694842.22,0,196.0,2,Personal Auto,Luxury,1337.06
HX74855,Washington,Male,High School or Below,247152.84,95697,61.0,0,Personal Auto,Two-Door Car,114.27
QN65180,Oregon,Female,Bachelor,2190391.36,22254,79.0,0,Personal Auto,Four-Door Car,125.19
GE47180,Nevada,Male,High School or Below,902882.14,65974,113.0,0,Personal Auto,Luxury,235.22
VQ38776,Oregon,Female,College,530375.95,0,76.0,0,Personal Auto,Four-Door Car,395.34
BH86846,Washington,Male,High School or Below,2070825.88,92079,65.0,1,Corporate Auto,Four-Door Car,114.8
IN17648,Nevada,Male,High School or Below,512376.81,0,74.0,0,Personal Auto,Two-Door Car,772.8
DF95759,Oregon,Male,College,949234.3,0,132.0,0,Personal Auto,SUV,633.6
QG45324,Oregon,Female,High School or Below,820486.32,0,73.0,0,Personal Auto,Four-Door Car,350.4
MN61620,Arizona,Female,College,987729.57,67752,131.0,4,Personal Auto,Luxury,168.52
YH86390,California,Female,Bachelor,481500.97,25398,64.0,0,Corporate Auto,Four-Door Car,307.2
FY13480,California,Male,High School or Below,627701.17,0,88.0,0,Personal Auto,Four-Door Car,633.6
YH61661,California,Male,High School or Below,826063.98,33321,105.0,0,Special Auto,SUV,504.0
NL93182,Nevada,Male,Bachelor,254945.0,0,78.0,0,Corporate Auto,Four-Door Car,845.65
LN31673,Washington,Female,College,1131808.98,38923,99.0,2,Personal Auto,Four-Door Car,115.73
WE68644,Oregon,Female,Bachelor,380392.18,20325,100.0,0,Personal Auto,Luxury,668.29
EZ30498,Oregon,Male,Bachelor,863540.35,13129,117.0,0,Personal Auto,SUV,700.9
QY74517,Oregon,Female,High School or Below,551055.9,0,73.0,0,Personal Auto,Four-Door Car,525.6
NM88660,Nevada,Male,Master,358588.41,49080,91.0,0,Corporate Auto,Four-Door Car,25.3
MZ82036,Nevada,Male,College,488925.28,42536,63.0,0,Personal Auto,Four-Door Car,375.33
ID20929,Oregon,Male,Bachelor,275694.17,29926,74.0,0,Corporate Auto,Four-Door Car,418.23
EY50028,Nevada,Male,Doctor,328954.74,0,86.0,0,Corporate Auto,Two-Door Car,398.24
TT82373,California,Female,Bachelor,1093717.85,21450,138.0,0,Personal Auto,Luxury,938.51
OH64088,California,Male,High School or Below,737556.79,33345,65.0,0,Corporate Auto,Four-Door Car,338.62
SK97780,California,Female,Bachelor,1011077.82,15752,90.0,0,Corporate Auto,Two-Door Car,339.34
IO33050,Oregon,Female,High School or Below,511941.43,40169,65.0,1,Personal Auto,Four-Door Car,302.82
XA55917,California,Female,College,853383.2,26049,113.0,1,Personal Auto,SUV,619.17
JK32620,Nevada,Male,College,222476.8,0,68.0,0,Personal Auto,Four-Door Car,326.4
RQ19236,Arizona,Male,Doctor,804280.38,55411,100.0,0,Personal Auto,Luxury,259.56
QC47433,Oregon,Male,College,255443.71,12459,70.0,0,Personal Auto,Four-Door Car,336.0
RA93608,Oregon,Male,Bachelor,1807394.0,64620,76.0,1,Personal Auto,Two-Door Car,364.8
XH97711,California,Male,Bachelor,243050.66,83140,61.0,0,Corporate Auto,Four-Door Car,179.16
AU96286,Oregon,Female,Bachelor,316765.84,0,92.0,0,Corporate Auto,Four-Door Car,662.4
KC17170,Arizona,Female,Bachelor,546560.4,54422,68.0,0,Corporate Auto,Four-Door Car,75.5
ZN47335,California,Male,College,1035751.42,68309,131.0,0,Corporate Auto,SUV,306.98
EI46264,California,Male,High School or Below,253781.39,56621,65.0,2,Personal Auto,Four-Door Car,84.03
EK87864,Arizona,Female,College,282194.72,38977,70.0,0,Special Auto,Four-Door Car,139.49
GV45403,Arizona,Male,Bachelor,775712.81,0,111.0,0,Corporate Auto,Two-Door Car,607.45
QK31192,Arizona,Male,High School or Below,407913.27,0,114.0,0,Corporate Auto,Two-Door Car,631.12
LU89008,Arizona,Female,College,595554.46,0,83.0,0,Personal Auto,Four-Door Car,628.02
NS10490,Oregon,Female,Bachelor,1415861.36,83235,70.0,0,Personal Auto,Two-Door Car,336.0
KL98495,Nevada,Male,College,848723.8,0,74.0,0,Personal Auto,Two-Door Car,426.66
IU96845,Arizona,Male,College,628547.69,32390,80.0,0,Personal Auto,Four-Door Car,91.42
QL93655,Oregon,Female,High School or Below,1147348.15,66538,95.0,0,Personal Auto,Two-Door Car,317.84
PF40592,Washington,Female,College,494263.06,23285,65.0,0,Personal Auto,Two-Door Car,118.45
LZ34046,Oregon,Male,Bachelor,2359468.02,76358,66.0,0,Personal Auto,Four-Door Car,86.46
JC80093,Washington,Male,Master,257250.66,21104,66.0,0,Personal Auto,Four-Door Car,118.45
YE88490,Arizona,Female,College,538089.86,55350,67.0,0,Personal Auto,Four-Door Car,321.6
YC80498,California,Female,College,477055.09,12964,65.0,0,Personal Auto,Two-Door Car,362.77
AI85843,Arizona,Female,Master,675665.14,33288,86.0,2,Personal Auto,Four-Door Car,221.86
XD66024,Arizona,Female,College,593601.18,0,84.0,0,Personal Auto,Four-Door Car,980.17
FY51713,Arizona,Female,Bachelor,357076.05,56168,88.0,0,Personal Auto,Four-Door Car,614.68
PH26378,California,Male,College,601996.05,0,92.0,0,Personal Auto,Four-Door Car,662.4
WQ18638,Oregon,Male,High School or Below,542686.4,23105,69.0,0,Personal Auto,Two-Door Car,331.2
KY14688,Oregon,Female,Master,273031.38,36218,68.0,0,Personal Auto,Four-Door Car,145.25
TC97762,California,Female,High School or Below,498268.14,52275,62.0,0,Corporate Auto,Four-Door Car,374.24
QC87108,Oregon,Female,College,876926.68,49665,74.0,0,Personal Auto,Four-Door Car,355.2
CX12134,Nevada,Male,High School or Below,422061.35,32471,110.0,0,Personal Auto,Two-Door Car,528.0
SM73248,Arizona,Male,High School or Below,1153750.51,0,86.0,1,Corporate Auto,Two-Door Car,619.2
CK19789,California,Female,Master,588718.2,62773,73.0,0,Personal Auto,Four-Door Car,80.67
UV12583,California,Female,College,470058.38,76694,117.0,0,Personal Auto,SUV,561.6
JC11405,Oregon,Male,High School or Below,1096395.72,55687,276.0,0,Personal Auto,Luxury,1324.8
KA89683,Arizona,Female,High School or Below,252317.12,0,70.0,0,Personal Auto,Four-Door Car,504.0
BG85305,Nevada,Male,Doctor,375780.47,36633,96.0,1,Personal Auto,Four-Door Car,460.8
UQ87917,Oregon,Male,High School or Below,1294173.35,77060,106.0,0,Personal Auto,SUV,468.57
XN11823,Nevada,Female,Bachelor,376446.51,92600,94.0,0,Corporate Auto,Two-Door Car,842.44
OS46571,California,Male,High School or Below,688955.7,0,66.0,0,Personal Auto,Four-Door Car,475.2
PX17116,Nevada,Male,College,362345.42,0,111.0,2,Corporate Auto,SUV,1171.93
RP19541,Arizona,Male,College,758211.38,64801,64.0,0,Personal Auto,Four-Door Car,268.47
ZR25747,Oregon,Female,College,827774.56,45257,103.0,0,Corporate Auto,Two-Door Car,494.4
NQ86532,California,Male,High School or Below,257645.56,26854,66.0,0,Personal Auto,Four-Door Car,475.2
JY27336,Oregon,Female,College,820538.79,85840,102.0,2,Corporate Auto,SUV,138.72
PB54378,Oregon,Female,Doctor,1958246.89,26463,72.0,0,Corporate Auto,Four-Door Car,345.6
SV38190,Nevada,Female,Bachelor,648152.66,30689,81.0,0,Personal Auto,Four-Door Car,467.25
CV24005,Oregon,Male,High School or Below,259931.09,29590,66.0,0,Corporate Auto,Two-Door Car,467.5
EX28656,Oregon,Female,College,983033.76,25965,253.0,0,Personal Auto,Luxury,1214.4
CF57022,Oregon,Male,Bachelor,1044265.14,17269,139.0,0,Personal Auto,SUV,667.2
GM16780,Oregon,Male,College,3605753.7,90330,137.0,3,Corporate Auto,Luxury,192.09
BX94438,California,Female,High School or Below,847003.68,0,113.0,0,Corporate Auto,SUV,619.97
RM41745,California,Female,High School or Below,827878.65,0,110.0,0,Personal Auto,Four-Door Car,1002.78
XR70252,California,Female,High School or Below,478893.26,0,67.0,1,Personal Auto,Two-Door Car,321.6
YH92099,Arizona,Female,Bachelor,308799.99,18558,80.0,0,Special Auto,Four-Door Car,384.0
SG81493,Arizona,Male,Bachelor,444373.62,46384,113.0,0,Corporate Auto,Four-Door Car,251.77
ZX23819,Oregon,Female,High School or Below,798408.65,0,72.0,0,Personal Auto,Two-Door Car,866.21
FJ54907,Oregon,Female,College,718097.1,42303,180.0,0,Personal Auto,Luxury,1210.92
CU26127,California,Female,Bachelor,1565603.43,71731,130.0,0,Corporate Auto,SUV,599.65
YH60476,Oregon,Male,High School or Below,578018.22,51066,74.0,0,Corporate Auto,Four-Door Car,787.99
ZZ97035,California,Male,College,2071494.04,0,203.0,0,Corporate Auto,Luxury,2027.72
GE82737,Nevada,Female,Bachelor,533735.24,0,86.0,3,Personal Auto,Four-Door Car,619.2
KY21873,Arizona,Male,College,505082.62,0,69.0,0,Personal Auto,Two-Door Car,72.85
UA51318,Arizona,Female,High School or Below,511662.4,26173,68.0,1,Corporate Auto,Four-Door Car,449.82
BV55014,Oregon,Male,Bachelor,726873.7,24445,63.0,0,Personal Auto,Two-Door Car,302.4
HX21307,Oregon,Male,College,261661.39,72302,66.0,0,Personal Auto,Two-Door Car,316.8
LQ68252,Oregon,Male,High School or Below,373843.62,27208,102.0,0,Personal Auto,SUV,489.6
CR92802,California,Female,Master,272535.64,36650,69.0,1,Special Auto,Four-Door Car,56.6
SL35268,Arizona,Male,College,545386.12,30855,68.0,0,Corporate Auto,Four-Door Car,259.06
RD62882,Arizona,Female,Bachelor,684615.03,0,95.0,0,Personal Auto,Two-Door Car,456.0
JS42382,Oregon,Male,Master,617291.42,99960,76.0,0,Corporate Auto,Four-Door Car,364.8
BT30554,Arizona,Female,Bachelor,1034632.45,0,98.0,0,Personal Auto,Four-Door Car,470.4
VP57424,Nevada,Female,Bachelor,699700.86,55873,88.0,0,Personal Auto,Four-Door Car,299.36
VU19243,Arizona,Female,High School or Below,419625.77,18052,111.0,0,Personal Auto,Four-Door Car,699.17
TA82973,Oregon,Female,High School or Below,785810.98,28937,104.0,2,Personal Auto,SUV,117.96
GK71720,Oregon,Female,High School or Below,606434.4,0,86.0,0,Personal Auto,Four-Door Car,545.24
OQ61223,California,Male,College,1749752.2,0,73.0,0,Personal Auto,Two-Door Car,350.4
LL62746,Oregon,Male,Doctor,897064.73,12829,118.0,0,Personal Auto,SUV,328.23
JQ56711,Oregon,Female,Master,592311.72,92163,73.0,0,Personal Auto,Two-Door Car,66.57
AW77988,Oregon,Male,High School or Below,3585059.94,17588,192.0,0,Personal Auto,Luxury,1382.4
QP84605,Washington,Female,Bachelor,870984.53,41546,111.0,0,Corporate Auto,Four-Door Car,121.31
MY97912,Arizona,Male,College,1330933.52,0,127.0,0,Personal Auto,SUV,609.6
IB87349,California,Male,High School or Below,452850.49,70340,113.0,0,Special Auto,Four-Door Car,542.4
AW73065,Oregon,Female,High School or Below,279190.65,0,74.0,0,Personal Auto,Four-Door Car,532.8
BW80872,Washington,Male,High School or Below,443441.12,34549,111.0,0,Personal Auto,Four-Door Car,125.93
PX70175,Arizona,Male,College,799600.75,93459,99.0,0,Personal Auto,Four-Door Car,655.41
KF75098,Arizona,Male,Bachelor,512973.9,86148,65.0,2,Personal Auto,Four-Door Car,312.0
IS50283,California,Female,Bachelor,569717.52,27048,72.0,0,Corporate Auto,Four-Door Car,345.6
MY64920,Oregon,Female,College,921713.06,73259,115.0,0,Personal Auto,SUV,673.34
KN34250,Oregon,Female,College,1020892.76,35482,129.0,0,Corporate Auto,SUV,619.2
GN46207,Oregon,Female,Master,417068.73,29462,107.0,1,Personal Auto,SUV,513.6
KL57176,Oregon,Female,College,450540.58,67801,115.0,1,Personal Auto,SUV,23.81
MN94234,California,Male,High School or Below,310756.86,0,94.0,4,Personal Auto,Two-Door Car,451.2
JY90595,Arizona,Male,High School or Below,552866.5,16042,73.0,0,Personal Auto,Two-Door Car,350.4
HK26543,California,Male,High School or Below,504586.67,28056,64.0,1,Personal Auto,Four-Door Car,307.2
PN86062,California,Male,High School or Below,296272.25,16495,85.0,3,Corporate Auto,Four-Door Car,408.0
VW27730,California,Female,Master,866595.64,41163,108.0,0,Corporate Auto,SUV,231.92
SH55671,Arizona,Female,College,1141344.12,0,161.0,1,Personal Auto,Luxury,772.8
MO56878,California,Male,Bachelor,1548843.2,33799,109.0,3,Corporate Auto,SUV,664.98
VO38365,Washington,Female,College,886114.95,90125,110.0,0,Corporate Auto,SUV,128.65
SV35618,Oregon,Female,Bachelor,593474.15,87747,147.0,1,Personal Auto,SUV,46.49
RX12347,Nevada,Male,College,354323.21,35695,90.0,0,Personal Auto,Four-Door Car,432.0
FR55658,California,Male,Master,349002.83,90985,87.0,0,Personal Auto,Four-Door Car,78.09
XS12556,California,Female,College,368309.99,0,101.0,0,Corporate Auto,Luxury,564.47
ZU73588,California,Male,College,598977.39,66839,154.0,0,Personal Auto,Luxury,739.2
WT43034,California,Female,High School or Below,1250084.3,0,165.0,0,Personal Auto,SUV,792.0
VM13430,Oregon,Female,Bachelor,860915.82,79090,107.0,0,Corporate Auto,SUV,289.04
TC78849,Oregon,Male,Bachelor,249745.51,24825,64.0,0,Personal Auto,Two-Door Car,155.94
VC34764,California,Male,College,701917.72,26806,63.0,0,Personal Auto,Four-Door Car,302.4
WO90953,Oregon,Female,College,538792.63,56835,67.0,0,Personal Auto,Two-Door Car,326.55
IU47468,Oregon,Female,Bachelor,616555.75,0,88.0,0,Special Auto,Two-Door Car,653.66
KO46064,California,Male,Bachelor,273020.29,46135,69.0,0,Personal Auto,Four-Door Car,103.94
RB34917,Arizona,Female,Bachelor,516211.69,0,73.0,0,Personal Auto,Four-Door Car,809.53
BI38192,Oregon,Female,High School or Below,793706.48,22862,67.0,0,Personal Auto,Two-Door Car,321.6
PU18983,Oregon,Female,High School or Below,860815.72,21450,110.0,2,Personal Auto,Luxury,528.0
SW79912,Oregon,Male,Bachelor,263254.58,95854,65.0,0,Personal Auto,Two-Door Car,312.0
ES39217,Oregon,Female,Bachelor,778500.42,44897,99.0,1,Personal Auto,Four-Door Car,580.73
KP72427,Washington,Male,High School or Below,2163983.86,64455,108.0,0,Personal Auto,SUV,133.74
UA19178,Oregon,Female,Master,498082.5,53265,62.0,0,Personal Auto,Four-Door Car,238.01
PR53785,Arizona,Female,High School or Below,745723.78,0,198.0,1,Personal Auto,Luxury,1577.67
XF57481,Washington,Male,Master,1064093.93,50450,90.0,0,Personal Auto,Two-Door Car,135.89
CN90378,California,Female,High School or Below,686250.83,54780,88.0,3,Personal Auto,Four-Door Car,135.26
KI56154,Nevada,Male,High School or Below,904898.34,0,119.0,0,Personal Auto,Luxury,571.2
UI55951,California,Male,Bachelor,554803.19,67798,69.0,0,Personal Auto,Four-Door Car,331.2
FF28650,Oregon,Male,Bachelor,831268.16,21442,118.0,0,Personal Auto,SUV,566.4
FS55302,California,Male,Bachelor,238998.1,27615,62.0,1,Personal Auto,Four-Door Car,297.6
TN79487,California,Male,Bachelor,445811.34,17622,65.0,1,Personal Auto,Four-Door Car,312.0
HG32616,Nevada,Male,High School or Below,529574.17,50200,135.0,0,Personal Auto,Luxury,637.06
UK41984,Arizona,Female,Doctor,383960.61,0,112.0,2,Personal Auto,SUV,537.6
LZ52266,California,Female,High School or Below,373150.46,0,96.0,0,Personal Auto,Four-Door Car,460.8
PM27367,California,Female,Master,277890.37,73570,70.0,1,Special Auto,Two-Door Car,75.94
ZK21724,Oregon,Female,High School or Below,401654.2,0,111.0,0,Personal Auto,SUV,799.2
BH35482,Washington,Male,Doctor,493094.93,70412,61.0,0,Corporate Auto,Two-Door Car,136.29
QE22757,Nevada,Male,Doctor,249131.7,36631,62.0,0,Personal Auto,Four-Door Car,67.53
ON77649,Oregon,Female,College,290887.59,35895,73.0,0,Personal Auto,Four-Door Car,312.92
RN82884,Arizona,Female,College,428294.8,40864,109.0,1,Personal Auto,SUV,166.94
CQ75652,Oregon,Male,College,834162.37,0,118.0,0,Personal Auto,Four-Door Car,566.4
FF58467,Arizona,Female,Master,509078.13,93018,63.0,0,Personal Auto,Four-Door Car,135.38
BS83666,Oregon,Male,Bachelor,736618.83,70014,62.0,0,Corporate Auto,Four-Door Car,17.74
WO29605,Oregon,Female,College,243687.51,48875,61.0,0,Personal Auto,Two-Door Car,1.84
TL77607,California,Male,Bachelor,885268.87,67969,74.0,0,Personal Auto,Four-Door Car,197.78
EZ50606,Oregon,Female,High School or Below,2387547.68,0,108.0,0,Corporate Auto,SUV,612.1
OS39723,Oregon,Female,Doctor,560049.65,68665,69.0,0,Personal Auto,Two-Door Car,331.2
FN69743,California,Male,College,463654.65,26802,66.0,1,Corporate Auto,Two-Door Car,316.8
XW96958,Nevada,Male,High School or Below,757334.51,0,110.0,0,Corporate Auto,Four-Door Car,1193.04
TU92578,California,Male,College,1469663.55,45345,125.0,0,Personal Auto,SUV,600.0
TL43709,Washington,Male,Bachelor,897214.03,89689,74.0,0,Personal Auto,Four-Door Car,136.83
YE68736,California,Female,Bachelor,772484.01,32051,193.0,1,Personal Auto,SUV,926.4
OB96537,Oregon,Male,Master,594667.07,81139,74.0,0,Special Auto,Four-Door Car,392.64
EU68825,Oregon,Female,Master,800054.51,63834,100.0,1,Personal Auto,Luxury,215.23
CC31456,Arizona,Male,Bachelor,645756.1,37548,81.0,0,Special Auto,Four-Door Car,160.6
DJ77787,Arizona,Female,High School or Below,728144.01,0,69.0,3,Personal Auto,Four-Door Car,371.8
LN26837,California,Male,High School or Below,259243.78,72421,65.0,0,Personal Auto,Four-Door Car,312.0
YI92916,Nevada,Male,Master,467842.34,83102,116.0,0,Corporate Auto,Four-Door Car,443.67
NW54906,Oregon,Male,College,1386992.71,28432,118.0,0,Personal Auto,SUV,612.3
ME77513,Nevada,Female,Master,871777.78,83707,108.0,0,Corporate Auto,Four-Door Car,290.39
UK76891,California,Female,College,523398.68,63259,65.0,0,Corporate Auto,Four-Door Car,316.8
SI26888,Nevada,Female,High School or Below,476418.97,0,67.0,0,Personal Auto,Four-Door Car,405.53
YD74948,Oregon,Female,College,247246.92,63860,62.0,0,Personal Auto,Four-Door Car,208.6
HB64268,Washington,Male,Bachelor,281369.26,43836,73.0,0,Personal Auto,Four-Door Car,138.13
BW52697,California,Female,College,550505.7,86132,68.0,0,Personal Auto,Two-Door Car,301.44
NL41409,Oregon,Female,Bachelor,260620.85,28519,66.0,0,Personal Auto,Two-Door Car,456.47
OD69005,Arizona,Female,High School or Below,1048194.38,39102,88.0,0,Personal Auto,Four-Door Car,152.34
ZZ91716,California,Female,Bachelor,325676.64,0,89.0,0,Personal Auto,Four-Door Car,491.76
UK70255,California,Female,College,3047578.05,97298,128.0,0,Personal Auto,Luxury,48.52
QT25383,Nevada,Male,High School or Below,636490.22,41986,84.0,2,Personal Auto,Two-Door Car,430.38
AW18068,Arizona,Male,High School or Below,946850.93,0,88.0,0,Personal Auto,Two-Door Car,633.6
NS45347,Oregon,Female,College,563145.19,17291,73.0,0,Personal Auto,Four-Door Car,350.4
FV19421,California,Male,Bachelor,778099.93,0,74.0,0,Personal Auto,Four-Door Car,246.49
XW89091,California,Male,College,981652.83,37256,62.0,0,Personal Auto,Four-Door Car,128.97
YC11951,Oregon,Male,High School or Below,751913.36,96306,95.0,1,Corporate Auto,Four-Door Car,185.36
UY18770,California,Female,Bachelor,1017971.7,14290,271.0,0,Personal Auto,Luxury,1300.8
RA49085,California,Female,College,277283.92,37038,71.0,1,Corporate Auto,Four-Door Car,9.07
BG84194,Oregon,Male,College,403750.18,90760,103.0,2,Special Auto,SUV,133.48
PT64580,Washington,Male,Master,419196.61,77048,103.0,0,Personal Auto,SUV,141.2
MR67738,Oregon,Female,High School or Below,267686.79,54480,67.0,0,Personal Auto,Four-Door Car,321.6
DM95829,California,Male,College,252395.96,16244,68.0,0,Personal Auto,Two-Door Car,623.22
DB75522,California,Female,College,698840.16,22436,89.0,0,Special Auto,Four-Door Car,427.2
LM34525,Washington,Female,College,874205.78,71592,72.0,0,Personal Auto,Four-Door Car,141.73
WW30771,Arizona,Male,Master,267331.96,28728,67.0,0,Personal Auto,Four-Door Car,321.6
QP65569,Arizona,Male,High School or Below,1215732.99,57449,103.0,0,Personal Auto,Four-Door Car,494.4
TN50051,California,Female,Doctor,295776.4,83318,73.0,0,Personal Auto,Two-Door Car,211.34
UO86707,Washington,Male,Bachelor,717390.94,75217,61.0,1,Personal Auto,Four-Door Car,147.08
JA41698,Nevada,Male,Bachelor,309953.8,0,102.0,5,Corporate Auto,SUV,862.76
NX18774,Oregon,Male,Bachelor,841568.46,55308,107.0,0,Corporate Auto,SUV,513.6
DA69469,Oregon,Female,College,2684312.45,36068,97.0,0,Personal Auto,Two-Door Car,113.37
CN23147,Oregon,Male,Bachelor,1305717.07,48804,112.0,1,Corporate Auto,Four-Door Car,537.6
RA68844,Oregon,Male,College,959995.02,0,131.0,0,Personal Auto,SUV,943.2
GH42026,Oregon,Male,Bachelor,853510.89,55790,111.0,0,Personal Auto,SUV,117.67
BD16530,Arizona,Female,Bachelor,829348.19,70258,69.0,0,Personal Auto,Four-Door Car,225.15
JH91579,Oregon,Female,Bachelor,684615.03,0,95.0,0,Personal Auto,Two-Door Car,456.0
WK23685,Oregon,Female,Bachelor,663685.98,47274,83.0,1,Corporate Auto,Four-Door Car,182.43
GR62267,Washington,Female,College,560908.25,44705,71.0,0,Personal Auto,Two-Door Car,148.17
PI78084,Arizona,Male,High School or Below,507732.09,0,73.0,0,Personal Auto,Two-Door Car,525.6
GF97874,Washington,Female,Master,527562.7,70446,65.0,0,Personal Auto,Four-Door Car,155.57
ZH19885,Washington,Female,High School or Below,251459.2,43860,65.0,0,Personal Auto,Four-Door Car,156.12
UK25655,Oregon,Female,Bachelor,343525.01,64348,86.0,0,Personal Auto,Two-Door Car,212.39
QR45101,Oregon,Male,Bachelor,662461.18,0,62.0,0,Corporate Auto,Two-Door Car,297.6
EL93539,California,Male,Master,575744.23,88997,72.0,0,Special Auto,Four-Door Car,174.04
EE99484,Washington,Female,High School or Below,251459.2,43860,65.0,0,Corporate Auto,Four-Door Car,156.12
DP46882,California,Female,High School or Below,288645.16,10312,78.0,0,Corporate Auto,Four-Door Car,486.28
WP41146,California,Female,High School or Below,534143.88,0,72.0,1,Personal Auto,Four-Door Car,345.6
TK60799,Arizona,Female,High School or Below,416001.81,96263,103.0,0,Personal Auto,SUV,1.92
DN29808,California,Female,College,284624.54,28919,72.0,0,Corporate Auto,Four-Door Car,518.4
SS59521,Oregon,Female,College,477025.66,0,68.0,1,Personal Auto,Two-Door Car,326.4
NG66579,Oregon,Male,Bachelor,505961.62,41869,64.0,0,Personal Auto,Two-Door Car,262.12
TC14209,Arizona,Female,High School or Below,909574.46,0,128.0,0,Personal Auto,SUV,921.6
ED50963,California,Female,High School or Below,268886.4,32808,68.0,1,Personal Auto,Four-Door Car,541.7
GP40701,California,Female,Bachelor,827763.76,79780,68.0,0,Personal Auto,Four-Door Car,326.4
CP98451,Oregon,Female,College,905793.53,91025,112.0,0,Personal Auto,SUV,327.68
NX52648,California,Female,High School or Below,380175.04,33043,95.0,0,Personal Auto,Two-Door Car,456.0
ZC32510,Arizona,Male,High School or Below,933934.16,69442,118.0,3,Personal Auto,Four-Door Car,1265.57
NG27780,Oregon,Male,College,252012.32,0,70.0,0,Corporate Auto,Four-Door Car,63.04
HN95240,Arizona,Female,College,498409.53,0,70.0,0,Corporate Auto,Four-Door Car,336.0
EB59129,Oregon,Female,Bachelor,259574.8,47234,65.0,0,Personal Auto,Four-Door Car,15.63
RA70851,Oregon,Male,High School or Below,743769.33,86863,92.0,0,Personal Auto,Four-Door Car,441.6
PM19162,Oregon,Male,Bachelor,1453678.76,25805,66.0,2,Personal Auto,Four-Door Car,375.87
MS59005,Nevada,Male,Bachelor,591330.59,43676,76.0,0,Personal Auto,Four-Door Car,364.8
SU71163,Arizona,Male,College,277166.3,59855,74.0,4,Personal Auto,Two-Door Car,355.2
BD35676,Arizona,Male,Master,2919436.64,35296,126.0,0,Personal Auto,SUV,452.62
NI44621,Oregon,Female,Master,988038.58,36576,125.0,1,Personal Auto,SUV,113.45
EW33419,California,Female,High School or Below,1511440.24,28513,100.0,1,Corporate Auto,SUV,480.0
HX44948,Oregon,Male,Bachelor,575991.08,85448,72.0,0,Special Auto,Four-Door Car,16.03
DL36983,Oregon,Female,High School or Below,849516.42,23791,110.0,3,Personal Auto,Two-Door Car,615.27
XR87264,California,Female,Bachelor,438118.42,20597,112.0,0,Personal Auto,Four-Door Car,615.26
NN99001,Arizona,Female,College,699782.74,56940,87.0,0,Personal Auto,Four-Door Car,512.66
XV95530,Oregon,Male,Bachelor,1143058.85,93210,71.0,0,Personal Auto,Two-Door Car,74.52
OL97871,Oregon,Female,Bachelor,748248.61,48992,94.0,1,Personal Auto,Four-Door Car,426.07
HQ23708,Arizona,Female,Master,859691.66,53736,71.0,0,Personal Auto,Two-Door Car,169.29
WR63188,Arizona,Male,College,785496.08,25378,66.0,1,Personal Auto,Four-Door Car,419.46
NG82219,Oregon,Female,Bachelor,258240.85,76731,64.0,0,Personal Auto,Four-Door Car,201.46
KU29408,Washington,Male,Master,907576.82,37722,116.0,0,Corporate Auto,Luxury,158.08
RE46783,California,Female,Bachelor,411858.86,69379,103.0,0,Personal Auto,Two-Door Car,494.4
RU94434,Oregon,Male,High School or Below,1215732.99,57449,103.0,0,Personal Auto,Four-Door Car,494.4
GI82355,Arizona,Male,Bachelor,515281.96,0,68.0,0,Corporate Auto,Four-Door Car,326.4
VO26340,Nevada,Male,College,651297.65,0,93.0,0,Personal Auto,Two-Door Car,669.6
NV61299,Arizona,Female,Bachelor,2778969.24,33806,89.0,0,Corporate Auto,Four-Door Car,395.73
DX31066,Washington,Female,College,266727.0,94041,66.0,0,Personal Auto,Four-Door Car,159.76
CY50337,Oregon,Female,College,1092840.71,74965,90.0,0,Personal Auto,Four-Door Car,58.56
TJ20375,Arizona,Female,High School or Below,761538.13,34095,63.0,0,Personal Auto,Two-Door Car,302.4
EP72155,California,Female,College,200435.07,0,66.0,4,Personal Auto,Four-Door Car,316.8
JJ76159,California,Male,College,243468.12,96045,61.0,0,Corporate Auto,Four-Door Car,8.58
BG15419,Nevada,Female,Bachelor,1419536.03,86355,118.0,0,Personal Auto,Luxury,285.42
AO74776,California,Female,High School or Below,942768.49,27824,118.0,0,Personal Auto,SUV,566.4
HQ82233,California,Male,High School or Below,1198242.09,42995,101.0,0,Personal Auto,SUV,410.51
OL72737,Oregon,Female,High School or Below,310278.95,21235,79.0,0,Personal Auto,Two-Door Car,244.23
ZQ59828,California,Male,High School or Below,422263.12,74585,106.0,0,Personal Auto,SUV,218.6
NZ15548,Oregon,Male,Bachelor,402381.44,41833,103.0,0,Personal Auto,Four-Door Car,643.83
XK61304,California,Female,College,529715.18,23908,70.0,0,Personal Auto,Four-Door Car,336.0
EJ44139,Oregon,Male,Bachelor,2142363.72,0,65.0,0,Personal Auto,Two-Door Car,312.0
CM94425,Arizona,Male,Bachelor,441620.62,61953,113.0,0,Personal Auto,SUV,497.05
OV54878,California,Male,Bachelor,463903.52,0,142.0,0,Corporate Auto,SUV,1022.4
JF57282,Nevada,Male,Bachelor,486354.46,0,137.0,0,Personal Auto,SUV,657.6
MY37953,Arizona,Female,Bachelor,2583090.98,73760,107.0,1,Personal Auto,Luxury,230.25
XP64922,Oregon,Female,College,297431.49,23333,74.0,0,Corporate Auto,Four-Door Car,5.62
WL65572,California,Male,College,206445.88,0,61.0,0,Personal Auto,Four-Door Car,292.8
LN50325,Arizona,Female,High School or Below,1006460.83,20440,128.0,2,Corporate Auto,Luxury,614.4
HJ15383,Washington,Male,Master,803240.19,27658,68.0,0,Personal Auto,Four-Door Car,160.08
KH59823,California,Male,College,548921.41,50943,139.0,0,Special Auto,SUV,667.2
YM79169,California,Male,Bachelor,261275.67,19003,71.0,0,Personal Auto,Two-Door Car,34.65
DR38127,California,Male,College,857346.39,46703,108.0,0,Personal Auto,Four-Door Car,678.1
PU42145,California,Male,Bachelor,2412750.4,14072,71.0,0,Personal Auto,Four-Door Car,511.2
KM33477,Oregon,Male,College,855038.66,21733,73.0,0,Corporate Auto,Four-Door Car,525.6
RI53167,Arizona,Male,Bachelor,230864.8,20811,61.0,0,Personal Auto,Four-Door Car,292.8
OF77789,Arizona,Female,High School or Below,425462.07,11904,61.0,2,Personal Auto,Two-Door Car,292.8
YB33445,Oregon,Female,College,898285.04,43490,114.0,4,Corporate Auto,SUV,174.59
BA17836,California,Male,High School or Below,786816.6,57340,67.0,0,Corporate Auto,Four-Door Car,159.39
JS43228,California,Male,College,770424.87,49088,97.0,0,Corporate Auto,Four-Door Car,698.4
BB11622,Nevada,Male,Master,1055217.0,47761,131.0,0,Personal Auto,SUV,232.71
HQ70429,Washington,Female,College,1604510.95,0,65.0,0,Personal Auto,Two-Door Car,163.05
WK88044,Arizona,Male,Bachelor,873783.75,61281,110.0,0,Personal Auto,SUV,79.87
LA80525,Nevada,Male,Bachelor,545489.07,0,82.0,1,Corporate Auto,Two-Door Car,393.6
EH16250,Arizona,Male,Bachelor,770528.33,25290,66.0,0,Personal Auto,Four-Door Car,382.09
PU41872,Arizona,Female,High School or Below,703926.24,24239,88.0,0,Personal Auto,Four-Door Car,48.35
HB85743,California,Male,Bachelor,883808.56,82664,114.0,3,Personal Auto,SUV,133.43
MM71959,Arizona,Male,Bachelor,873352.73,83210,110.0,0,Personal Auto,Luxury,528.0
MB83663,Oregon,Female,Bachelor,959747.48,38736,81.0,0,Personal Auto,Two-Door Car,561.41
KR43119,California,Male,College,450666.02,0,66.0,0,Personal Auto,Four-Door Car,316.8
KH24214,Oregon,Male,College,1785797.23,55437,64.0,1,Personal Auto,Four-Door Car,445.29
AC40767,Washington,Male,Bachelor,249780.82,68041,6464.0,0,Personal Auto,Two-Door Car,165.57
HP55391,Oregon,Male,Master,542613.62,0,71.0,0,Corporate Auto,Four-Door Car,408.0
EG62398,California,Female,High School or Below,799814.38,29066,100.0,0,Personal Auto,SUV,844.23
VS19949,Nevada,Male,Bachelor,289762.07,54337,72.0,0,Personal Auto,Four-Door Car,345.6
AM92343,Oregon,Female,High School or Below,1159950.22,67616,96.0,0,Personal Auto,Four-Door Car,340.31
GI68556,California,Female,Bachelor,1514793.06,41082,63.0,0,Personal Auto,Two-Door Car,106.65
JT11876,Washington,Female,High School or Below,543576.78,0,10202.0,0,Personal Auto,Four-Door Car,626.12
XR64251,Nevada,Female,Master,272535.64,36650,69.0,1,Personal Auto,Four-Door Car,56.6
MK34957,Oregon,Female,College,1329771.23,50631,112.0,4,Special Auto,SUV,784.66
GP18756,California,Male,College,992704.97,19592,92.0,0,Personal Auto,Four-Door Car,441.6
AP23850,Washington,Female,High School or Below,1777154.9,0,114.0,0,Personal Auto,Two-Door Car,547.2
KQ65521,Arizona,Female,College,1826927.02,55761,115.0,0,Personal Auto,Luxury,86.28
EJ19449,California,Female,College,272221.07,17576,71.0,0,Special Auto,Four-Door Car,398.5
QB70027,California,Female,Bachelor,708321.24,41449,89.0,0,Personal Auto,Four-Door Car,63.52
QW47320,California,Female,Bachelor,1017971.7,14290,271.0,0,Personal Auto,Luxury,1300.8
KH64733,Nevada,Female,College,588950.91,62007,73.0,0,Personal Auto,Four-Door Car,120.02
ON59472,Arizona,Male,High School or Below,1577139.34,21921,206.0,0,Corporate Auto,Luxury,1254.14
HP94242,Arizona,Female,Bachelor,528817.33,42621,66.0,0,Personal Auto,Four-Door Car,316.8
RV15398,Oregon,Male,College,2758055.4,0,87.0,1,Personal Auto,Four-Door Car,417.6
EA25683,Washington,Male,High School or Below,777853.23,63786,196.0,0,Corporate Auto,Luxury,798.0
PW73754,California,Female,High School or Below,734186.13,0,104.0,3,Personal Auto,Luxury,82.04
MC71942,California,Female,High School or Below,791919.7,82877,99.0,1,Personal Auto,Two-Door Car,22.82
OX72195,Arizona,Male,College,216387.02,0,63.0,0,Corporate Auto,Two-Door Car,302.4
YQ99152,Nevada,Male,High School or Below,978780.88,10475,88.0,1,Personal Auto,Two-Door Car,422.4
KI19439,Oregon,Female,High School or Below,520764.08,21952,66.0,0,Personal Auto,Four-Door Car,316.8
PM76175,Oregon,Female,Bachelor,2114727.72,49721,132.0,0,Corporate Auto,Luxury,639.97
US45383,California,Male,College,1228076.66,88340,102.0,0,Personal Auto,Two-Door Car,489.6
GT38956,California,Female,College,244139.42,0,65.0,0,Personal Auto,Four-Door Car,312.0
SN41301,Oregon,Male,Bachelor,653556.06,0,65.0,0,Corporate Auto,Four-Door Car,468.0
BE62503,Washington,Female,College,920659.83,24589,82.0,0,Personal Auto,Two-Door Car,511.5
PA16884,California,Female,Bachelor,411858.86,69379,103.0,0,Personal Auto,Two-Door Car,494.4
NC58480,Nevada,Female,Bachelor,483820.9,73769,61.0,2,Personal Auto,Four-Door Car,239.54
NS39326,California,Female,College,462554.81,66670,114.0,0,Personal Auto,SUV,518.18
PN18507,Arizona,Male,Bachelor,1404210.3,88854,118.0,0,Personal Auto,Two-Door Car,715.25
EK91340,Oregon,Male,Bachelor,754661.35,31266,193.0,0,Corporate Auto,Luxury,926.4
JY16280,California,Female,High School or Below,251459.2,43860,65.0,0,Personal Auto,Four-Door Car,156.12
ZW71731,California,Male,Bachelor,517035.84,89284,133.0,2,Corporate Auto,SUV,402.07
ZC24631,Oregon,Male,College,1391737.72,67267,89.0,0,Corporate Auto,Four-Door Car,94.81
YR34689,California,Female,High School or Below,1131813.08,79270,95.0,3,Personal Auto,Four-Door Car,456.0
RT65829,Oregon,Male,Bachelor,427636.36,36692,109.0,1,Personal Auto,Four-Door Car,523.2
BZ12077,Oregon,Female,High School or Below,432224.03,0,119.0,0,Personal Auto,SUV,571.2
WM65373,California,Female,College,800230.83,0,107.0,0,Corporate Auto,SUV,513.6
NH35059,Nevada,Male,College,388545.64,0,105.0,0,Corporate Auto,Four-Door Car,504.0
QD38160,Oregon,Male,College,447177.82,0,135.0,0,Personal Auto,SUV,972.0
BM15160,California,Female,High School or Below,849635.28,44624,71.0,1,Special Auto,Four-Door Car,73.88
VY79030,Arizona,Female,College,2250088.35,0,71.0,0,Corporate Auto,Four-Door Car,340.8
EV19512,Nevada,Female,Master,1630196.76,19614,85.0,0,Personal Auto,Two-Door Car,574.02
TE13577,Oregon,Female,College,231973.59,0,64.0,0,Personal Auto,Four-Door Car,632.72
WY97929,Arizona,Male,College,871704.98,83846,74.0,3,Special Auto,Four-Door Car,355.2
YG20683,Washington,Male,College,286011.17,51159,72.0,0,Personal Auto,Four-Door Car,4.24
FK75497,California,Male,College,245340.83,83772,62.0,0,Personal Auto,Two-Door Car,42.25
NE60110,Arizona,Male,College,598977.39,66839,154.0,0,Personal Auto,Luxury,739.2
TN36521,Arizona,Female,College,2498022.55,88440,70.0,0,Personal Auto,Two-Door Car,27.15
HG33568,Arizona,Female,Master,748263.95,25666,63.0,2,Personal Auto,Four-Door Car,270.0
TW17878,Oregon,Female,High School or Below,245757.6,52926,61.0,0,Personal Auto,Four-Door Car,292.8
ZO83562,Nevada,Female,Bachelor,237974.12,0,67.0,0,Personal Auto,Four-Door Car,494.95
CH97539,Washington,Female,Bachelor,828696.44,40001,70.0,0,Personal Auto,Four-Door Car,142.57
CV29889,California,Male,College,239391.54,0,70.0,0,Personal Auto,Four-Door Car,425.27
MO33320,Oregon,Male,College,465715.95,18024,65.0,0,Personal Auto,Two-Door Car,312.0
QZ81258,Oregon,Female,College,1319792.89,0,68.0,3,Personal Auto,Four-Door Car,326.4
NY56352,Oregon,Female,Bachelor,280391.67,23220,74.0,0,Personal Auto,Four-Door Car,251.33
EA27048,California,Female,High School or Below,864650.41,64125,108.0,0,Personal Auto,SUV,369.82
UT38865,Oregon,Female,College,742587.06,58042,62.0,0,Corporate Auto,Four-Door Car,161.42
QC89139,Oregon,Female,High School or Below,452873.74,90034,112.0,0,Corporate Auto,SUV,537.6
LA14484,Nevada,Male,High School or Below,222707.28,27972,61.0,0,Special Auto,Four-Door Car,292.8
HN57556,California,Female,High School or Below,729294.88,0,65.0,0,Personal Auto,Four-Door Car,312.0
CV31235,Arizona,Male,Bachelor,318435.52,50989,80.0,0,Corporate Auto,Four-Door Car,256.0
WR45726,Arizona,Female,Bachelor,1131520.37,11885,101.0,0,Special Auto,Four-Door Car,484.8
LB25094,California,Female,Bachelor,253070.51,89451,63.0,0,Special Auto,Four-Door Car,61.77
KW56110,Oregon,Male,Bachelor,1836155.53,0,182.0,0,Personal Auto,Luxury,1310.4
XO36233,Washington,Male,Bachelor,864153.0,78904,109.0,0,Personal Auto,SUV,250.0
ZX86243,Arizona,Male,Doctor,327853.19,70247,83.0,1,Personal Auto,Four-Door Car,141.8
DW29763,Arizona,Male,High School or Below,527198.21,32653,67.0,0,Personal Auto,Two-Door Car,321.6
CT83377,Washington,Male,High School or Below,376363.77,93595,97.0,4,Special Auto,Four-Door Car,49.8
OQ90898,California,Male,Master,1395556.96,90279,115.0,0,Personal Auto,SUV,372.18
GO77248,Oregon,Female,College,500152.75,0,72.0,0,Personal Auto,Four-Door Car,542.14
QW33258,California,Male,Bachelor,708283.04,53310,189.0,3,Personal Auto,Luxury,1360.8
OU79745,California,Male,College,761948.28,0,105.0,0,Personal Auto,Four-Door Car,504.0
VZ79886,Oregon,Female,Bachelor,1255088.2,22234,160.0,0,Personal Auto,SUV,768.0
FI92440,Washington,Female,High School or Below,3219660.04,91375,99.0,0,Personal Auto,Two-Door Car,72.63
YG85980,Nevada,Female,High School or Below,679377.41,22250,86.0,0,Personal Auto,Two-Door Car,720.6
QM74621,Oregon,Male,Bachelor,527231.97,0,80.0,0,Personal Auto,Four-Door Car,576.0
EI71732,Oregon,Female,Doctor,626534.33,0,84.0,1,Personal Auto,Four-Door Car,481.03
VN79010,California,Female,High School or Below,854758.61,51179,71.0,0,Corporate Auto,Four-Door Car,466.18
FI61723,California,Male,Bachelor,278742.37,38667,72.0,0,Personal Auto,Four-Door Car,159.27
OH55411,California,Female,Master,462680.11,79487,114.0,0,Corporate Auto,SUV,547.2
TF10720,Nevada,Female,Doctor,866336.4,67763,107.0,2,Personal Auto,Four-Door Car,41.28
NW30838,Nevada,Male,High School or Below,387222.22,0,62.0,2,Corporate Auto,Four-Door Car,503.81
CB58476,Oregon,Female,College,517081.15,0,71.0,0,Corporate Auto,Four-Door Car,859.6
WI69346,California,Female,Master,896028.02,71943,112.0,0,Corporate Auto,SUV,305.65
FS76657,Oregon,Female,College,547183.43,53526,68.0,0,Personal Auto,Four-Door Car,278.9
YX89016,Oregon,Male,College,3493100.17,35005,295.0,0,Personal Auto,Luxury,1416.0
PK28821,California,Male,College,262039.23,24721,67.0,0,Personal Auto,Four-Door Car,139.96
MB51200,Washington,Male,College,1906949.95,0,102.0,2,Personal Auto,Four-Door Car,734.4
XG44587,Arizona,Male,Master,575744.23,88997,72.0,0,Personal Auto,Four-Door Car,174.04
FG91922,Arizona,Male,Master,4022401.36,48587,111.0,0,Personal Auto,SUV,532.8
OM99303,Arizona,Female,High School or Below,270148.83,76310,67.0,0,Personal Auto,Two-Door Car,321.6
RV67546,California,Male,Bachelor,371243.05,73205,92.0,0,Personal Auto,Four-Door Car,37.3
UJ79253,Oregon,Female,College,2185084.0,51056,78.0,0,Personal Auto,Four-Door Car,95.82
PN98247,California,Male,College,784016.58,58414,210.0,2,Personal Auto,Luxury,1008.0
IB67546,California,Female,Bachelor,823703.79,23940,107.0,0,Personal Auto,SUV,513.6
OE19087,California,Female,High School or Below,224347.39,0,62.0,0,Personal Auto,Four-Door Car,446.4
CM95716,California,Male,Bachelor,843446.41,44216,71.0,0,Personal Auto,Four-Door Car,72.21
MW62634,California,Male,High School or Below,222707.28,27972,61.0,0,Corporate Auto,Four-Door Car,292.8
QW67581,Arizona,Female,High School or Below,517002.6,0,69.0,0,Personal Auto,Four-Door Car,331.2
SN16059,California,Female,Master,264144.61,29305,66.0,0,Personal Auto,Four-Door Car,475.2
OE51254,California,Female,College,279068.3,53882,69.0,0,Personal Auto,Four-Door Car,331.2
RM42344,Oregon,Male,College,274512.98,91757,69.0,1,Personal Auto,Four-Door Car,331.2
GB35238,California,Female,Bachelor,757953.27,33906,64.0,0,Personal Auto,Two-Door Car,401.59
ML82674,Oregon,Male,Bachelor,1097878.03,68158,139.0,1,Personal Auto,SUV,253.18
EI85244,California,Male,College,825506.01,0,134.0,3,Personal Auto,SUV,643.2
DE28132,Oregon,Male,College,474773.46,42165,123.0,0,Corporate Auto,SUV,799.67
TV25678,Washington,Male,College,354090.43,0,101.0,0,Personal Auto,SUV,727.2
TY26512,California,Male,Doctor,343613.43,30817,88.0,0,Personal Auto,Four-Door Car,91.83
OB69153,California,Male,Bachelor,258218.53,68074,65.0,0,Personal Auto,Four-Door Car,27.99
QZ77637,Washington,Female,College,1166509.78,84978,35353.0,1,Corporate Auto,Four-Door Car,166.77
XN41715,California,Female,Master,739628.37,71135,92.0,1,Personal Auto,Four-Door Car,270.56
QR15857,California,Female,College,433079.98,0,61.0,0,Personal Auto,Two-Door Car,292.8
FL69363,Oregon,Male,Master,907576.82,37722,116.0,0,Personal Auto,Luxury,158.08
IS30295,Arizona,Female,Bachelor,1463545.16,0,139.0,0,Personal Auto,SUV,667.2
WA25797,Washington,Male,High School or Below,856476.82,95697,107.0,0,Personal Auto,Luxury,178.01
NL59519,California,Female,College,1156568.75,64642,96.0,0,Personal Auto,Four-Door Car,404.27
ZU93025,Oregon,Female,College,277104.5,50071,71.0,0,Personal Auto,Two-Door Car,18.92
DK94262,Oregon,Male,High School or Below,850712.88,46754,106.0,1,Personal Auto,SUV,513.82
UQ30615,California,Male,College,758211.38,64801,64.0,0,Corporate Auto,Four-Door Car,268.47
OR40060,Arizona,Male,Bachelor,332309.25,70410,83.0,0,Personal Auto,Four-Door Car,131.83
DK32872,Nevada,Female,High School or Below,523433.17,66957,131.0,1,Personal Auto,SUV,628.8
FA46418,Nevada,Female,High School or Below,2470959.96,24213,78.0,1,Personal Auto,Four-Door Car,374.4
ER19995,Washington,Female,College,1778627.78,99790,6464.0,0,Personal Auto,Four-Door Car,178.99
KI75855,Oregon,Male,Master,255122.67,79751,63.0,0,Personal Auto,Two-Door Car,392.24
ND41876,Arizona,Male,High School or Below,724771.37,86122,182.0,1,Personal Auto,Luxury,873.6
PN21042,Arizona,Male,Bachelor,453884.78,82297,116.0,0,Personal Auto,Luxury,0.38
GJ43254,Washington,Male,College,3164210.46,89057,98.0,0,Corporate Auto,Two-Door Car,187.36
AL46984,California,Male,High School or Below,873042.2,43259,73.0,0,Personal Auto,Four-Door Car,350.4
JP58047,Oregon,Male,College,833273.06,0,79.0,0,Personal Auto,Four-Door Car,379.2
ZE85014,California,Male,College,235774.7,25064,62.0,0,Personal Auto,Four-Door Car,297.6
KU88219,Arizona,Male,Master,463716.4,25816,119.0,0,Personal Auto,Luxury,571.2
UU98729,California,Male,Bachelor,535719.27,0,73.0,0,Personal Auto,Four-Door Car,350.85
WS82822,Oregon,Female,College,539197.1,41662,69.0,0,Corporate Auto,Four-Door Car,217.97
YB49933,Arizona,Male,Bachelor,369414.05,96170,92.0,0,Personal Auto,Four-Door Car,441.6
XC16387,Arizona,Female,High School or Below,504041.24,46072,64.0,0,Personal Auto,Four-Door Car,25.93
XJ96748,Arizona,Female,High School or Below,2749542.19,37931,99.0,0,Personal Auto,Four-Door Car,475.2
TM98684,Oregon,Male,High School or Below,484228.5,35127,62.0,0,Personal Auto,Four-Door Car,297.6
AY18433,Washington,Female,High School or Below,2738281.89,45473,76.0,0,Special Auto,Two-Door Car,188.94
DM74502,Nevada,Female,College,522710.19,93087,131.0,3,Corporate Auto,Luxury,628.8
FT56968,Arizona,Male,High School or Below,259009.6,22398,67.0,2,Personal Auto,Four-Door Car,321.6
OX36896,California,Male,High School or Below,1053607.8,92983,87.0,1,Corporate Auto,Four-Door Car,153.21
BZ65376,Arizona,Male,Bachelor,858127.87,27689,239.0,2,Personal Auto,Luxury,2893.24
LN34660,California,Female,College,946311.33,69654,118.0,0,Corporate Auto,SUV,629.53
JC29295,California,Female,Bachelor,1344100.64,80744,111.0,0,Personal Auto,SUV,361.28
KJ87930,California,Female,Bachelor,388650.48,0,112.0,0,Corporate Auto,SUV,1185.99
XT36360,Arizona,Female,High School or Below,678489.37,0,64.0,1,Personal Auto,Four-Door Car,460.8
IX35050,Arizona,Male,Bachelor,2359468.02,76358,66.0,0,Special Auto,Four-Door Car,86.46
UN97379,Oregon,Male,Bachelor,253862.63,18608,71.0,0,Corporate Auto,Four-Door Car,340.8
MR57294,California,Male,High School or Below,563994.2,73168,70.0,0,Personal Auto,Four-Door Car,425.8
UG79499,Washington,Male,Bachelor,1168137.43,70930,99.0,0,Personal Auto,Four-Door Car,190.43
UA50747,Washington,Female,High School or Below,2599775.0,62262,72.0,0,Corporate Auto,Four-Door Car,193.51
GL20444,Nevada,Female,Master,1377836.93,91474,113.0,0,Corporate Auto,Two-Door Car,24.09
SP58110,California,Female,Bachelor,492318.17,61469,63.0,5,Personal Auto,Four-Door Car,302.4
XM91635,Arizona,Female,High School or Below,227233.54,16618,62.0,0,Special Auto,Four-Door Car,219.29
TV82603,California,Female,Bachelor,1489539.8,48081,188.0,0,Personal Auto,Luxury,881.36
BB82067,Oregon,Male,Doctor,975604.5,67632,121.0,0,Personal Auto,Luxury,26.95
JP94676,Oregon,Female,Bachelor,942297.41,34115,119.0,0,Personal Auto,SUV,466.12
VU53417,Arizona,Male,High School or Below,383735.76,23051,99.0,0,Personal Auto,Two-Door Car,475.2
IW54795,California,Male,College,1095213.19,23748,99.0,0,Personal Auto,Four-Door Car,607.1
RN78170,Arizona,Female,College,815913.66,40589,69.0,0,Corporate Auto,Four-Door Car,331.2
IX55883,California,Female,College,1948049.98,50809,83.0,0,Personal Auto,Four-Door Car,290.38
XM72420,Arizona,Female,High School or Below,391936.67,66676,97.0,0,Personal Auto,Four-Door Car,558.1
GC15104,Nevada,Female,Bachelor,798514.21,52339,70.0,3,Corporate Auto,Four-Door Car,336.0
RX13282,Oregon,Male,Bachelor,1216874.49,14973,115.0,0,Personal Auto,SUV,828.0
QA85890,Arizona,Female,High School or Below,584932.15,0,83.0,0,Corporate Auto,Four-Door Car,540.51
IR62668,Arizona,Female,Bachelor,508583.66,31546,65.0,0,Personal Auto,Four-Door Car,100.05
AL96740,California,Female,College,290393.98,67763,73.0,1,Personal Auto,Four-Door Car,59.86
SS48498,Washington,Female,College,627317.34,20836,79.0,0,Corporate Auto,Four-Door Car,193.57
PE39479,Washington,Male,College,1832141.9,88592,76.0,0,Corporate Auto,Four-Door Car,199.8
JH62891,Oregon,Female,College,517870.42,66943,65.0,1,Special Auto,Four-Door Car,53.08
FI20423,Arizona,Female,High School or Below,1402435.84,81872,115.0,0,Special Auto,Four-Door Car,256.44
PM13394,Washington,Female,College,530943.59,22404,70.0,1,Personal Auto,Four-Door Car,211.14
YV67971,California,Female,High School or Below,494980.38,21342,62.0,0,Personal Auto,Four-Door Car,74.35
QD31377,California,Male,Bachelor,859566.53,34621,108.0,1,Corporate Auto,SUV,621.46
YG10247,Oregon,Male,College,2295189.2,62396,64.0,0,Personal Auto,Four-Door Car,307.2
FE73696,Oregon,Male,High School or Below,379213.03,97212,93.0,0,Personal Auto,Two-Door Car,360.06
SW19699,Arizona,Female,Bachelor,275574.8,49648,70.0,0,Personal Auto,Four-Door Car,65.95
QJ40732,Arizona,Male,College,488033.96,97984,61.0,1,Personal Auto,Four-Door Car,407.45
HM76207,California,Female,College,905190.53,26308,114.0,0,Corporate Auto,SUV,547.2
NT59303,Oregon,Female,College,1011544.62,63528,256.0,0,Personal Auto,Luxury,1228.8
PU41393,Nevada,Male,College,826907.54,20225,114.0,1,Special Auto,SUV,547.2
QO86948,Nevada,Male,High School or Below,807165.3,0,112.0,0,Personal Auto,SUV,806.4
QN10888,Oregon,Female,High School or Below,772699.36,87620,64.0,0,Personal Auto,Four-Door Car,24.06
VY19543,California,Female,Bachelor,831113.59,0,72.0,0,Corporate Auto,Four-Door Car,311.33
XC15133,Nevada,Female,Master,257402.04,34990,65.0,0,Personal Auto,Four-Door Car,42.69
ST43550,Oregon,Male,Bachelor,572732.71,99934,71.0,0,Special Auto,Four-Door Car,460.32
FX36546,Washington,Male,Master,367914.21,60804,92.0,0,Personal Auto,Four-Door Car,213.23
JX68983,Oregon,Male,Bachelor,274451.96,94648,69.0,0,Personal Auto,Four-Door Car,331.2
HX78576,California,Female,High School or Below,563674.03,24516,71.0,0,Personal Auto,Four-Door Car,300.61
ZQ11381,Arizona,Male,Bachelor,1687038.82,61063,85.0,0,Personal Auto,Four-Door Car,262.5
ON39271,California,Male,Master,273800.2,0,74.0,0,Personal Auto,Two-Door Car,263.37
SB18278,Oregon,Male,Bachelor,464470.05,0,64.0,0,Corporate Auto,Four-Door Car,307.2
ZT30559,California,Female,High School or Below,474668.65,15169,63.0,0,Personal Auto,Four-Door Car,302.4
XI41106,Arizona,Male,College,1687432.82,55390,71.0,0,Corporate Auto,Two-Door Car,256.27
ZS88847,Oregon,Female,Bachelor,238760.61,27592,62.0,0,Personal Auto,Four-Door Car,297.6
RU49126,Washington,Female,College,446533.57,61846,112.0,0,Personal Auto,SUV,215.82
KR62797,Arizona,Female,High School or Below,459162.59,83297,113.0,0,Personal Auto,SUV,542.4
ZJ73220,Arizona,Female,College,1309258.58,0,188.0,0,Special Auto,Luxury,1353.6
FY62633,Oregon,Male,Bachelor,911226.66,0,90.0,0,Personal Auto,Four-Door Car,432.0
CU36986,California,Female,High School or Below,416516.66,55897,104.0,0,Personal Auto,Four-Door Car,499.2
WZ53904,Arizona,Male,Bachelor,265998.06,21297,71.0,0,Personal Auto,Four-Door Car,45.51
AA71604,Arizona,Female,Master,1198659.21,87560,98.0,1,Personal Auto,Two-Door Car,470.4
TD10493,Oregon,Female,High School or Below,289873.27,0,96.0,4,Personal Auto,Four-Door Car,691.2
LY97989,Oregon,Female,Bachelor,289424.39,0,85.0,0,Personal Auto,Four-Door Car,408.0
VX39856,Arizona,Female,Doctor,350045.44,89398,86.0,0,Personal Auto,Four-Door Car,82.41
TP51897,California,Female,College,262180.86,36843,68.0,3,Corporate Auto,Four-Door Car,357.64
QQ89253,Oregon,Female,College,1022180.5,0,134.0,0,Personal Auto,SUV,643.2
EI91403,California,Male,High School or Below,257827.1,34946,65.0,0,Personal Auto,Two-Door Car,420.36
QG15435,Arizona,Female,College,624259.57,75680,78.0,0,Personal Auto,Four-Door Car,136.79
FZ55002,Nevada,Female,Doctor,522028.1,0,69.0,0,Personal Auto,Four-Door Car,331.2
HX77930,Washington,Female,College,313643.21,49532,79.0,1,Personal Auto,Four-Door Car,220.19
UN37063,Arizona,Male,Bachelor,452536.58,10269,65.0,0,Personal Auto,Two-Door Car,170.8
VB87946,California,Male,College,497035.73,49714,63.0,3,Personal Auto,Four-Door Car,266.17
AB60627,California,Male,High School or Below,1546778.9,77517,129.0,0,Corporate Auto,SUV,98.92
TA34903,Oregon,Male,High School or Below,583889.92,81082,73.0,0,Personal Auto,Four-Door Car,281.3
AQ51368,Oregon,Female,Bachelor,1065688.2,72540,88.0,0,Corporate Auto,Two-Door Car,631.74
NZ26102,Oregon,Female,High School or Below,228961.87,0,65.0,0,Personal Auto,Four-Door Car,468.0
GB45753,California,Male,High School or Below,543980.42,61546,68.0,0,Corporate Auto,Two-Door Car,29.21
BV79904,California,Female,Master,795615.01,44818,67.0,1,Personal Auto,Two-Door Car,136.88
OB49075,Arizona,Male,Bachelor,445811.34,17622,65.0,1,Personal Auto,Four-Door Car,312.0
DS97676,Oregon,Female,College,255505.15,0,72.0,0,Personal Auto,Four-Door Car,518.4
JO63462,California,Male,Bachelor,330799.9,79797,84.0,0,Corporate Auto,Two-Door Car,31.76
NJ10602,Washington,Female,College,845905.32,92717,70.0,0,Personal Auto,Two-Door Car,224.28
RS24501,Oregon,Female,College,1335012.09,28919,173.0,0,Personal Auto,SUV,830.4
VT78274,Arizona,Male,College,493122.13,0,68.0,0,Personal Auto,Four-Door Car,480.16
SU56153,Nevada,Male,Bachelor,777683.52,63568,65.0,0,Corporate Auto,Two-Door Car,390.79
MN20737,Nevada,Female,College,255367.22,73935,64.0,1,Corporate Auto,Four-Door Car,72.07
KL43114,Arizona,Female,High School or Below,487646.97,0,66.0,0,Corporate Auto,Two-Door Car,316.8
YQ15567,Oregon,Female,Bachelor,903430.58,18846,115.0,0,Personal Auto,SUV,552.0
TR88637,Arizona,Female,High School or Below,810591.08,38893,103.0,0,Personal Auto,SUV,41.97
TC88986,Oregon,Male,High School or Below,561968.91,0,153.0,0,Special Auto,SUV,1027.0
XX88577,California,Male,Bachelor,1572713.06,84824,196.0,0,Corporate Auto,SUV,319.82
NE49052,California,Female,High School or Below,661801.64,20068,86.0,0,Corporate Auto,Four-Door Car,411.01
KX17826,Oregon,Male,Doctor,467004.8,0,125.0,0,Corporate Auto,SUV,600.0
CC91503,Arizona,Female,High School or Below,1016936.98,0,135.0,0,Personal Auto,Luxury,648.0
WH32183,California,Male,Bachelor,832307.4,97245,70.0,0,Personal Auto,Four-Door Car,4.11
ES90681,California,Female,College,241776.0,51808,61.0,1,Personal Auto,Four-Door Car,351.15
DW96592,California,Male,Bachelor,804487.24,71391,67.0,0,Personal Auto,Four-Door Car,284.0
MT23134,Oregon,Male,High School or Below,532572.45,0,73.0,0,Personal Auto,Two-Door Car,496.47
BM69081,Arizona,Male,Bachelor,694752.4,0,100.0,0,Personal Auto,SUV,925.14
MB90871,Oregon,Female,College,584741.52,23496,77.0,0,Special Auto,Four-Door Car,13.16
GT62080,Washington,Male,High School or Below,7714.88,55561,63.0,0,Personal Auto,Four-Door Car,227.87
QL77686,Nevada,Female,College,472478.61,23986,119.0,0,Corporate Auto,SUV,463.34
ON77827,Arizona,Female,Master,279022.8,22974,71.0,0,Personal Auto,Four-Door Car,180.67
KP18988,Oregon,Female,High School or Below,2153133.28,0,101.0,0,Personal Auto,Four-Door Car,484.8
TI92884,Arizona,Male,Bachelor,1262283.27,61844,106.0,0,Personal Auto,Luxury,508.8
JH73503,Arizona,Male,Doctor,2017196.15,24804,73.0,0,Personal Auto,Two-Door Car,350.4
YE97964,California,Female,Bachelor,1646436.59,27760,104.0,0,Personal Auto,SUV,302.76
VA30351,Oregon,Female,High School or Below,559538.99,74454,71.0,0,Personal Auto,Four-Door Car,340.8
PV55726,Oregon,Female,Master,417068.73,29462,107.0,1,Personal Auto,SUV,513.6
UC88305,Arizona,Female,College,266544.71,52266,68.0,0,Corporate Auto,Two-Door Car,141.92
TS53809,Oregon,Male,Bachelor,709891.41,0,70.0,0,Personal Auto,Two-Door Car,349.78
ZV32120,California,Male,Doctor,397134.51,23599,103.0,0,Corporate Auto,SUV,494.4
FB80807,Oregon,Male,Bachelor,552821.28,36088,72.0,0,Personal Auto,Four-Door Car,345.6
AS55677,California,Female,High School or Below,833899.58,70534,104.0,0,Personal Auto,Four-Door Car,54.07
WA15684,Oregon,Male,College,3844585.59,27398,125.0,1,Personal Auto,SUV,600.0
SA50567,Nevada,Male,Bachelor,544855.52,85296,68.0,0,Personal Auto,Four-Door Car,342.52
KJ31611,Arizona,Male,High School or Below,1080806.6,31063,92.0,0,Personal Auto,Four-Door Car,441.6
VL37375,California,Male,Bachelor,618509.65,0,92.0,0,Personal Auto,Two-Door Car,1027.18
KN21017,Nevada,Male,High School or Below,320822.59,52367,81.0,0,Personal Auto,Four-Door Car,275.99
PX44289,Arizona,Male,College,548010.41,58651,71.0,0,Personal Auto,Four-Door Car,472.6
AM97901,Nevada,Female,College,2298615.39,84831,192.0,0,Special Auto,Luxury,1336.93
RE42925,Oregon,Male,Bachelor,1310792.59,49088,114.0,1,Corporate Auto,SUV,547.2
TR81766,California,Female,College,746292.63,70263,93.0,0,Corporate Auto,Two-Door Car,7.35
CH85057,Oregon,Female,Doctor,1146399.1,45354,285.0,0,Personal Auto,Luxury,540.14
UP71482,Arizona,Male,High School or Below,723613.25,0,63.0,0,Personal Auto,Four-Door Car,383.36
EG40670,California,Female,Bachelor,623268.79,28334,83.0,0,Special Auto,Four-Door Car,537.77
HV83672,Oregon,Female,Bachelor,2839332.99,38772,90.0,0,Personal Auto,Four-Door Car,321.87
MG10140,Oregon,Female,College,374675.16,41479,94.0,1,Personal Auto,Two-Door Car,19.58
TC44716,California,Male,Bachelor,2156933.73,23909,119.0,0,Personal Auto,SUV,571.2
QO65264,California,Male,College,501208.37,48328,63.0,0,Personal Auto,Two-Door Car,108.14
EB66698,California,Male,High School or Below,337185.84,86689,85.0,0,Corporate Auto,Two-Door Car,408.0
OT52034,California,Male,Bachelor,386477.68,24204,99.0,1,Personal Auto,Four-Door Car,707.3
CH85444,Oregon,Male,College,414571.19,25943,110.0,0,Corporate Auto,Two-Door Car,1067.33
PU85769,California,Male,High School or Below,515607.27,0,73.0,0,Personal Auto,Four-Door Car,807.95
UI73201,California,Male,College,366737.5,62375,92.0,0,Personal Auto,Two-Door Car,618.63
SL50592,California,Female,High School or Below,783568.35,0,71.0,0,Corporate Auto,Four-Door Car,404.27
XP11075,Arizona,Male,Bachelor,1456726.84,0,148.0,0,Personal Auto,SUV,710.4
SI31236,Oregon,Male,Bachelor,1017133.9,70200,65.0,0,Corporate Auto,Four-Door Car,312.0
JN26745,Nevada,Female,Bachelor,413577.52,0,112.0,0,Special Auto,Four-Door Car,707.98
VK48036,Oregon,Female,College,551149.11,79027,70.0,0,Corporate Auto,Four-Door Car,336.0
JX76668,Washington,Female,High School or Below,1131424.39,62935,141.0,0,Personal Auto,Luxury,232.24
DS45802,California,Female,High School or Below,541461.73,26893,68.0,0,Personal Auto,Four-Door Car,68.23
OA96690,Oregon,Female,High School or Below,742159.35,47406,94.0,1,Personal Auto,Four-Door Car,287.15
EM27919,California,Male,Bachelor,445811.34,17622,65.0,1,Personal Auto,Four-Door Car,312.0
QO41043,Oregon,Female,College,1447612.49,27572,124.0,0,Corporate Auto,SUV,595.2
OV50124,Oregon,Female,College,493688.84,0,72.0,2,Personal Auto,Two-Door Car,391.64
PR31642,Oregon,Female,Bachelor,452527.65,32802,114.0,0,Personal Auto,SUV,547.2
BU41599,Washington,Female,Master,558176.13,62739,70.0,0,Personal Auto,Two-Door Car,239.33
TK30357,California,Female,Bachelor,1413434.74,90844,118.0,0,Personal Auto,SUV,232.67
NF31087,Nevada,Female,High School or Below,2472318.31,44685,69.0,0,Personal Auto,Four-Door Car,331.2
NH16984,California,Female,Bachelor,283806.78,0,80.0,0,Personal Auto,Four-Door Car,336.51
OS75493,California,Female,High School or Below,384848.36,42589,98.0,0,Corporate Auto,Four-Door Car,470.4
VT63298,Oregon,Male,Bachelor,1950447.39,0,72.0,0,Personal Auto,Four-Door Car,345.6
QS75550,Washington,Female,Bachelor,248004.59,93383,62.0,0,Corporate Auto,Two-Door Car,244.21
SZ16483,Arizona,Female,High School or Below,436137.29,79583,109.0,2,Personal Auto,Four-Door Car,523.2
VM92311,Arizona,Female,High School or Below,252907.75,89129,64.0,0,Personal Auto,Four-Door Car,328.87
NJ46849,Arizona,Male,College,250444.48,0,69.0,0,Personal Auto,Four-Door Car,496.8
WZ31900,Oregon,Female,Bachelor,864970.06,94389,107.0,0,Corporate Auto,SUV,85.06
RG30482,Oregon,Female,College,1366835.53,0,197.0,0,Personal Auto,SUV,1418.4
ZM86949,Oregon,Female,High School or Below,2063508.46,84106,64.0,0,Personal Auto,Two-Door Car,334.41
QQ39596,Arizona,Female,College,251753.36,0,69.0,0,Personal Auto,Four-Door Car,42.1
FH51383,California,Female,High School or Below,532667.77,76717,66.0,0,Personal Auto,Two-Door Car,300.53
BJ53923,Arizona,Male,High School or Below,260027.21,51978,66.0,0,Corporate Auto,Four-Door Car,144.78
CZ96653,Oregon,Female,Bachelor,853479.28,47325,107.0,0,Personal Auto,SUV,64.6
FB23788,Oregon,Male,High School or Below,882883.5,86721,111.0,0,Corporate Auto,SUV,532.8
NT43594,Nevada,Female,Bachelor,224844.96,24910,63.0,1,Personal Auto,Four-Door Car,347.86
RJ85627,Washington,Female,Bachelor,1230276.24,43817,62.0,1,Personal Auto,Four-Door Car,245.45
KJ86296,Oregon,Male,High School or Below,455659.3,0,73.0,2,Personal Auto,Four-Door Car,525.6
PI47776,Oregon,Female,Bachelor,253070.51,89451,63.0,0,Corporate Auto,Four-Door Car,61.77
MD73554,California,Male,College,525198.4,59537,66.0,0,Personal Auto,Two-Door Car,316.8
UX92071,Oregon,Male,High School or Below,674311.93,0,199.0,0,Personal Auto,Luxury,955.2
YG44474,Oregon,Male,College,1401472.13,54193,117.0,0,Corporate Auto,SUV,720.75
UH45301,Oregon,Male,College,943891.56,86946,118.0,0,Personal Auto,Four-Door Car,340.66
RY92647,California,Female,Bachelor,1050677.17,0,92.0,0,Personal Auto,Four-Door Car,546.52
IK12620,Arizona,Female,High School or Below,421391.86,12160,109.0,0,Personal Auto,Four-Door Car,489.41
GQ66762,California,Male,College,477368.64,33701,63.0,0,Personal Auto,Four-Door Car,171.33
YT69858,Washington,Female,Bachelor,544142.01,85702,67.0,0,Personal Auto,Two-Door Car,249.09
XD85577,California,Male,Bachelor,284226.69,69417,73.0,1,Personal Auto,Four-Door Car,30.87
TM65736,Oregon,Male,Master,305955.03,38644,78.0,1,Personal Auto,Four-Door Car,361.46
VJ51327,California,Female,High School or Below,2031499.76,63209,102.0,2,Personal Auto,SUV,207.32
GS98873,Arizona,Female,Bachelor,323912.47,16061,88.0,0,Personal Auto,Four-Door Car,633.6
CW49887,California,Female,Master,462680.11,79487,114.0,0,Special Auto,SUV,547.2
MY31220,California,Female,College,899704.02,54230,112.0,0,Personal Auto,Two-Door Car,537.6
UH35128,Oregon,Female,College,2580706.3,71210,214.0,1,Personal Auto,Luxury,1027.2
WH52799,Arizona,Female,College,380812.21,94903,94.0,0,Corporate Auto,Two-Door Car,451.2
WL99637,Arizona,Male,Bachelor,761413.8,27293,96.0,0,Personal Auto,Two-Door Car,469.03
UC84059,California,Female,Master,689845.53,70950,171.0,0,Personal Auto,Luxury,565.93
HW62747,Oregon,Male,College,229837.92,0,63.0,0,Corporate Auto,Four-Door Car,302.4
BH11344,Oregon,Female,Doctor,280669.61,37009,71.0,0,Corporate Auto,Two-Door Car,145.67
TX28465,Nevada,Male,College,520611.82,52629,65.0,0,Personal Auto,Four-Door Car,136.68
OK56965,California,Female,Bachelor,4570865.34,31264,198.0,1,Personal Auto,Luxury,825.66
WT22392,Oregon,Female,College,800734.91,65473,67.0,0,Personal Auto,Four-Door Car,277.69
PH85036,Washington,Female,Bachelor,548254.94,79325,68.0,0,Corporate Auto,Four-Door Car,251.29
KC71643,Oregon,Male,High School or Below,246323.68,99144,61.0,0,Corporate Auto,Four-Door Car,292.8
NR32615,California,Male,College,549894.07,22520,73.0,0,Corporate Auto,Four-Door Car,350.4
GS69842,Arizona,Female,Bachelor,524382.8,36615,65.0,0,Special Auto,Four-Door Car,264.56
WT71621,Washington,Female,Bachelor,328045.73,63297,82.0,0,Personal Auto,Four-Door Car,251.76
KD23847,Arizona,Female,High School or Below,488654.43,76374,61.0,0,Personal Auto,Four-Door Car,292.8
PE59368,Washington,Female,Bachelor,512348.5,72096,6464.0,0,Personal Auto,Two-Door Car,252.33
NK91488,Nevada,Male,Master,547955.51,56005,68.0,1,Personal Auto,Four-Door Car,326.4
CR33417,Washington,Female,Master,476215.7,36529,118.0,0,Personal Auto,SUV,255.01
WP73172,Oregon,Female,Bachelor,828767.93,81367,103.0,0,Special Auto,SUV,415.77
PS30217,California,Female,Bachelor,988665.64,44817,83.0,0,Personal Auto,Four-Door Car,527.42
EL62967,Oregon,Female,High School or Below,271291.56,58508,69.0,0,Personal Auto,Two-Door Car,57.61
MU23938,Oregon,Male,Bachelor,1047767.63,45259,138.0,0,Personal Auto,SUV,272.22
VC83809,California,Male,Doctor,343613.43,30817,88.0,0,Personal Auto,Four-Door Car,91.83
VL34577,Oregon,Female,High School or Below,259618.52,0,72.0,0,Personal Auto,Two-Door Car,345.6
QE12539,California,Male,Doctor,1273195.16,40870,105.0,0,Personal Auto,SUV,504.0
YO15246,Nevada,Male,High School or Below,349414.79,35001,96.0,3,Personal Auto,Four-Door Car,460.8
WF73839,Arizona,Female,College,759791.07,49937,64.0,0,Personal Auto,Two-Door Car,302.59
TJ11671,Oregon,Female,Bachelor,401521.45,0,109.0,0,Personal Auto,Four-Door Car,523.2
SV34223,California,Female,College,2047710.84,58317,73.0,0,Personal Auto,Four-Door Car,350.4
XD19546,California,Female,High School or Below,816068.98,0,109.0,0,Personal Auto,SUV,523.2
OY95739,Nevada,Male,High School or Below,1229868.63,17101,113.0,0,Corporate Auto,SUV,542.4
SW57539,California,Female,College,871492.21,0,118.0,0,Corporate Auto,SUV,566.4
IA62027,Arizona,Female,Bachelor,485353.42,0,65.0,0,Personal Auto,Four-Door Car,468.0
FZ20933,Oregon,Male,High School or Below,488094.64,24398,63.0,1,Personal Auto,Four-Door Car,302.4
WR62597,Oregon,Male,College,231138.21,24641,61.0,0,Corporate Auto,Four-Door Car,294.93
KU61611,Arizona,Male,High School or Below,432709.89,69040,108.0,0,Corporate Auto,Luxury,518.4
XW98867,Oregon,Male,High School or Below,1229868.63,17101,113.0,0,Personal Auto,SUV,542.4
PP80817,California,Female,High School or Below,832353.33,59886,104.0,0,Personal Auto,Luxury,71.73
DT77901,Oregon,Female,Bachelor,1017971.7,14290,271.0,0,Personal Auto,Luxury,1300.8
DX34647,California,Female,College,776126.78,43137,96.0,0,Personal Auto,Two-Door Car,460.8
OD56551,Oregon,Male,College,523989.09,27978,69.0,1,Personal Auto,Four-Door Car,447.91
OO63074,California,Female,Bachelor,451790.88,25261,118.0,0,Personal Auto,SUV,566.4
EH24828,Nevada,Male,College,238977.41,58652,64.0,5,Personal Auto,Four-Door Car,307.2
CX99919,Nevada,Female,College,413062.88,28321,111.0,0,Corporate Auto,SUV,537.39
DG80424,Washington,Female,College,269156.9,77411,67.0,0,Personal Auto,Four-Door Car,257.9
NU32697,Oregon,Male,College,522776.64,0,72.0,0,Corporate Auto,Four-Door Car,518.4
PU98976,California,Female,Bachelor,618734.57,0,88.0,0,Personal Auto,Four-Door Car,633.6
ZR20842,Arizona,Male,College,511387.47,94415,127.0,1,Personal Auto,Luxury,492.77
NF35573,Oregon,Male,High School or Below,1103931.62,0,103.0,0,Special Auto,SUV,1149.2
DF66914,Arizona,Female,Bachelor,3222708.39,45331,100.0,0,Personal Auto,SUV,572.64
YM99866,Arizona,Male,High School or Below,261196.59,53904,67.0,2,Personal Auto,Four-Door Car,321.6
VH62084,California,Male,High School or Below,1337232.77,0,74.0,0,Personal Auto,Four-Door Car,811.09
SE28250,Arizona,Male,Bachelor,483898.19,0,70.0,2,Special Auto,Four-Door Car,336.0
MD86050,Oregon,Male,High School or Below,472165.9,0,67.0,0,Personal Auto,Four-Door Car,482.4
GF17866,Oregon,Male,College,387364.7,28142,105.0,0,Corporate Auto,Luxury,701.71
UB16654,Washington,Male,Master,471855.85,15680,6464.0,0,Personal Auto,Four-Door Car,260.88
KO44736,Oregon,Male,Bachelor,1697979.76,35095,73.0,0,Personal Auto,Two-Door Car,525.6
KI55845,Oregon,Female,College,1368171.18,55588,114.0,0,Personal Auto,SUV,547.2
JJ24476,Arizona,Female,Master,571722.19,52391,71.0,0,Personal Auto,Two-Door Car,409.76
VC68509,Oregon,Female,Bachelor,948659.64,42240,79.0,0,Personal Auto,Four-Door Car,46.39
QN62502,Oregon,Female,Bachelor,383914.37,70146,96.0,0,Personal Auto,Four-Door Car,157.44
EL92515,Oregon,Female,College,1121159.03,41121,94.0,0,Personal Auto,Four-Door Car,451.2
VL84149,Oregon,Female,College,2580706.3,71210,214.0,1,Corporate Auto,Luxury,1027.2
JX19907,Oregon,Male,Bachelor,379832.17,0,107.0,1,Corporate Auto,Two-Door Car,1261.94
BC66921,Nevada,Female,High School or Below,281656.74,41228,71.0,0,Personal Auto,Four-Door Car,340.8
RK24470,Washington,Male,Bachelor,502929.7,40113,67.0,3,Corporate Auto,Two-Door Car,262.05
GN80437,Oregon,Female,College,344496.75,0,91.0,0,Special Auto,Four-Door Car,596.05
AH65907,California,Female,Bachelor,285940.86,51790,71.0,0,Personal Auto,Four-Door Car,340.8
VG57728,California,Male,High School or Below,269205.76,92593,68.0,0,Corporate Auto,Four-Door Car,8.44
AF81450,California,Male,High School or Below,1143173.09,28657,100.0,0,Personal Auto,SUV,588.74
YI28422,Oregon,Male,High School or Below,763588.33,30262,98.0,1,Personal Auto,Four-Door Car,499.23
GR26937,Oregon,Female,Master,980582.96,47197,81.0,0,Corporate Auto,Four-Door Car,76.11
BR99015,California,Female,Bachelor,680361.56,0,94.0,0,Personal Auto,Four-Door Car,451.2
PB11270,Oregon,Female,Bachelor,710765.54,0,61.0,0,Personal Auto,Four-Door Car,541.56
PZ89632,Oregon,Female,High School or Below,473518.45,0,134.0,0,Personal Auto,SUV,964.8
LV62981,Arizona,Male,College,687432.67,22093,87.0,0,Corporate Auto,Two-Door Car,616.75
AS97690,Arizona,Male,College,241125.66,54483,61.0,0,Personal Auto,Two-Door Car,292.8
SG32258,Arizona,Female,College,241654.24,18944,63.0,0,Personal Auto,Four-Door Car,125.27
MY80583,Oregon,Female,Bachelor,2398154.34,84365,66.0,0,Personal Auto,Four-Door Car,316.8
WS57286,Arizona,Male,College,469216.52,0,64.0,0,Personal Auto,Four-Door Car,137.17
MF53477,California,Female,High School or Below,360093.43,25147,101.0,0,Corporate Auto,SUV,694.6
DQ28641,Nevada,Male,High School or Below,266522.25,14315,71.0,0,Personal Auto,Four-Door Car,511.2
EX46492,Arizona,Female,Master,766652.04,87864,94.0,0,Personal Auto,Two-Door Car,421.46
VW20823,California,Male,High School or Below,1667589.62,57844,85.0,1,Personal Auto,Four-Door Car,408.0
LH26563,Oregon,Female,High School or Below,455085.6,17913,116.0,0,Personal Auto,Four-Door Car,556.8
FR56877,Arizona,Female,High School or Below,1176393.57,28806,99.0,0,Special Auto,Four-Door Car,475.2
ZY99878,California,Male,High School or Below,1374253.72,90343,175.0,0,Personal Auto,SUV,833.07
CS15289,Oregon,Female,Master,1613841.63,79041,199.0,0,Personal Auto,Luxury,419.26
MM49431,Washington,Male,Bachelor,729858.36,74069,63.0,2,Personal Auto,Two-Door Car,275.52
IA96447,California,Male,College,667373.77,85019,167.0,0,Personal Auto,Luxury,801.6
PT32230,California,Female,High School or Below,778212.68,70059,194.0,0,Personal Auto,Luxury,253.74
NK73719,California,Female,College,1939321.15,70503,164.0,1,Corporate Auto,SUV,41.05
OH15771,California,Male,Bachelor,397413.82,0,117.0,0,Personal Auto,SUV,561.6
XP61034,Oregon,Male,Bachelor,410558.1,39492,105.0,0,Personal Auto,SUV,756.0
ZN34245,Arizona,Male,College,230847.21,0,68.0,0,Corporate Auto,Four-Door Car,489.6
FX55923,Arizona,Male,Bachelor,537291.45,50405,70.0,1,Personal Auto,Four-Door Car,7.07
ZZ83340,Oregon,Female,Doctor,550831.55,96021,68.0,0,Personal Auto,Two-Door Car,315.0
HA99340,Oregon,Male,High School or Below,239833.32,0,65.0,0,Personal Auto,Two-Door Car,422.95
LE43061,California,Male,High School or Below,372883.01,0,105.0,0,Personal Auto,Four-Door Car,756.0
UF77413,Oregon,Male,College,275849.86,65794,69.0,1,Personal Auto,Four-Door Car,277.27
UY45293,Oregon,Male,Bachelor,370393.03,21975,95.0,0,Corporate Auto,Four-Door Car,456.0
TH84309,California,Male,High School or Below,937284.36,0,126.0,0,Personal Auto,SUV,604.8
PZ94551,Oregon,Female,Bachelor,499158.45,56649,125.0,0,Special Auto,SUV,780.09
UE76013,Washington,Female,Master,503986.93,35984,128.0,3,Personal Auto,SUV,275.58
HS85465,California,Male,Bachelor,275997.83,92296,69.0,0,Corporate Auto,Two-Door Car,331.2
SI78985,Oregon,Female,Bachelor,799300.4,39448,103.0,3,Personal Auto,Four-Door Car,66.02
KF50730,California,Female,Bachelor,523557.35,71794,131.0,0,Personal Auto,SUV,457.47
JO13576,California,Female,High School or Below,263301.18,21861,69.0,0,Personal Auto,Four-Door Car,348.28
HJ79774,Oregon,Female,College,276480.23,31591,72.0,4,Corporate Auto,Four-Door Car,240.24
KI18648,Arizona,Female,Bachelor,808484.64,60662,68.0,0,Special Auto,Two-Door Car,326.4
EL99335,California,Female,College,268517.77,20608,73.0,0,Personal Auto,Four-Door Car,350.4
LE84979,California,Female,Master,1220812.0,21331,103.0,0,Personal Auto,SUV,419.06
CE12380,Arizona,Female,College,2009043.87,0,66.0,1,Corporate Auto,Four-Door Car,252.15
BJ22117,Washington,Male,Master,513341.48,53390,6464.0,0,Personal Auto,Four-Door Car,279.0
JF83834,Oregon,Male,Doctor,249131.7,36631,62.0,0,Corporate Auto,Four-Door Car,67.53
YN10988,California,Male,High School or Below,631459.68,0,87.0,0,Personal Auto,Four-Door Car,417.6
YX15941,Oregon,Male,College,1622964.89,26030,139.0,1,Corporate Auto,Luxury,667.2
ZB50601,Nevada,Male,College,516178.99,0,70.0,0,Personal Auto,Four-Door Car,469.49
HP50399,Nevada,Male,Bachelor,398226.61,0,113.0,0,Personal Auto,SUV,542.4
GC17585,Arizona,Male,Bachelor,1347318.57,25302,70.0,1,Personal Auto,Four-Door Car,336.0
QW17286,Washington,Female,Master,277832.39,66030,69.0,1,Personal Auto,Four-Door Car,282.15
DO41287,Oregon,Male,High School or Below,827644.42,0,82.0,0,Personal Auto,Four-Door Car,590.4
GT54462,Arizona,Male,Bachelor,1434985.99,73222,180.0,0,Personal Auto,SUV,821.52
BT76268,California,Female,College,587819.93,22061,74.0,0,Personal Auto,Four-Door Car,355.2
QM38267,Arizona,Female,High School or Below,266605.45,86321,66.0,0,Personal Auto,Four-Door Car,316.8
LP82042,Oregon,Male,Bachelor,534568.1,54668,68.0,1,Personal Auto,Four-Door Car,326.4
EF52978,Arizona,Female,High School or Below,477712.16,0,62.0,0,Personal Auto,Four-Door Car,297.6
GH54524,California,Male,High School or Below,1697374.02,69497,142.0,0,Personal Auto,SUV,92.29
DP26592,Oregon,Male,High School or Below,251811.21,86617,63.0,0,Personal Auto,Four-Door Car,188.33
UP29839,Nevada,Female,Master,1916098.99,22705,239.0,0,Personal Auto,Luxury,1294.7
IB80924,Washington,Female,High School or Below,3286440.46,90783,104.0,2,Personal Auto,SUV,285.75
OB55054,Oregon,Male,Bachelor,396481.3,88410,99.0,0,Corporate Auto,Four-Door Car,475.2
NP91656,California,Female,Bachelor,491177.31,0,69.0,0,Personal Auto,Four-Door Car,496.8
SH74080,Oregon,Female,College,780531.29,21073,106.0,1,Personal Auto,SUV,508.8
KN25556,Arizona,Female,College,720066.49,0,66.0,0,Personal Auto,Four-Door Car,316.8
RB38792,Oregon,Male,College,538949.95,66429,136.0,0,Personal Auto,Luxury,57.71
QR72180,California,Female,Doctor,324131.42,66889,80.0,0,Personal Auto,Four-Door Car,294.32
TW64385,California,Male,Bachelor,552821.28,36088,72.0,0,Corporate Auto,Four-Door Car,345.6
TM13955,Washington,Male,Master,299302.46,0,80.0,0,Corporate Auto,Four-Door Car,286.12
GF94951,Arizona,Male,Bachelor,707665.32,0,68.0,0,Corporate Auto,Two-Door Car,489.6
NF53775,California,Female,College,370038.5,17557,96.0,0,Personal Auto,Four-Door Car,666.72
YB58778,California,Female,College,532883.59,81064,70.0,4,Personal Auto,Two-Door Car,42.24
PH77560,Nevada,Female,High School or Below,483887.71,0,66.0,0,Personal Auto,Four-Door Car,700.33
ZO14864,Washington,Female,Master,341720.5,42526,86.0,0,Personal Auto,Two-Door Car,287.54
BI34376,California,Female,Doctor,787992.9,45703,98.0,0,Personal Auto,Two-Door Car,470.4
UQ63396,California,Female,Bachelor,786943.24,40036,65.0,0,Personal Auto,Four-Door Car,48.83
BR23201,California,Male,Bachelor,258680.72,0,71.0,0,Personal Auto,Four-Door Car,191.64
VH45094,Arizona,Male,High School or Below,728678.91,65870,61.0,1,Personal Auto,Four-Door Car,202.85
KD47243,California,Female,Bachelor,1179799.21,91469,100.0,2,Personal Auto,SUV,418.86
MY13737,California,Male,High School or Below,938675.3,42090,119.0,0,Corporate Auto,SUV,203.35
OR48881,Oregon,Female,Doctor,630892.24,21368,79.0,0,Corporate Auto,Four-Door Car,4.61
BD77090,Washington,Female,Bachelor,860915.82,79090,107.0,0,Personal Auto,SUV,289.04
LW77178,Oregon,Female,Bachelor,1542801.04,33879,98.0,0,Corporate Auto,Two-Door Car,470.4
BQ12347,Arizona,Male,High School or Below,563079.3,72874,70.0,0,Special Auto,Four-Door Car,336.0
FF61670,California,Male,High School or Below,1813118.87,0,82.0,1,Personal Auto,Four-Door Car,393.6
PM61374,California,Female,Bachelor,808721.95,0,110.0,0,Personal Auto,Two-Door Car,550.83
BW25236,Arizona,Male,College,1845357.63,72215,66.0,0,Personal Auto,Four-Door Car,247.91
XO22038,California,Female,Bachelor,521751.33,39854,66.0,0,Corporate Auto,Two-Door Car,261.93
QG51953,Oregon,Male,College,483578.32,36655,61.0,0,Personal Auto,Four-Door Car,295.22
SZ56338,Oregon,Female,High School or Below,559712.5,37995,139.0,0,Personal Auto,SUV,667.2
PX60116,California,Female,High School or Below,892046.4,40867,112.0,0,Corporate Auto,Two-Door Car,537.6
BW46202,Oregon,Female,Bachelor,599541.1,28804,78.0,0,Personal Auto,Two-Door Car,76.03
GW14109,California,Female,High School or Below,3849694.7,48409,124.0,0,Special Auto,SUV,345.21
GP42026,California,Male,High School or Below,838263.01,19683,117.0,1,Personal Auto,Luxury,561.6
DH41343,Washington,Female,College,244366.52,92834,61.0,0,Special Auto,Four-Door Car,292.8
PY42157,Washington,Female,High School or Below,247225.39,62006,61.0,0,Personal Auto,Four-Door Car,292.8
OL36978,California,Female,High School or Below,540551.84,67241,68.0,1,Personal Auto,Two-Door Car,5.67
KT40899,California,Male,High School or Below,935247.9,75436,78.0,0,Personal Auto,Four-Door Car,9.75
WE60408,Arizona,Female,College,433987.11,91761,109.0,2,Personal Auto,SUV,779.05
LG64797,California,Female,College,1772376.4,25771,222.0,0,Personal Auto,Luxury,1253.98
MD87746,Oregon,Male,College,750745.54,60920,64.0,0,Personal Auto,Two-Door Car,231.2
QP80741,Washington,Female,College,604857.42,0,61.0,3,Corporate Auto,Four-Door Car,292.8
WO59883,Washington,Female,High School or Below,1901447.63,29822,61.0,0,Personal Auto,Two-Door Car,292.8
MU79385,Arizona,Male,College,1008037.03,60944,130.0,2,Personal Auto,SUV,623.51
JH30384,California,Female,High School or Below,650339.7,22081,84.0,0,Personal Auto,Two-Door Car,451.67
LL45497,Washington,Female,College,248772.97,67282,62.0,0,Personal Auto,Two-Door Car,297.6
SK95364,California,Female,College,462039.01,0,130.0,0,Personal Auto,SUV,936.0
VG56765,Arizona,Male,High School or Below,247152.84,95697,61.0,0,Personal Auto,Two-Door Car,114.27
NE24371,Oregon,Female,College,649424.4,15300,85.0,0,Personal Auto,Four-Door Car,408.0
KR48903,Washington,Male,High School or Below,250490.76,88264,62.0,0,Personal Auto,Two-Door Car,297.6
ZF27999,Nevada,Female,College,490489.47,12902,139.0,0,Personal Auto,Luxury,667.2
MH40017,Arizona,Male,High School or Below,480247.7,29809,61.0,0,Personal Auto,Four-Door Car,365.31
YJ99764,Nevada,Male,High School or Below,795577.48,0,74.0,0,Personal Auto,Four-Door Car,355.2
AG22225,Oregon,Male,High School or Below,694190.08,0,96.0,0,Personal Auto,Four-Door Car,460.8
ZJ26179,Oregon,Male,Bachelor,838247.84,25998,71.0,0,Personal Auto,Four-Door Car,791.88
VO36036,Oregon,Female,Doctor,353643.18,28248,90.0,0,Personal Auto,Four-Door Car,634.39
ZQ94281,California,Female,College,324481.66,68103,82.0,0,Personal Auto,Two-Door Car,277.8
CK40732,California,Female,High School or Below,761121.28,0,103.0,0,Special Auto,Four-Door Car,741.6
UT73461,Oregon,Female,Doctor,450539.83,81079,111.0,0,Special Auto,SUV,134.22
LT57320,Nevada,Female,Master,244584.48,22732,62.0,0,Personal Auto,Four-Door Car,15.62
BZ44726,Nevada,Female,High School or Below,1647776.84,49825,70.0,3,Corporate Auto,Two-Door Car,336.0
VU32116,Oregon,Female,College,354640.02,0,103.0,0,Personal Auto,SUV,621.96
EG94326,Nevada,Male,High School or Below,427727.01,77265,107.0,0,Personal Auto,SUV,513.6
EJ43595,California,Male,High School or Below,478477.35,0,72.0,0,Corporate Auto,Four-Door Car,779.63
QI37869,California,Male,College,757223.77,12876,107.0,2,Corporate Auto,Four-Door Car,425.96
SX65826,Arizona,Male,Bachelor,1176087.64,36431,99.0,0,Personal Auto,Two-Door Car,513.25
XO42145,Oregon,Male,High School or Below,393381.4,25927,103.0,0,Personal Auto,SUV,674.97
WJ74851,Nevada,Female,Bachelor,570076.18,26811,72.0,0,Personal Auto,Two-Door Car,465.76
IG68709,Oregon,Female,High School or Below,349863.48,41711,90.0,0,Personal Auto,Four-Door Car,351.29
AC75391,Arizona,Female,College,576809.13,35091,74.0,0,Corporate Auto,Two-Door Car,418.93
WO94087,Arizona,Female,Bachelor,636195.4,0,87.0,0,Corporate Auto,Four-Door Car,417.6
YJ69332,Oregon,Female,High School or Below,650339.7,22081,84.0,0,Personal Auto,Two-Door Car,451.67
WX87964,Washington,Male,High School or Below,493519.0,29560,62.0,0,Personal Auto,Four-Door Car,297.6
PD32641,Oregon,Male,College,578522.35,31320,72.0,0,Personal Auto,Four-Door Car,293.87
CK39096,Oregon,Male,High School or Below,561968.91,0,153.0,0,Personal Auto,SUV,1027.0
QV19964,Oregon,Male,Doctor,259928.96,33947,66.0,1,Personal Auto,Four-Door Car,192.21
BF72793,California,Female,High School or Below,673297.09,0,62.0,0,Personal Auto,Two-Door Car,446.4
WB12017,California,Female,College,1832186.65,21189,66.0,0,Personal Auto,Two-Door Car,316.8
JO17193,Washington,Male,Bachelor,230069.15,25905,63.0,0,Personal Auto,Four-Door Car,302.4
AY84441,Oregon,Male,High School or Below,400285.76,0,114.0,0,Personal Auto,SUV,820.8
JQ65500,Oregon,Female,Bachelor,862099.74,44988,108.0,0,Corporate Auto,Two-Door Car,518.4
OI29521,Oregon,Female,College,1038898.6,33432,90.0,0,Corporate Auto,Two-Door Car,161.42
MJ51323,Oregon,Female,Bachelor,842717.25,46503,215.0,1,Personal Auto,Luxury,1032.0
QI64880,California,Male,Bachelor,700727.42,0,101.0,0,Corporate Auto,SUV,973.79
HV93429,Oregon,Female,Master,517657.91,23636,65.0,0,Personal Auto,Four-Door Car,81.45
TA89713,Oregon,Male,College,538949.95,66429,136.0,0,Personal Auto,Luxury,57.71
OB98149,Washington,Female,College,470000.75,11417,63.0,0,Personal Auto,Two-Door Car,302.4
LE65901,Oregon,Female,Bachelor,443494.14,58082,112.0,1,Personal Auto,SUV,103.02
FF68864,Arizona,Female,Bachelor,1401052.74,36523,71.0,0,Personal Auto,Four-Door Car,101.35
YX99200,Nevada,Male,Bachelor,1235005.82,54710,103.0,0,Personal Auto,Two-Door Car,294.06
LZ26801,California,Female,High School or Below,816157.69,73466,102.0,1,Personal Auto,SUV,204.74
TA66375,Oregon,Female,Bachelor,1100913.05,51643,283.0,0,Corporate Auto,Luxury,1358.4
SC92090,Arizona,Male,College,871704.98,83846,74.0,3,Personal Auto,Four-Door Car,355.2
TK40018,Oregon,Male,High School or Below,591746.66,0,169.0,0,Personal Auto,SUV,1207.08
ZD63451,California,Male,Bachelor,250366.04,53338,63.0,1,Personal Auto,Four-Door Car,35.45
AO98601,Washington,Female,Bachelor,501888.52,54500,63.0,0,Corporate Auto,Two-Door Car,302.4
DT35588,Oregon,Male,College,433038.6,60475,107.0,0,Personal Auto,Four-Door Car,513.6
VF87723,California,Male,College,1048774.33,30658,89.0,0,Personal Auto,Four-Door Car,441.76
QP69826,Arizona,Male,Bachelor,356750.38,0,102.0,0,Corporate Auto,SUV,660.43
UW37050,Oregon,Female,Bachelor,1989642.23,60420,248.0,0,Personal Auto,Luxury,632.94
UH62254,Oregon,Male,Bachelor,2142363.72,0,65.0,0,Personal Auto,Two-Door Car,312.0
IA15979,Washington,Male,College,694832.59,40598,91.0,0,Personal Auto,Four-Door Car,302.79
DB71122,California,Female,Doctor,351583.19,15144,90.0,0,Personal Auto,Four-Door Car,372.65
TM14491,California,Male,Bachelor,1203662.05,44428,104.0,0,Personal Auto,SUV,499.2
OY94707,California,Male,College,360979.83,58297,97.0,5,Special Auto,Four-Door Car,647.04
LN55080,Oregon,Female,Bachelor,1773246.49,42191,74.0,1,Special Auto,Two-Door Car,68.65
TZ47750,Nevada,Male,Master,850985.09,26057,74.0,0,Personal Auto,Four-Door Car,523.89
SJ74501,Arizona,Female,Bachelor,586642.43,26608,73.0,0,Personal Auto,Two-Door Car,234.23
LE26899,California,Male,Doctor,482550.09,0,63.0,0,Personal Auto,Four-Door Car,272.84
ML34366,California,Male,College,538949.95,66429,136.0,0,Personal Auto,Luxury,57.71
EI45850,California,Female,Bachelor,777800.56,25970,72.0,3,Personal Auto,Four-Door Car,430.82
LD75023,Oregon,Male,High School or Below,2634608.58,48268,223.0,0,Personal Auto,Luxury,1605.6
JW12998,California,Female,High School or Below,1486645.12,24279,126.0,0,Personal Auto,Luxury,604.8
LP47259,Arizona,Male,High School or Below,832423.27,0,121.0,0,Corporate Auto,Luxury,871.2
XD21246,Oregon,Female,High School or Below,923830.6,0,128.0,0,Personal Auto,SUV,921.6
DW59142,Nevada,Female,High School or Below,2269329.08,71879,64.0,0,Corporate Auto,Two-Door Car,9.16
KX54900,Arizona,Male,Doctor,623601.86,57760,78.0,0,Special Auto,Four-Door Car,223.95
XV83643,California,Male,College,501218.48,20976,129.0,1,Personal Auto,Luxury,735.68
XY33610,Washington,Male,College,1569553.94,97750,65.0,0,Personal Auto,Four-Door Car,303.0
GK48045,Washington,Female,College,821460.24,73245,68.0,0,Personal Auto,Four-Door Car,305.12
ET79528,California,Male,College,311898.11,23008,79.0,1,Personal Auto,Four-Door Car,80.66
RA66180,Washington,Female,High School or Below,276403.21,33837,72.0,4,Corporate Auto,Two-Door Car,305.58
BC66536,Arizona,Female,High School or Below,688368.66,84869,85.0,0,Corporate Auto,Four-Door Car,408.0
PN22481,Oregon,Male,College,221591.29,0,66.0,0,Corporate Auto,Two-Door Car,316.8
XR95069,Washington,Female,Bachelor,485474.57,29834,6464.0,0,Personal Auto,Four-Door Car,307.2
IF38438,Arizona,Female,High School or Below,2152294.75,44695,79.0,2,Personal Auto,Two-Door Car,81.17
ZC62609,Oregon,Female,High School or Below,276169.17,0,77.0,0,Personal Auto,Four-Door Car,554.4
FD64348,Oregon,Male,High School or Below,2256361.84,23046,65.0,3,Personal Auto,Two-Door Car,1.69
TA58285,Oregon,Male,High School or Below,528591.83,0,73.0,0,Personal Auto,Two-Door Car,392.95
WV66165,Oregon,Female,High School or Below,3506264.8,84811,111.0,0,Personal Auto,SUV,278.28
YE27183,Oregon,Male,Bachelor,591319.9,0,91.0,0,Corporate Auto,Four-Door Car,436.8
TI47802,California,Female,Master,259339.87,0,69.0,0,Personal Auto,Two-Door Car,331.2
ZZ44902,Arizona,Male,High School or Below,1269267.09,40117,108.0,0,Personal Auto,Two-Door Car,750.08
JD73594,Oregon,Male,Bachelor,330911.97,72140,87.0,2,Personal Auto,Four-Door Car,417.6
VW82067,Washington,Female,Master,518162.09,97131,6464.0,0,Personal Auto,Four-Door Car,307.2
JS55721,California,Male,College,241393.06,12495,65.0,0,Personal Auto,Four-Door Car,312.0
ZB62469,California,Male,High School or Below,216168.55,0,67.0,2,Corporate Auto,Two-Door Car,482.4
HZ74609,Oregon,Female,Bachelor,552798.89,0,72.0,0,Personal Auto,Four-Door Car,345.6
TJ76363,Arizona,Female,Doctor,1062921.79,36495,133.0,1,Corporate Auto,SUV,229.93
QZ58370,Nevada,Female,Bachelor,1182010.98,86801,98.0,0,Personal Auto,Four-Door Car,371.11
RF44930,California,Male,College,496463.15,52679,62.0,0,Personal Auto,Four-Door Car,118.0
VJ44100,California,Male,Master,912292.56,90804,113.0,0,Personal Auto,Luxury,434.1
KN13494,Washington,Female,Master,518162.09,97131,6464.0,0,Personal Auto,Four-Door Car,307.2
NL80137,Oregon,Female,College,346066.5,14262,90.0,0,Personal Auto,Four-Door Car,290.43
NZ57065,Oregon,Male,Bachelor,287298.08,36844,73.0,0,Personal Auto,Four-Door Car,283.97
NM42917,Arizona,Female,College,992787.77,58703,127.0,2,Personal Auto,SUV,227.92
RR68322,Nevada,Male,High School or Below,348268.7,65162,86.0,0,Personal Auto,Four-Door Car,134.43
OF78862,Oregon,Female,College,399172.72,54964,99.0,0,Personal Auto,Four-Door Car,525.52
SC93784,Oregon,Male,Bachelor,551010.74,61401,69.0,0,Personal Auto,Four-Door Car,144.44
CM59084,Oregon,Female,High School or Below,360093.43,25147,101.0,0,Corporate Auto,SUV,694.6
QA41558,Oregon,Female,Master,541945.81,73536,67.0,0,Personal Auto,Two-Door Car,172.52
SD62061,Oregon,Female,High School or Below,581063.05,24860,73.0,0,Personal Auto,Four-Door Car,350.4
VP13613,California,Male,Bachelor,394272.58,65404,99.0,0,Personal Auto,Four-Door Car,300.7
HF96939,Oregon,Male,High School or Below,312627.19,34510,81.0,0,Personal Auto,Four-Door Car,388.8
DU18362,California,Male,Bachelor,353000.77,0,108.0,0,Corporate Auto,Two-Door Car,777.6
UG34438,Washington,Female,College,1099059.48,44552,137.0,0,Personal Auto,SUV,311.1
XQ19793,Arizona,Male,High School or Below,477294.38,20993,133.0,0,Personal Auto,SUV,638.4
OB77084,Oregon,Female,Bachelor,220233.52,0,61.0,1,Personal Auto,Two-Door Car,292.8
LK74984,Washington,Male,High School or Below,245917.17,21190,65.0,2,Personal Auto,Four-Door Car,312.0
JE13986,Arizona,Female,College,1037388.88,62587,86.0,0,Personal Auto,Four-Door Car,412.8
QR15221,Washington,Female,High School or Below,258420.39,22562,65.0,0,Personal Auto,Two-Door Car,312.0
LD49835,California,Male,High School or Below,430742.28,73345,107.0,0,Personal Auto,SUV,513.6
EK19337,Oregon,Female,High School or Below,304025.38,0,83.0,0,Personal Auto,Four-Door Car,989.11
GD55093,California,Female,Master,1916098.99,22705,239.0,0,Personal Auto,Luxury,1294.7
RX19151,Washington,Male,Bachelor,817657.68,67137,111.0,5,Personal Auto,SUV,314.88
TJ30354,Oregon,Female,Bachelor,528530.76,22627,67.0,0,Personal Auto,Four-Door Car,321.6
TA75663,California,Female,Master,802499.3,38702,101.0,3,Personal Auto,SUV,253.36
WG15841,California,Male,Bachelor,281046.44,26790,71.0,0,Personal Auto,Two-Door Car,340.8
LO68739,Arizona,Female,Bachelor,773955.04,64859,96.0,0,Personal Auto,Four-Door Car,266.95
BE61743,Washington,Male,Bachelor,410979.36,86657,103.0,0,Personal Auto,Luxury,316.23
EG56026,Nevada,Female,High School or Below,327516.2,69263,81.0,2,Personal Auto,Two-Door Car,494.85
VF21395,Oregon,Male,Bachelor,265269.53,82655,66.0,0,Personal Auto,Two-Door Car,316.8
SI11249,California,Female,High School or Below,504822.62,29401,65.0,0,Personal Auto,Four-Door Car,312.0
PU95227,Washington,Male,Bachelor,336241.44,22853,87.0,0,Personal Auto,Four-Door Car,316.36
VO87785,Arizona,Female,College,485842.94,26480,63.0,0,Personal Auto,Two-Door Car,378.7
FS29897,Oregon,Female,High School or Below,214492.15,0,61.0,1,Personal Auto,Four-Door Car,292.8
JG36165,California,Male,Bachelor,604261.85,0,83.0,0,Personal Auto,Two-Door Car,904.39
SJ42058,Oregon,Female,High School or Below,338720.33,73268,84.0,0,Personal Auto,Four-Door Car,93.62
CU13711,Oregon,Female,Doctor,1086427.49,95579,67.0,0,Personal Auto,Four-Door Car,308.63
GT65065,Oregon,Female,Master,884265.0,42142,112.0,0,Personal Auto,Luxury,396.18
LO77543,Washington,Male,College,261661.39,72302,66.0,0,Special Auto,Two-Door Car,316.8
UQ85283,California,Male,Bachelor,3076325.64,41279,115.0,0,Personal Auto,Luxury,251.43
QA49556,Washington,Male,Master,520022.78,23401,66.0,0,Personal Auto,Four-Door Car,316.8
GE29173,Nevada,Male,Bachelor,859130.54,0,128.0,0,Corporate Auto,SUV,1448.99
DF21541,Arizona,Female,College,264657.38,23170,71.0,0,Personal Auto,Four-Door Car,340.8
JL59571,Oregon,Female,Bachelor,460724.43,17343,63.0,0,Corporate Auto,Two-Door Car,208.66
DF94525,Oregon,Male,College,486062.0,25854,68.0,0,Personal Auto,Four-Door Car,396.28
YO58424,Oregon,Male,College,258084.99,46900,66.0,0,Corporate Auto,Four-Door Car,316.8
UF32671,Washington,Female,College,529139.53,57338,66.0,0,Personal Auto,Four-Door Car,316.8
HO92982,California,Male,High School or Below,840575.3,85355,71.0,2,Personal Auto,Two-Door Car,458.57
MZ24175,Arizona,Female,College,309651.12,21604,79.0,0,Personal Auto,Four-Door Car,379.2
YD48962,Arizona,Male,High School or Below,2941228.93,0,107.0,0,Personal Auto,SUV,513.6
RI52095,Washington,Male,High School or Below,7714.88,51878,66.0,1,Personal Auto,Four-Door Car,316.8
MF18493,California,Male,College,1749752.2,0,73.0,0,Personal Auto,Two-Door Car,350.4
EP61084,Nevada,Female,High School or Below,321860.86,68776,80.0,0,Personal Auto,Four-Door Car,87.86
EN38348,Oregon,Female,High School or Below,2320726.97,45039,96.0,0,Personal Auto,Four-Door Car,192.14
FG46258,Washington,Female,College,692197.4,16483,90.0,0,Corporate Auto,Two-Door Car,320.52
LS98306,Nevada,Male,High School or Below,1391853.48,64113,117.0,0,Special Auto,Four-Door Car,561.6
PZ47477,Arizona,Male,High School or Below,896630.98,41829,76.0,0,Personal Auto,Two-Door Car,416.37
LT32391,California,Female,Master,1198198.48,21514,62.0,0,Personal Auto,Two-Door Car,257.25
KK30016,Nevada,Male,Master,553262.98,27722,69.0,0,Personal Auto,Four-Door Car,331.2
OA89218,Nevada,Female,College,1166057.3,21506,151.0,0,Personal Auto,Luxury,826.66
CY47265,Oregon,Female,High School or Below,288645.16,10312,78.0,0,Personal Auto,Four-Door Car,486.28
ZI47663,Arizona,Female,Bachelor,1274184.75,73054,106.0,1,Personal Auto,SUV,419.37
GO14008,Oregon,Female,Bachelor,539809.81,73775,67.0,0,Personal Auto,Four-Door Car,321.6
BC43958,California,Male,High School or Below,728503.1,44788,61.0,0,Corporate Auto,Four-Door Car,386.03
AI61368,Nevada,Female,High School or Below,1765196.34,22510,95.0,0,Personal Auto,Four-Door Car,456.0
UF37831,Arizona,Male,Master,1702989.34,54613,213.0,0,Personal Auto,Luxury,731.56
PO90615,Arizona,Female,High School or Below,249125.76,25965,65.0,0,Personal Auto,Four-Door Car,329.21
GY74661,Oregon,Female,College,403931.5,34911,105.0,1,Personal Auto,SUV,126.78
MX50302,Oregon,Male,Bachelor,261933.74,78618,66.0,0,Special Auto,Two-Door Car,225.58
TC84427,Oregon,Female,High School or Below,504968.96,61080,66.0,2,Personal Auto,Four-Door Car,294.28
IQ82914,Oregon,Female,Master,498345.71,60415,62.0,0,Personal Auto,Two-Door Car,72.67
TY74870,California,Female,Master,253063.94,25143,66.0,0,Corporate Auto,Four-Door Car,8.74
II83628,California,Male,College,739671.97,41045,64.0,1,Personal Auto,Four-Door Car,394.58
ZR77995,California,Male,College,383289.85,97729,95.0,0,Personal Auto,Four-Door Car,97.18
QT89604,Arizona,Female,High School or Below,496140.59,55702,61.0,0,Personal Auto,Four-Door Car,151.13
AB21519,California,Female,College,386148.63,93272,95.0,0,Personal Auto,Four-Door Car,281.11
MP47256,California,Male,Bachelor,2265853.65,23665,67.0,0,Personal Auto,Four-Door Car,404.82
MA47641,Oregon,Male,High School or Below,1040896.87,20228,101.0,1,Personal Auto,SUV,523.82
GQ20713,Nevada,Female,College,483471.05,38713,66.0,4,Personal Auto,Four-Door Car,316.8
WW87934,Arizona,Female,Bachelor,825766.65,23815,73.0,0,Personal Auto,Four-Door Car,424.33
HF75276,Nevada,Female,High School or Below,305262.95,0,93.0,3,Personal Auto,Four-Door Car,446.4
ET64028,California,Female,High School or Below,401231.93,47221,99.0,0,Personal Auto,Two-Door Car,475.2
QA41472,Oregon,Male,Bachelor,1335548.64,34495,113.0,0,Personal Auto,SUV,389.67
OZ92426,Oregon,Male,College,236443.16,46264,62.0,0,Corporate Auto,Four-Door Car,199.37
UM69933,Nevada,Male,College,248933.79,46051,63.0,0,Personal Auto,Two-Door Car,302.4
RQ11502,Nevada,Female,Bachelor,475572.0,23975,128.0,0,Corporate Auto,SUV,614.4
TX98128,California,Female,College,1386438.5,0,74.0,4,Personal Auto,Four-Door Car,580.89
XY52165,Arizona,Female,College,302042.48,78561,74.0,0,Personal Auto,Two-Door Car,355.2
GB39003,California,Male,High School or Below,628530.52,0,90.0,0,Personal Auto,Two-Door Car,432.0
VH43367,California,Female,High School or Below,250602.2,61402,63.0,2,Special Auto,Four-Door Car,302.4
KG81168,Arizona,Male,Bachelor,282630.76,65090,71.0,0,Personal Auto,Four-Door Car,74.0
WU14549,Nevada,Male,Master,436971.79,88495,108.0,0,Personal Auto,Two-Door Car,535.93
XB17553,Nevada,Male,Bachelor,1217458.8,52797,104.0,1,Personal Auto,Luxury,88.17
MY88518,Nevada,Male,Doctor,352804.43,31278,92.0,4,Personal Auto,Two-Door Car,441.6
XE18554,California,Female,Bachelor,1043657.47,24177,92.0,1,Personal Auto,Four-Door Car,441.6
NY97446,Oregon,Female,High School or Below,274612.14,96339,68.0,0,Corporate Auto,Four-Door Car,293.21
VT96364,California,Male,Bachelor,917517.19,68164,119.0,2,Personal Auto,Four-Door Car,222.58
HF88410,Washington,Female,High School or Below,7714.88,36765,66.0,1,Personal Auto,Four-Door Car,320.85
DP92488,Washington,Female,Doctor,272752.08,74592,67.0,0,Personal Auto,Two-Door Car,321.6
VC54081,Oregon,Female,College,944974.59,0,63.0,0,Special Auto,Four-Door Car,117.74
CE94751,California,Male,College,456881.94,0,70.0,1,Personal Auto,Two-Door Car,524.84
VM85856,Oregon,Female,Master,257402.04,34990,65.0,0,Personal Auto,Four-Door Car,42.69
EH37385,Arizona,Female,Master,878988.41,22849,109.0,0,Personal Auto,Luxury,523.2
FI45719,Arizona,Male,Doctor,250740.78,32893,63.0,0,Personal Auto,Four-Door Car,174.09
SB79528,Oregon,Male,College,252241.46,0,73.0,0,Corporate Auto,Two-Door Car,350.4
WH81461,Nevada,Male,College,754271.4,0,111.0,0,Personal Auto,SUV,1186.97
UD47050,Oregon,Male,High School or Below,600521.48,26876,76.0,0,Corporate Auto,Four-Door Car,364.8
XZ17273,Nevada,Male,Bachelor,2099825.95,71663,74.0,0,Corporate Auto,Four-Door Car,84.49
XR97812,California,Male,College,234508.45,0,69.0,0,Personal Auto,Four-Door Car,331.2
BW88060,California,Female,High School or Below,878316.54,16994,112.0,0,Personal Auto,SUV,806.4
CP32818,Oregon,Male,Bachelor,452996.54,64270,117.0,0,Personal Auto,Luxury,46.1
CM52565,Nevada,Female,High School or Below,603322.24,0,83.0,0,Corporate Auto,Four-Door Car,597.6
YP40334,Oregon,Female,Doctor,530824.7,0,145.0,0,Personal Auto,SUV,358.77
KD63998,California,Male,College,267473.07,56342,69.0,0,Personal Auto,Four-Door Car,331.2
VC77127,California,Female,High School or Below,492980.75,0,70.0,0,Personal Auto,Four-Door Car,837.44
AM30008,California,Male,High School or Below,1413112.13,28327,185.0,0,Personal Auto,Luxury,888.0
PC83755,Oregon,Male,High School or Below,247152.84,95697,61.0,0,Personal Auto,Two-Door Car,114.27
XS22323,Arizona,Male,High School or Below,600521.48,26876,76.0,0,Personal Auto,Four-Door Car,364.8
ST27958,Washington,Male,College,438627.76,10621,67.0,0,Personal Auto,Four-Door Car,321.6
BH23017,Nevada,Female,Bachelor,1911656.81,0,61.0,0,Personal Auto,Two-Door Car,657.81
OD18225,California,Male,College,663166.55,32918,84.0,0,Personal Auto,Four-Door Car,403.2
VE31507,Oregon,Female,High School or Below,743229.99,0,71.0,0,Personal Auto,Four-Door Car,447.33
NR18672,Nevada,Male,High School or Below,292811.51,63127,74.0,1,Personal Auto,Two-Door Car,174.29
DM76654,California,Male,College,4661187.38,22022,136.0,0,Personal Auto,SUV,979.2
YY11432,Oregon,Female,High School or Below,1651500.93,51725,138.0,1,Personal Auto,SUV,159.0
GK67747,Washington,Male,College,438627.76,10621,67.0,0,Special Auto,Four-Door Car,321.6
XA75063,Oregon,Female,College,1021356.34,39719,131.0,0,Personal Auto,Luxury,628.8
PQ13422,Nevada,Male,College,1004928.59,58194,84.0,0,Personal Auto,Four-Door Car,451.0
NA89685,Oregon,Male,College,574614.83,61990,72.0,0,Personal Auto,Four-Door Car,48.88
AL35726,Oregon,Female,College,374675.16,41479,94.0,1,Personal Auto,Two-Door Car,19.58
WO70078,Oregon,Female,Bachelor,748606.84,97899,95.0,3,Personal Auto,Four-Door Car,3.77
CA56041,Nevada,Female,College,912006.52,63878,113.0,0,Personal Auto,SUV,370.29
HI41970,Oregon,Female,High School or Below,567804.67,68671,70.0,0,Special Auto,Two-Door Car,8.08
AU46443,Nevada,Female,Bachelor,751708.38,0,102.0,0,Personal Auto,SUV,1179.0
WC35554,Oregon,Male,College,453053.07,34640,117.0,2,Personal Auto,Luxury,466.32
JR10216,California,Female,Bachelor,269138.06,21959,71.0,0,Corporate Auto,Four-Door Car,340.8
OH11674,Arizona,Female,Bachelor,806862.39,51584,69.0,2,Corporate Auto,Two-Door Car,368.92
US85318,Oregon,Female,Bachelor,247857.67,65744,62.0,0,Corporate Auto,Four-Door Car,166.51
FS19862,Arizona,Female,Bachelor,911204.15,25198,118.0,0,Personal Auto,SUV,566.4
ZP80713,Arizona,Female,Master,277244.13,79663,69.0,0,Personal Auto,Two-Door Car,263.96
OK50159,Arizona,Female,Bachelor,430579.32,31071,111.0,2,Personal Auto,Luxury,215.23
TP54769,California,Female,Bachelor,510335.76,39452,131.0,0,Corporate Auto,SUV,398.19
FS49381,Oregon,Female,Bachelor,478496.05,25813,61.0,0,Personal Auto,Four-Door Car,205.33
DQ79499,Oregon,Female,Doctor,1054110.98,59965,131.0,0,Personal Auto,SUV,905.03
VH31965,Washington,Male,Bachelor,528511.87,40783,67.0,1,Personal Auto,Four-Door Car,321.6
VO25602,Nevada,Female,College,761084.05,98701,94.0,0,Personal Auto,Four-Door Car,79.62
EP93369,Arizona,Female,College,851052.59,0,121.0,0,Personal Auto,Luxury,871.2
DQ45854,Oregon,Female,College,1617294.05,64388,68.0,0,Personal Auto,Four-Door Car,12.39
QG15661,Oregon,Male,College,242549.48,66841,62.0,0,Personal Auto,Four-Door Car,123.44
YA80645,Oregon,Female,High School or Below,289931.72,33738,74.0,1,Corporate Auto,Four-Door Car,304.39
TW16499,California,Male,Bachelor,363305.4,43334,95.0,2,Corporate Auto,Two-Door Car,614.37
UP97629,California,Female,College,345715.42,0,91.0,0,Personal Auto,Four-Door Car,245.67
NU42684,Nevada,Female,College,339472.03,83431,84.0,0,Personal Auto,Four-Door Car,403.2
EM85557,Washington,Female,College,802106.71,54292,67.0,0,Personal Auto,Four-Door Car,321.6
BM69818,Oregon,Male,Bachelor,584152.81,0,79.0,0,Personal Auto,Four-Door Car,379.2
HK15299,California,Male,High School or Below,547985.42,38210,69.0,0,Personal Auto,Four-Door Car,383.04
NP88496,Nevada,Female,High School or Below,2045524.95,0,67.0,0,Personal Auto,Four-Door Car,482.4
SB99002,Oregon,Female,Bachelor,831912.3,49734,69.0,0,Corporate Auto,Four-Door Car,154.75
ZH42145,Washington,Female,High School or Below,258286.23,50148,65.0,0,Corporate Auto,Four-Door Car,323.49
JG30837,Oregon,Male,College,416379.34,11689,117.0,0,Corporate Auto,SUV,561.6
AC22873,Arizona,Female,High School or Below,485310.03,17120,125.0,0,Special Auto,SUV,717.29
RO85831,Oregon,Male,High School or Below,753169.73,82157,188.0,0,Corporate Auto,Luxury,1353.6
NN65845,Washington,Female,Bachelor,258593.7,21603,68.0,2,Personal Auto,Four-Door Car,326.4
RZ27571,Washington,Female,Bachelor,269596.39,25544,68.0,0,Personal Auto,Four-Door Car,326.4
GH31557,California,Male,High School or Below,268458.16,98121,67.0,0,Personal Auto,Two-Door Car,383.66
MK73855,Washington,Female,High School or Below,810936.46,32314,68.0,0,Personal Auto,Four-Door Car,326.4
IO27771,Oregon,Female,College,903665.76,89382,112.0,0,Corporate Auto,Four-Door Car,573.99
HB99061,Arizona,Female,High School or Below,535218.7,97742,132.0,0,Corporate Auto,SUV,199.59
HQ82089,Arizona,Female,High School or Below,1188096.62,0,114.0,0,Personal Auto,Four-Door Car,820.8
JN72184,Oregon,Male,College,255709.43,0,73.0,0,Corporate Auto,Four-Door Car,525.6
WQ46946,California,Female,College,791482.31,77153,99.0,1,Personal Auto,Four-Door Car,355.64
WJ44028,California,Male,Master,984008.26,94590,81.0,0,Personal Auto,Two-Door Car,388.8
WH77063,Arizona,Female,High School or Below,435155.05,74163,108.0,0,Personal Auto,Four-Door Car,518.4
FI13966,Oregon,Female,High School or Below,2220782.62,40450,287.0,3,Personal Auto,Luxury,1377.6
AQ46199,Oregon,Male,High School or Below,482525.86,0,71.0,0,Personal Auto,Two-Door Car,511.2
WV69362,Arizona,Female,High School or Below,694783.88,0,99.0,0,Corporate Auto,Two-Door Car,475.2
RJ90816,California,Female,College,334480.95,33243,85.0,0,Personal Auto,Four-Door Car,24.56
NH19236,Arizona,Male,Master,235750.31,0,64.0,0,Personal Auto,Four-Door Car,199.79
VW88911,Oregon,Male,High School or Below,3594471.05,0,114.0,0,Corporate Auto,Four-Door Car,820.8
NV14535,Nevada,Male,High School or Below,1040896.87,20228,101.0,1,Personal Auto,SUV,523.82
BM66931,Arizona,Female,High School or Below,404816.13,92801,100.0,0,Personal Auto,SUV,407.05
JW24035,Oregon,Male,College,685200.19,0,69.0,1,Personal Auto,Four-Door Car,407.0
PG82270,California,Male,College,290302.42,36845,74.0,0,Personal Auto,Four-Door Car,355.2
RW65101,California,Female,College,1803911.42,0,63.0,0,Personal Auto,Four-Door Car,503.2
QO79771,California,Female,Master,324204.39,72330,81.0,2,Personal Auto,Four-Door Car,126.51
EC44438,Nevada,Female,Bachelor,246762.08,19352,65.0,0,Personal Auto,Four-Door Car,724.46
MW54213,Arizona,Male,College,567438.34,0,62.0,5,Personal Auto,Four-Door Car,297.6
ZN33412,Arizona,Female,College,863435.6,25073,79.0,0,Personal Auto,Four-Door Car,379.2
HZ56678,Oregon,Female,High School or Below,278019.69,20261,72.0,0,Personal Auto,Four-Door Car,345.6
AN36757,Oregon,Male,Master,2205600.5,66851,92.0,2,Personal Auto,Four-Door Car,408.55
NB54665,Arizona,Female,High School or Below,251459.2,43860,65.0,0,Corporate Auto,Four-Door Car,156.12
MG99229,Oregon,Male,College,588622.11,0,180.0,0,Corporate Auto,Luxury,1777.47
MX76292,California,Female,Doctor,770603.63,48019,64.0,0,Corporate Auto,Four-Door Car,137.67
EJ90880,California,Male,College,279045.82,28786,71.0,1,Personal Auto,Four-Door Car,345.62
WO95180,California,Female,High School or Below,239703.61,22283,65.0,0,Corporate Auto,Four-Door Car,572.07
BU53191,Arizona,Female,Bachelor,883432.28,34133,111.0,0,Personal Auto,SUV,226.97
ZK54897,Arizona,Male,Master,1443567.37,60880,119.0,0,Personal Auto,Two-Door Car,109.91
PP48389,California,Female,Bachelor,687196.66,0,196.0,2,Personal Auto,Luxury,940.8
XD29421,Oregon,Male,High School or Below,1536235.44,48115,192.0,0,Personal Auto,Luxury,1382.4
OP26403,California,Female,College,483479.75,32017,62.0,2,Personal Auto,Four-Door Car,297.6
XK15687,Oregon,Female,High School or Below,1089930.18,58518,136.0,0,Personal Auto,SUV,323.64
ED29955,California,Male,Bachelor,528404.1,61542,67.0,0,Personal Auto,Four-Door Car,321.6
QT84720,Oregon,Female,Bachelor,289172.68,56761,73.0,1,Corporate Auto,Two-Door Car,85.15
ZH35315,California,Male,College,490054.51,22976,66.0,0,Personal Auto,Four-Door Car,345.95
EE76374,Nevada,Female,High School or Below,2084259.63,0,72.0,0,Personal Auto,Four-Door Car,709.08
SH51981,Washington,Male,College,524605.72,70301,67.0,0,Personal Auto,Four-Door Car,328.94
BS13111,Arizona,Male,Bachelor,663083.61,0,66.0,0,Personal Auto,Four-Door Car,315.95
JP12645,Arizona,Male,Bachelor,1203662.05,44428,104.0,0,Personal Auto,SUV,499.2
ZF28570,Nevada,Male,Bachelor,389503.48,52361,102.0,0,Personal Auto,Four-Door Car,645.95
UU93074,California,Male,College,1170106.99,32435,297.0,0,Personal Auto,Luxury,1767.35
SZ60450,California,Male,High School or Below,341910.87,40272,86.0,0,Personal Auto,Two-Door Car,23.39
HL63895,Arizona,Male,Master,730277.51,30492,61.0,0,Personal Auto,Four-Door Car,171.38
UD27196,Arizona,Male,High School or Below,1968540.91,51524,244.0,0,Personal Auto,Luxury,1171.2
OU53351,Arizona,Male,College,248606.49,36635,63.0,0,Corporate Auto,Four-Door Car,302.4
SX50964,Arizona,Female,Bachelor,522432.88,83389,65.0,0,Corporate Auto,Two-Door Car,209.26
RP30093,Oregon,Female,Bachelor,4922143.07,63035,153.0,0,Personal Auto,SUV,734.4
BK73302,California,Male,Bachelor,316788.87,61638,82.0,2,Corporate Auto,Four-Door Car,544.34
CS93971,Arizona,Female,College,780531.29,21073,106.0,1,Personal Auto,SUV,508.8
RG13940,California,Female,College,1319792.89,0,68.0,3,Personal Auto,Four-Door Car,326.4
ZG94155,Oregon,Male,Bachelor,623430.59,0,82.0,0,Personal Auto,Two-Door Car,192.76
QN15356,Arizona,Male,College,753960.06,0,74.0,0,Personal Auto,Four-Door Car,532.8
MZ16820,Nevada,Male,High School or Below,815793.36,86811,102.0,0,Corporate Auto,Four-Door Car,489.6
DO98345,Oregon,Male,High School or Below,1315674.9,72517,82.0,0,Personal Auto,Two-Door Car,371.46
PA48777,Washington,Female,High School or Below,249125.76,25965,5353.0,0,Personal Auto,Four-Door Car,329.21
UK76814,Oregon,Female,Doctor,533938.84,84424,66.0,0,Personal Auto,Four-Door Car,231.54
SR30440,California,Female,College,864917.5,43383,109.0,0,Personal Auto,SUV,757.59
XE66367,Oregon,Male,High School or Below,751913.36,96306,95.0,1,Special Auto,Four-Door Car,185.36
SZ70655,California,Female,College,429300.96,0,61.0,0,Corporate Auto,Two-Door Car,292.8
UV54502,Washington,Female,High School or Below,253774.45,0,69.0,0,Personal Auto,Four-Door Car,331.2
DK98861,Arizona,Female,College,1316033.89,94125,109.0,0,Personal Auto,SUV,341.68
JX14364,Oregon,Male,College,1323554.44,39778,112.0,0,Personal Auto,SUV,806.4
LI85491,Oregon,Female,High School or Below,374457.77,0,101.0,0,Personal Auto,SUV,727.2
JY87538,Oregon,Female,College,2848607.28,91871,102.0,0,Personal Auto,SUV,346.85
VE55982,Nevada,Male,Bachelor,264468.46,54000,66.0,0,Corporate Auto,Two-Door Car,373.88
WK99918,Oregon,Male,Doctor,507328.21,57709,125.0,0,Personal Auto,SUV,600.0
XP16538,Arizona,Female,High School or Below,427258.51,81132,107.0,0,Corporate Auto,SUV,419.11
HW42900,California,Male,College,1100301.65,22926,93.0,0,Corporate Auto,Four-Door Car,479.93
JG84729,Arizona,Female,College,1418164.28,0,72.0,2,Personal Auto,Four-Door Car,345.6
XH85336,Washington,Male,Bachelor,554803.19,67798,69.0,0,Personal Auto,Four-Door Car,331.2
ND29059,Oregon,Male,Bachelor,1107768.59,78011,138.0,0,Personal Auto,SUV,619.7
HC76653,Oregon,Male,College,243568.9,32931,62.0,0,Personal Auto,Four-Door Car,297.6
SG73822,California,Female,Bachelor,874385.22,99517,109.0,0,Personal Auto,Four-Door Car,239.91
CB44654,Arizona,Male,Bachelor,240976.09,59665,62.0,1,Personal Auto,Two-Door Car,167.14
MP53505,Washington,Female,High School or Below,550001.25,86073,136.0,0,Corporate Auto,Luxury,333.57
YJ43481,Arizona,Female,High School or Below,852828.87,91099,107.0,0,Corporate Auto,SUV,406.43
TP15362,Oregon,Male,College,359199.61,28013,91.0,0,Personal Auto,Four-Door Car,655.2
YX90754,Nevada,Female,High School or Below,853982.69,55478,71.0,0,Personal Auto,Two-Door Car,339.4
TQ32702,Nevada,Female,College,699091.78,22568,88.0,0,Corporate Auto,Four-Door Car,422.4
TS50305,California,Female,High School or Below,397938.82,0,112.0,0,Personal Auto,SUV,806.4
BY22068,Arizona,Male,High School or Below,2395037.44,39335,201.0,0,Corporate Auto,Luxury,964.8
TJ48439,Oregon,Female,College,232105.25,0,66.0,0,Personal Auto,Two-Door Car,508.7
TE61015,Oregon,Male,College,508702.05,0,72.0,0,Personal Auto,Four-Door Car,345.6
RD89159,Oregon,Male,College,436293.12,58842,110.0,0,Personal Auto,Four-Door Car,528.0
VW86720,Oregon,Female,Bachelor,745746.81,0,69.0,0,Personal Auto,Four-Door Car,678.21
UM76485,Oregon,Male,College,702775.96,0,102.0,0,Personal Auto,SUV,489.6
LS62045,Oregon,Female,Bachelor,283168.37,70037,70.0,0,Personal Auto,Four-Door Car,409.99
ZG84862,Nevada,Male,High School or Below,421785.79,0,62.0,0,Personal Auto,Two-Door Car,446.4
CD76093,Nevada,Male,College,759629.15,59847,192.0,0,Corporate Auto,Luxury,921.6
FO99259,California,Male,Bachelor,836567.76,26630,118.0,0,Personal Auto,Four-Door Car,581.08
KN87338,Oregon,Female,High School or Below,272639.3,48039,68.0,0,Personal Auto,Four-Door Car,11.45
LT89398,California,Male,High School or Below,342045.22,0,92.0,0,Personal Auto,Four-Door Car,441.6
NZ19529,Arizona,Male,High School or Below,483910.72,0,137.0,0,Personal Auto,SUV,1227.46
PR41853,Arizona,Female,Bachelor,435855.35,0,118.0,0,Corporate Auto,Luxury,101.83
ZF40671,Washington,Female,Master,1242739.37,15818,107.0,0,Personal Auto,Two-Door Car,333.89
XR84971,Oregon,Female,Doctor,2351585.33,36537,85.0,0,Personal Auto,Four-Door Car,165.31
BP83941,Arizona,Female,Master,839632.76,0,115.0,1,Personal Auto,SUV,552.0
PY80449,Arizona,Male,High School or Below,517097.64,53603,132.0,1,Personal Auto,Luxury,697.27
ET22260,Nevada,Male,Doctor,558530.81,0,80.0,0,Corporate Auto,Four-Door Car,6.28
OF47250,California,Female,Doctor,863949.5,92374,107.0,1,Personal Auto,SUV,220.02
WB58031,California,Male,High School or Below,528183.35,39658,66.0,0,Corporate Auto,Four-Door Car,316.8
UV80201,Oregon,Female,Bachelor,838525.23,0,116.0,0,Personal Auto,Luxury,556.8
PY10605,Arizona,Male,Bachelor,463310.13,0,70.0,0,Personal Auto,Two-Door Car,336.0
JI82682,California,Female,High School or Below,248039.27,0,65.0,0,Personal Auto,Four-Door Car,328.31
BU14748,Arizona,Male,High School or Below,361868.69,50755,91.0,0,Personal Auto,Two-Door Car,436.8
QK18099,Washington,Female,College,537584.28,69050,67.0,0,Personal Auto,Four-Door Car,334.89
LD26428,Oregon,Male,Bachelor,489329.15,0,73.0,0,Corporate Auto,Four-Door Car,680.05
MY43761,California,Male,High School or Below,1073768.43,50607,137.0,0,Personal Auto,SUV,657.6
WQ89892,Washington,Female,College,260781.55,0,70.0,1,Special Auto,Two-Door Car,336.0
GY55415,Nevada,Female,Bachelor,1572525.05,0,149.0,0,Corporate Auto,SUV,1072.8
IB42395,Nevada,Male,College,955341.55,0,146.0,0,Corporate Auto,SUV,1051.2
ZU74482,Oregon,Male,College,750745.54,60920,64.0,0,Personal Auto,Two-Door Car,231.2
NL74789,California,Female,Bachelor,732492.82,0,105.0,0,Special Auto,Two-Door Car,504.0
YU86594,Oregon,Male,High School or Below,533303.81,55674,66.0,0,Personal Auto,Four-Door Car,81.71
QN37451,California,Male,College,1276723.06,0,189.0,0,Corporate Auto,Luxury,2201.33
GD83998,Washington,Male,Bachelor,265933.8,24495,70.0,0,Personal Auto,Four-Door Car,336.0
IL83479,Oregon,Female,College,348363.04,42983,86.0,0,Personal Auto,Four-Door Car,412.8
EF87528,Arizona,Male,College,463654.65,26802,66.0,1,Special Auto,Two-Door Car,316.8
IV74747,California,Male,Doctor,1753003.66,0,97.0,0,Corporate Auto,Four-Door Car,469.23
JZ81608,Oregon,Male,High School or Below,697871.98,53808,88.0,0,Personal Auto,Four-Door Car,189.84
EO40136,Arizona,Female,College,291224.84,93403,73.0,0,Personal Auto,Four-Door Car,295.22
ZR40902,Oregon,Female,Bachelor,420927.93,26435,111.0,1,Corporate Auto,Four-Door Car,1012.25
PO89542,Oregon,Female,Bachelor,500980.89,0,68.0,0,Personal Auto,Four-Door Car,326.4
FX57380,California,Female,Bachelor,521751.33,39854,66.0,0,Personal Auto,Two-Door Car,261.93
NM22175,Oregon,Male,College,1149033.62,0,161.0,0,Personal Auto,SUV,1052.93
BC97773,Nevada,Female,Master,286454.4,91368,71.0,0,Personal Auto,Four-Door Car,395.33
MN34012,Arizona,Male,Bachelor,840391.02,0,115.0,0,Personal Auto,SUV,552.0
KY29506,California,Female,College,2039596.88,92850,104.0,1,Personal Auto,Four-Door Car,499.2
VU84949,Washington,Female,Bachelor,529263.25,0,70.0,0,Personal Auto,Two-Door Car,336.0
HC20975,Arizona,Male,Bachelor,1672777.19,30915,72.0,2,Personal Auto,Four-Door Car,345.6
IF87079,Arizona,Female,Master,580112.83,48927,72.0,0,Personal Auto,Four-Door Car,139.35
EP18940,Oregon,Female,Bachelor,947297.38,0,86.0,0,Personal Auto,Four-Door Car,412.8
SB44003,Arizona,Female,College,1048491.54,61108,89.0,0,Personal Auto,Four-Door Car,49.45
MK15785,Nevada,Male,Master,438731.09,48015,110.0,0,Corporate Auto,Luxury,528.0
VP89545,Arizona,Male,College,452288.35,0,61.0,0,Personal Auto,Four-Door Car,292.8
HJ58678,Nevada,Female,College,541815.21,57587,68.0,0,Personal Auto,Four-Door Car,257.09
MW80236,Washington,Male,Master,7714.88,0,70.0,0,Personal Auto,Four-Door Car,336.0
IA52178,Arizona,Female,College,1578529.69,81119,196.0,0,Corporate Auto,SUV,940.8
WC42895,California,Female,Bachelor,2211039.8,65724,70.0,0,Personal Auto,Four-Door Car,14.52
JP41935,Washington,Male,High School or Below,1359619.97,20128,70.0,2,Personal Auto,Four-Door Car,336.0
YM77369,Oregon,Male,High School or Below,475612.62,56146,119.0,0,Corporate Auto,Four-Door Car,401.79
WV15213,California,Male,Bachelor,244705.31,84658,62.0,0,Personal Auto,Four-Door Car,44.78
GX37592,Nevada,Female,College,567592.33,33257,72.0,1,Personal Auto,Four-Door Car,345.6
VM34210,Washington,Female,College,739903.21,0,101.0,0,Personal Auto,SUV,337.62
YJ59924,Oregon,Male,College,730843.39,31115,92.0,0,Personal Auto,Four-Door Car,441.6
OO35641,Oregon,Female,College,3287174.78,78487,117.0,0,Personal Auto,SUV,448.26
EU54076,Oregon,Male,Bachelor,522892.01,92472,65.0,0,Corporate Auto,Four-Door Car,240.22
QH56750,Arizona,Male,High School or Below,2070086.45,0,64.0,0,Personal Auto,Four-Door Car,460.8
PQ27923,Washington,Male,Master,633303.08,71737,79.0,0,Personal Auto,Two-Door Car,338.8
ES16126,California,Male,College,433038.6,60475,107.0,0,Personal Auto,Four-Door Car,513.6
PG42834,Arizona,Female,Bachelor,629273.54,26577,79.0,0,Personal Auto,Four-Door Car,73.72
OY44814,Arizona,Male,High School or Below,491788.96,0,71.0,0,Personal Auto,Two-Door Car,511.2
JI97190,California,Male,High School or Below,516581.0,43461,64.0,0,Personal Auto,Two-Door Car,307.2
ZK61113,Oregon,Male,High School or Below,629159.0,0,94.0,0,Personal Auto,Two-Door Car,676.8
MU88116,Oregon,Female,Master,458267.42,69085,113.0,0,Corporate Auto,Luxury,472.27
TP61305,California,Male,High School or Below,606244.16,0,84.0,0,Personal Auto,Four-Door Car,604.8
ZY20779,Washington,Male,High School or Below,497907.99,0,71.0,0,Personal Auto,Two-Door Car,340.8
KP65334,California,Female,College,583056.14,0,77.0,0,Corporate Auto,Four-Door Car,783.43
OH15677,California,Male,High School or Below,374257.91,0,110.0,1,Personal Auto,Luxury,1272.55
HB53755,Oregon,Female,High School or Below,384959.67,0,106.0,0,Personal Auto,Luxury,763.2
UF77079,Arizona,Female,High School or Below,1526581.49,58361,95.0,0,Personal Auto,Four-Door Car,43.6
TD20252,Arizona,Male,College,531780.72,74092,67.0,0,Personal Auto,Four-Door Car,321.6
TH68362,California,Female,College,237480.92,0,64.0,0,Corporate Auto,Four-Door Car,380.82
TO34442,Washington,Male,College,553286.33,59768,71.0,1,Personal Auto,Four-Door Car,340.8
MP96373,Washington,Male,Master,571978.57,54585,7575.0,1,Personal Auto,Two-Door Car,340.8
CV72453,Oregon,Female,High School or Below,451220.44,0,125.0,0,Corporate Auto,SUV,900.0
OY92520,California,Female,Bachelor,726480.39,12075,94.0,0,Personal Auto,Four-Door Car,451.2
UY95530,California,Male,College,865886.38,62464,109.0,0,Personal Auto,Luxury,400.18
FB84235,Oregon,Male,College,549894.07,22520,73.0,0,Personal Auto,Four-Door Car,350.4
MJ14480,Arizona,Female,High School or Below,559938.29,35012,72.0,0,Personal Auto,Four-Door Car,345.6
KW81128,Arizona,Female,College,1522819.87,95140,126.0,0,Personal Auto,Luxury,45.05
DQ98402,Nevada,Female,High School or Below,364483.36,82477,90.0,0,Corporate Auto,Two-Door Car,432.0
WN53966,California,Male,Master,369344.08,85871,92.0,1,Personal Auto,Four-Door Car,112.63
QK69627,Washington,Female,High School or Below,938816.29,75264,78.0,0,Personal Auto,Four-Door Car,343.34
QC55306,Washington,Male,High School or Below,3116269.33,83170,97.0,0,Personal Auto,Four-Door Car,344.12
WV79842,California,Male,High School or Below,928373.78,24314,235.0,0,Personal Auto,Luxury,1128.0
DF40318,Oregon,Male,Master,255122.67,79751,63.0,0,Corporate Auto,Two-Door Car,392.24
TN90661,Nevada,Male,High School or Below,581191.81,83318,72.0,0,Corporate Auto,Four-Door Car,345.6
ZU88029,Oregon,Female,Master,406467.06,26161,109.0,0,Personal Auto,Luxury,594.44
TQ88221,California,Female,Bachelor,284144.31,30473,72.0,0,Corporate Auto,Four-Door Car,450.08
KH34667,Nevada,Male,College,683213.39,50472,87.0,0,Corporate Auto,Four-Door Car,281.16
HW54198,Nevada,Male,Master,520197.14,94186,64.0,0,Personal Auto,Four-Door Car,135.34
GZ79662,Arizona,Male,High School or Below,548458.82,47611,69.0,0,Corporate Auto,Four-Door Car,593.65
YA11342,California,Male,High School or Below,767268.14,0,103.0,0,Personal Auto,Four-Door Car,518.72
ZW18871,Oregon,Male,High School or Below,827248.54,91245,69.0,0,Corporate Auto,Four-Door Car,19.25
QZ17137,Arizona,Female,High School or Below,333067.28,45944,83.0,0,Personal Auto,Two-Door Car,182.95
UV53712,California,Female,College,556245.64,59649,69.0,1,Personal Auto,Four-Door Car,167.74
SJ43436,Oregon,Female,Bachelor,245273.86,52785,61.0,0,Corporate Auto,Two-Door Car,45.72
VW46878,Oregon,Female,High School or Below,792028.29,59648,66.0,0,Personal Auto,Four-Door Car,316.8
TW91179,Oregon,Female,College,386148.63,93272,95.0,0,Corporate Auto,Four-Door Car,281.11
LG19551,Arizona,Male,Bachelor,576478.42,22134,72.0,0,Corporate Auto,Four-Door Car,445.88
AI49712,Washington,Female,High School or Below,259389.79,0,72.0,0,Personal Auto,Four-Door Car,345.6
WN14473,Arizona,Male,Master,288235.06,87798,71.0,0,Personal Auto,Two-Door Car,204.45
WH62198,California,Male,Bachelor,221318.79,0,63.0,0,Personal Auto,Four-Door Car,305.55
SP85148,California,Female,Master,942962.94,43811,117.0,0,Personal Auto,Luxury,571.14
FB49203,California,Female,College,623925.75,0,91.0,0,Corporate Auto,Two-Door Car,655.2
FF94341,Nevada,Female,Bachelor,766880.96,92456,95.0,0,Special Auto,Four-Door Car,456.0
TS42594,California,Female,High School or Below,1377097.62,59207,116.0,0,Personal Auto,Four-Door Car,556.8
IL43607,California,Female,High School or Below,274284.43,64519,69.0,1,Corporate Auto,Four-Door Car,331.2
FL85008,Oregon,Female,High School or Below,1346692.07,11432,119.0,0,Personal Auto,SUV,571.2
AN47199,Nevada,Female,College,885835.2,0,80.0,0,Personal Auto,Two-Door Car,81.26
SV28347,California,Male,High School or Below,848533.0,32607,111.0,1,Corporate Auto,SUV,532.8
IC78105,Arizona,Female,High School or Below,774464.44,26444,196.0,0,Personal Auto,Luxury,940.8
RB28630,Oregon,Female,High School or Below,589490.74,39381,74.0,1,Personal Auto,Four-Door Car,355.2
KA32645,Nevada,Male,College,577068.41,0,83.0,0,Personal Auto,Four-Door Car,946.35
QD73891,Oregon,Male,High School or Below,526111.75,90217,66.0,1,Personal Auto,Four-Door Car,316.8
LM58949,Oregon,Male,High School or Below,240353.95,24248,70.0,3,Personal Auto,Four-Door Car,336.0
YG40323,Arizona,Male,Bachelor,912460.0,99368,113.0,0,Personal Auto,Four-Door Car,82.43
EP82214,Arizona,Female,High School or Below,2618080.53,68189,82.0,1,Special Auto,Four-Door Car,343.12
EO91797,Nevada,Female,Master,1564125.86,32370,130.0,0,Corporate Auto,SUV,487.74
RU50098,Arizona,Female,Master,257402.04,34990,65.0,0,Personal Auto,Four-Door Car,42.69
QW10541,California,Female,High School or Below,531983.87,25714,67.0,0,Personal Auto,Two-Door Car,321.6
SB50826,Oregon,Male,College,749600.66,61091,95.0,0,Personal Auto,Two-Door Car,409.87
XX29952,Arizona,Male,College,1217458.96,88184,104.0,3,Personal Auto,Four-Door Car,240.18
AT93647,California,Female,College,260557.08,60252,65.0,0,Personal Auto,Four-Door Car,182.44
QP56563,Oregon,Male,College,270720.85,80985,67.0,0,Personal Auto,Four-Door Car,124.93
UF88986,Washington,Female,College,279490.75,39783,72.0,0,Personal Auto,Two-Door Car,345.6
TY43440,California,Male,High School or Below,881901.89,99845,110.0,1,Personal Auto,SUV,528.0
NJ15094,Washington,Female,Bachelor,534599.46,0,72.0,0,Personal Auto,Four-Door Car,345.6
MM45334,Oregon,Female,College,816951.4,40803,71.0,3,Personal Auto,Four-Door Car,122.91
KH93988,Oregon,Female,College,770888.39,71134,98.0,3,Personal Auto,Two-Door Car,196.37
RY38931,Arizona,Male,Bachelor,552821.28,36088,72.0,0,Personal Auto,Four-Door Car,345.6
CV48634,Nevada,Male,College,1212844.67,29431,103.0,0,Personal Auto,SUV,237.9
TN76120,Washington,Male,Bachelor,552821.28,36088,72.0,0,Personal Auto,Four-Door Car,345.6
ZS96174,Oregon,Male,College,679684.48,17937,65.0,0,Personal Auto,Two-Door Car,312.0
MI62456,Arizona,Female,Bachelor,286731.22,23376,78.0,0,Personal Auto,Four-Door Car,374.4
DD44177,California,Female,Doctor,239557.0,21986,63.0,0,Personal Auto,Two-Door Car,333.7
NX31380,Arizona,Female,Bachelor,709416.77,23032,89.0,0,Corporate Auto,Four-Door Car,427.2
KQ43374,Oregon,Female,College,412809.13,32114,104.0,0,Corporate Auto,SUV,445.29
XA54112,California,Male,Bachelor,404693.61,13330,117.0,0,Corporate Auto,SUV,561.6
QB14087,California,Female,College,486928.28,44934,61.0,0,Personal Auto,Four-Door Car,357.93
FV42881,Oregon,Female,College,290215.19,96137,73.0,2,Corporate Auto,Two-Door Car,67.49
AV76907,Oregon,Female,College,428294.8,40864,109.0,1,Personal Auto,SUV,166.94
VM85555,California,Female,College,775012.03,22668,67.0,1,Personal Auto,Four-Door Car,33.72
ZU88113,Oregon,Male,College,662717.46,90751,82.0,1,Personal Auto,Two-Door Car,315.83
SZ75668,Oregon,Male,College,747460.58,44186,64.0,2,Personal Auto,Four-Door Car,295.05
MZ65087,Oregon,Male,College,556129.14,92678,70.0,0,Personal Auto,Four-Door Car,34.69
EL61402,Arizona,Female,Bachelor,609846.21,74257,76.0,0,Personal Auto,Four-Door Car,214.59
CJ31839,California,Male,Bachelor,285952.89,99981,71.0,0,Special Auto,Four-Door Car,204.87
XM11175,Arizona,Male,College,599442.46,0,91.0,0,Personal Auto,Four-Door Car,655.2
LF41085,Arizona,Female,College,563524.95,19591,74.0,0,Personal Auto,Two-Door Car,95.93
MB19556,California,Female,College,506720.83,29095,127.0,0,Personal Auto,SUV,664.28
HC74532,Oregon,Female,Bachelor,226328.46,0,62.0,0,Corporate Auto,Four-Door Car,389.75
SB66770,Arizona,Male,Master,1443567.37,60880,119.0,0,Corporate Auto,Two-Door Car,109.91
JI25066,Arizona,Female,Bachelor,492839.71,61785,61.0,0,Personal Auto,Two-Door Car,271.11
PY98958,Oregon,Male,Bachelor,1203662.05,44428,104.0,0,Special Auto,SUV,499.2
RA65645,California,Male,High School or Below,856476.82,95697,107.0,0,Personal Auto,Luxury,178.01
FQ79356,California,Female,Bachelor,236188.39,18064,63.0,2,Personal Auto,Four-Door Car,182.96
TM25808,California,Male,High School or Below,556569.33,74720,70.0,0,Personal Auto,Two-Door Car,200.81
XO46388,California,Female,Bachelor,514680.98,22594,67.0,0,Personal Auto,Four-Door Car,321.6
LB81265,Arizona,Female,Bachelor,293808.03,40987,73.0,0,Personal Auto,Four-Door Car,329.01
JR38787,Nevada,Male,High School or Below,1443274.64,24561,126.0,0,Personal Auto,SUV,853.47
KZ22690,California,Female,College,1302741.98,76456,83.0,1,Personal Auto,Four-Door Car,42.69
NY49598,California,Male,College,245198.88,65828,62.0,0,Personal Auto,Four-Door Car,297.6
KY39767,Oregon,Female,College,466198.41,0,68.0,1,Personal Auto,Four-Door Car,489.6
YU35386,Arizona,Female,Bachelor,560001.02,63621,70.0,0,Personal Auto,Four-Door Car,444.62
TF82172,Arizona,Male,College,401613.28,10074,107.0,0,Corporate Auto,SUV,109.0
ER40041,Oregon,Female,College,2219580.3,78965,183.0,0,Personal Auto,Luxury,145.59
MS39869,Nevada,Female,College,734335.37,0,68.0,0,Personal Auto,Four-Door Car,479.03
PV77906,Arizona,Male,Bachelor,480451.43,23604,64.0,0,Corporate Auto,Two-Door Car,460.8
QF21045,Oregon,Female,College,273553.89,99205,68.0,0,Personal Auto,Two-Door Car,323.25
HF65914,Arizona,Male,College,694097.28,0,92.0,0,Personal Auto,Two-Door Car,441.6
AJ58038,California,Female,Bachelor,239621.93,0,66.0,2,Corporate Auto,Four-Door Car,433.16
ZR88383,Nevada,Female,College,538089.86,55350,67.0,0,Personal Auto,Four-Door Car,321.6
OT49339,Oregon,Male,College,843281.57,21052,111.0,0,Corporate Auto,SUV,453.58
FI74985,Oregon,Female,High School or Below,755650.75,0,69.0,0,Personal Auto,Four-Door Car,496.8
JW15301,Arizona,Male,High School or Below,778743.17,24664,69.0,0,Corporate Auto,Four-Door Car,496.8
PY20159,Nevada,Male,College,478781.29,45225,124.0,0,Corporate Auto,Luxury,209.18
NC42524,California,Male,College,970764.76,30430,86.0,0,Special Auto,Four-Door Car,425.66
ZG19911,California,Female,Bachelor,255222.62,35149,64.0,0,Personal Auto,Two-Door Car,120.48
DI89983,California,Male,Bachelor,522342.93,16513,71.0,0,Personal Auto,Four-Door Car,340.8
IG56214,Nevada,Male,High School or Below,501044.93,10892,66.0,0,Personal Auto,Four-Door Car,316.8
CA86085,Washington,Male,High School or Below,560831.63,67176,72.0,0,Personal Auto,Four-Door Car,345.6
UO95739,Oregon,Male,College,445793.63,54704,113.0,0,Personal Auto,SUV,468.18
SB64873,Oregon,Male,Doctor,820078.73,25381,71.0,0,Personal Auto,Four-Door Car,340.8
TE82896,Oregon,Female,High School or Below,274608.01,0,74.0,0,Personal Auto,Four-Door Car,355.2
VY64199,Oregon,Female,Bachelor,1021577.92,18150,67.0,0,Corporate Auto,Four-Door Car,220.3
IE82679,California,Male,Bachelor,245357.08,29735,69.0,0,Personal Auto,Four-Door Car,331.2
SL70257,Nevada,Female,College,587295.88,77156,73.0,0,Personal Auto,Four-Door Car,445.82
XJ85947,Oregon,Female,College,311892.79,88782,78.0,0,Personal Auto,Four-Door Car,357.76
EF84269,California,Female,College,556865.65,51489,139.0,0,Personal Auto,SUV,236.74
NY91328,California,Female,Bachelor,902971.47,16972,125.0,0,Personal Auto,SUV,600.0
AT49447,California,Male,Bachelor,759182.72,99359,95.0,0,Personal Auto,Two-Door Car,233.27
BM70908,Arizona,Male,College,225531.29,58289,62.0,4,Personal Auto,Two-Door Car,297.6
GM63998,Oregon,Female,Doctor,3261369.04,45173,268.0,0,Personal Auto,Luxury,1286.4
AR61426,California,Female,Bachelor,944564.95,93246,78.0,0,Personal Auto,Two-Door Car,41.63
CB62406,Arizona,Male,High School or Below,680359.68,43758,171.0,0,Corporate Auto,SUV,1129.93
WH82416,Oregon,Male,Bachelor,976621.71,75651,81.0,0,Personal Auto,Four-Door Car,375.11
UI53874,Arizona,Female,Doctor,729484.61,0,67.0,0,Personal Auto,Four-Door Car,321.6
LM44949,Oregon,Female,Doctor,568251.53,36938,70.0,0,Special Auto,Four-Door Car,244.8
JR59597,California,Male,Bachelor,633294.18,50843,82.0,0,Personal Auto,Two-Door Car,393.6
ZS22428,California,Female,Bachelor,491657.7,21907,62.0,0,Personal Auto,Four-Door Car,2.96
AZ34845,California,Female,Bachelor,479824.09,77846,119.0,0,Personal Auto,Luxury,342.47
XZ34917,Washington,Male,Bachelor,564380.24,41043,72.0,0,Personal Auto,Four-Door Car,345.6
QU20310,Arizona,Female,High School or Below,924746.44,97030,76.0,0,Corporate Auto,Four-Door Car,416.64
NQ42020,Oregon,Male,High School or Below,732292.89,80864,182.0,0,Personal Auto,Luxury,618.21
ZF40143,Nevada,Female,College,827590.01,48197,106.0,0,Personal Auto,Four-Door Car,508.8
GU65780,California,Male,Doctor,563540.37,70837,73.0,4,Personal Auto,Four-Door Car,362.74
KY32675,Arizona,Male,High School or Below,1497028.51,85297,93.0,0,Special Auto,Two-Door Car,620.01
ZX35838,Oregon,Female,Master,933633.69,70177,115.0,0,Personal Auto,Four-Door Car,225.52
LU42720,Nevada,Male,College,4835696.08,52499,138.0,0,Personal Auto,SUV,1171.54
FB25242,Oregon,Male,College,568691.53,63143,71.0,0,Corporate Auto,Four-Door Car,340.8
RW51650,Oregon,Male,Bachelor,862283.54,97361,73.0,0,Personal Auto,Four-Door Car,350.4
XX94684,Nevada,Male,High School or Below,507967.48,50052,130.0,0,Personal Auto,Luxury,624.0
AH99727,Arizona,Female,Bachelor,562331.45,11612,71.0,0,Personal Auto,Four-Door Car,340.8
NZ85858,Arizona,Female,High School or Below,527001.36,78115,65.0,0,Personal Auto,Four-Door Car,255.45
JU19953,California,Female,Master,862117.22,81947,71.0,0,Personal Auto,Two-Door Car,203.99
LC33025,Oregon,Male,College,791833.49,44698,211.0,4,Personal Auto,Luxury,1012.8
BV86143,California,Female,High School or Below,2103401.82,26876,66.0,0,Personal Auto,Four-Door Car,219.21
AY88788,Oregon,Female,College,1541768.22,69841,192.0,0,Personal Auto,Luxury,878.81
OJ33945,Oregon,Female,High School or Below,869263.68,97768,72.0,0,Personal Auto,Two-Door Car,151.84
LO84523,Oregon,Male,High School or Below,650314.39,0,187.0,0,Personal Auto,Luxury,1588.68
HZ25580,Washington,Female,High School or Below,239619.24,39062,61.0,0,Corporate Auto,Two-Door Car,346.99
AR96516,Oregon,Female,Bachelor,591495.18,50217,74.0,0,Personal Auto,Two-Door Car,355.2
JP69864,Washington,Female,Bachelor,224844.96,24910,63.0,1,Personal Auto,Four-Door Car,347.86
DL26809,Nevada,Male,College,682679.77,0,68.0,0,Personal Auto,Two-Door Car,489.6
MV69686,Oregon,Female,Doctor,398218.07,38500,99.0,1,Corporate Auto,Four-Door Car,423.29
SC95565,Nevada,Female,High School or Below,288777.97,62018,71.0,0,Personal Auto,Two-Door Car,293.87
RL31641,Oregon,Female,College,225241.68,0,65.0,0,Personal Auto,Two-Door Car,468.0
OH83248,California,Male,Master,845853.13,57394,106.0,0,Personal Auto,Four-Door Car,316.49
DB28979,California,Male,Bachelor,747831.37,23530,65.0,0,Corporate Auto,Two-Door Car,312.0
ZS32263,California,Female,High School or Below,378864.98,48887,95.0,0,Personal Auto,Four-Door Car,456.0
IY59173,Oregon,Female,Master,522068.53,68867,129.0,0,Personal Auto,SUV,619.2
KL17620,California,Female,College,713029.48,12062,63.0,0,Corporate Auto,Four-Door Car,302.4
CP28581,Arizona,Male,College,851359.27,59230,107.0,0,Personal Auto,SUV,245.08
QR15592,Arizona,Female,Bachelor,566013.38,59586,72.0,0,Personal Auto,Four-Door Car,91.2
RI85578,Washington,Female,Bachelor,263814.01,79699,65.0,0,Personal Auto,Two-Door Car,348.83
TG68823,Arizona,Female,Bachelor,531889.66,25134,67.0,0,Personal Auto,Four-Door Car,321.6
WO78310,Oregon,Female,College,416016.26,0,61.0,0,Personal Auto,Four-Door Car,292.8
SC78905,Oregon,Female,College,223734.78,0,61.0,0,Personal Auto,Four-Door Car,292.8
EL88957,California,Male,College,346012.3,0,100.0,1,Personal Auto,SUV,720.0
SS54050,California,Male,Bachelor,1600550.51,44901,70.0,2,Personal Auto,Four-Door Car,460.81
ZV99487,Arizona,Female,Bachelor,698660.37,0,93.0,0,Personal Auto,Four-Door Car,149.27
XI51746,Oregon,Female,Bachelor,882696.15,28463,113.0,2,Personal Auto,SUV,324.32
KG85675,Nevada,Female,Bachelor,472686.93,13037,124.0,0,Personal Auto,SUV,839.35
KK64803,California,Male,High School or Below,2744347.48,82320,99.0,1,Personal Auto,Four-Door Car,475.2
OM80593,California,Female,Bachelor,724731.35,0,104.0,0,Personal Auto,SUV,499.2
RL59810,Oregon,Female,College,513785.21,78460,64.0,0,Personal Auto,Four-Door Car,203.57
QQ53360,Nevada,Male,College,273905.72,0,92.0,4,Personal Auto,Two-Door Car,657.29
WR76339,California,Male,College,509279.39,46922,64.0,0,Corporate Auto,Two-Door Car,403.39
BA40043,California,Male,College,579982.68,60689,74.0,0,Corporate Auto,Four-Door Car,5.75
MK52197,Nevada,Female,Master,550706.32,0,71.0,0,Personal Auto,Four-Door Car,340.8
SV48204,Oregon,Female,College,1048491.54,61108,89.0,0,Personal Auto,Four-Door Car,49.45
RJ79502,Arizona,Male,Bachelor,850128.0,98003,107.0,0,Personal Auto,SUV,449.41
LY14355,Washington,Female,High School or Below,293598.83,73847,73.0,1,Personal Auto,Two-Door Car,350.4
NL32558,Arizona,Female,High School or Below,650339.7,22081,84.0,0,Personal Auto,Two-Door Car,451.67
CP92616,Nevada,Male,High School or Below,4680522.31,83006,235.0,1,Personal Auto,Luxury,1065.05
BP28492,Arizona,Female,College,483471.05,38713,66.0,4,Corporate Auto,Four-Door Car,316.8
MX28412,Oregon,Female,College,257532.37,28700,68.0,3,Personal Auto,Four-Door Car,326.4
DT99586,California,Female,Master,3711165.95,61552,115.0,0,Personal Auto,SUV,12.25
IC41932,Nevada,Male,College,437119.04,56718,113.0,1,Personal Auto,SUV,542.4
DA35744,Oregon,Male,Doctor,1679633.6,66776,71.0,0,Corporate Auto,Four-Door Car,131.81
GU96042,California,Male,High School or Below,798850.64,58268,67.0,0,Corporate Auto,Two-Door Car,228.64
UW98698,California,Male,College,226984.11,0,68.0,0,Personal Auto,Four-Door Car,542.02
SF32458,California,Male,Doctor,499147.2,12608,66.0,1,Personal Auto,Four-Door Car,214.87
OM85313,California,Male,Master,292193.09,63499,73.0,0,Personal Auto,Four-Door Car,278.96
MH81246,Oregon,Male,High School or Below,761319.31,36247,96.0,0,Corporate Auto,Four-Door Car,329.52
OH99089,California,Female,Master,582740.97,30228,73.0,0,Personal Auto,Four-Door Car,163.35
TG57800,Oregon,Female,College,260064.12,0,74.0,0,Personal Auto,Two-Door Car,501.47
GX19342,California,Female,High School or Below,849146.57,0,116.0,0,Personal Auto,Four-Door Car,1193.12
XE39286,Arizona,Female,Bachelor,977873.36,99364,121.0,0,Personal Auto,Luxury,580.8
JA93297,California,Male,Bachelor,2265853.65,23665,67.0,0,Personal Auto,Four-Door Car,404.82
II37789,Arizona,Female,College,1000402.76,0,94.0,0,Corporate Auto,Four-Door Car,807.17
IC32996,Oregon,Male,High School or Below,487277.44,69247,61.0,1,Corporate Auto,Two-Door Car,226.52
LO67195,Arizona,Female,College,744481.46,56047,92.0,0,Corporate Auto,Four-Door Car,82.73
PG93638,Oregon,Male,College,576111.12,28919,73.0,0,Personal Auto,Two-Door Car,207.83
OZ41737,Oregon,Female,Doctor,536677.91,0,70.0,0,Personal Auto,Four-Door Car,223.17
OY66019,Oregon,Female,College,625947.78,0,83.0,0,Personal Auto,Four-Door Car,254.14
CH73843,Arizona,Male,High School or Below,762358.07,69900,64.0,0,Personal Auto,Two-Door Car,33.97
XT93203,California,Male,High School or Below,1096395.72,55687,276.0,0,Personal Auto,Luxury,1324.8
OR85652,Oregon,Female,Bachelor,742784.51,78294,92.0,0,Personal Auto,Four-Door Car,181.15
LR10110,Washington,Female,Bachelor,550413.9,0,73.0,0,Corporate Auto,Four-Door Car,350.4
XK11432,Arizona,Male,Bachelor,466512.96,0,62.0,0,Personal Auto,Two-Door Car,297.6
OX24868,California,Female,High School or Below,602184.25,0,168.0,0,Personal Auto,SUV,1476.67
EZ74530,Nevada,Male,High School or Below,307410.55,0,104.0,3,Personal Auto,Luxury,748.8
HP46467,Oregon,Female,College,495308.64,21385,127.0,0,Corporate Auto,SUV,609.6
KP54476,California,Male,Master,778048.93,87128,97.0,0,Personal Auto,Two-Door Car,495.61
AI47152,Nevada,Female,College,799277.91,35434,66.0,0,Personal Auto,Four-Door Car,297.05
BU15334,California,Female,Master,417068.73,29462,107.0,1,Corporate Auto,SUV,513.6
GD59796,Nevada,Female,College,2322823.67,53243,102.0,3,Personal Auto,Four-Door Car,489.6
OX59701,California,Male,High School or Below,544581.7,21006,139.0,1,Personal Auto,SUV,667.2
OD63728,California,Female,College,455849.84,0,65.0,0,Personal Auto,Two-Door Car,312.0
JC38573,Oregon,Male,Bachelor,552821.28,36088,72.0,0,Corporate Auto,Four-Door Car,345.6
RC11491,Oregon,Female,College,1039066.65,28948,131.0,0,Corporate Auto,SUV,295.83
RZ24101,Nevada,Female,College,714254.91,24417,185.0,0,Personal Auto,SUV,888.0
OB88698,Oregon,Male,High School or Below,546954.3,67099,69.0,0,Personal Auto,Two-Door Car,23.0
IK92617,Oregon,Female,Bachelor,1162873.4,97830,96.0,0,Personal Auto,Four-Door Car,298.36
YH43996,Arizona,Male,College,1018965.43,0,101.0,0,Personal Auto,Four-Door Car,727.2
BJ65040,Arizona,Female,High School or Below,273343.19,93558,67.0,0,Personal Auto,Four-Door Car,478.23
WY57101,Arizona,Female,Doctor,401445.31,37384,99.0,0,Personal Auto,Four-Door Car,475.2
OG77759,Arizona,Male,Bachelor,711953.19,28227,62.0,0,Personal Auto,Four-Door Car,551.28
HN38084,Nevada,Male,High School or Below,1177279.07,51008,74.0,0,Corporate Auto,Two-Door Car,355.2
GD11927,California,Male,High School or Below,238179.08,78185,61.0,0,Personal Auto,Four-Door Car,292.8
MC20349,California,Female,Bachelor,520835.39,0,74.0,0,Personal Auto,Four-Door Car,532.8
HM22034,Nevada,Male,College,501872.79,0,68.0,0,Personal Auto,Four-Door Car,670.48
KH48996,Arizona,Female,Bachelor,1190054.48,97205,100.0,2,Personal Auto,Luxury,5.57
VF32979,Washington,Female,Bachelor,580017.19,25472,73.0,0,Corporate Auto,Four-Door Car,350.4
LS90887,California,Female,Bachelor,567438.12,26225,72.0,1,Special Auto,Four-Door Car,320.78
EN72010,Oregon,Male,College,727143.4,20545,70.0,0,Personal Auto,Two-Door Car,336.0
KH44031,Oregon,Female,Master,316449.4,0,83.0,0,Personal Auto,Four-Door Car,398.4
GJ47896,Arizona,Female,College,266103.34,35503,67.0,0,Personal Auto,Two-Door Car,216.17
GD87742,Oregon,Female,College,1414055.89,58988,118.0,0,Personal Auto,Luxury,566.4
MD14027,Nevada,Female,Bachelor,765422.71,0,74.0,1,Personal Auto,Two-Door Car,355.2
XA32915,Nevada,Male,High School or Below,219973.95,0,64.0,0,Personal Auto,Two-Door Car,685.46
XR52852,Oregon,Female,College,200435.07,0,66.0,4,Special Auto,Four-Door Car,316.8
EZ48947,Nevada,Male,College,1311111.32,67197,111.0,0,Special Auto,SUV,147.95
OJ50322,Nevada,Male,High School or Below,1576260.35,39032,198.0,0,Personal Auto,SUV,950.4
XB77333,Oregon,Female,College,1319792.89,0,68.0,3,Personal Auto,Four-Door Car,326.4
QB58745,California,Male,High School or Below,278753.98,34927,70.0,0,Personal Auto,Two-Door Car,242.49
IG62421,Nevada,Male,Doctor,343613.43,30817,88.0,0,Personal Auto,Four-Door Car,91.83
SF29724,California,Female,Bachelor,271336.8,31535,70.0,0,Personal Auto,Four-Door Car,90.53
WM95454,California,Female,Bachelor,286731.22,23376,78.0,0,Personal Auto,Four-Door Car,374.4
CB96381,California,Female,College,1459024.58,46244,62.0,0,Corporate Auto,Four-Door Car,255.29
MJ60422,Arizona,Male,Bachelor,665247.45,34886,84.0,0,Personal Auto,Two-Door Car,403.2
NC63295,Arizona,Male,High School or Below,244462.11,0,66.0,0,Corporate Auto,Four-Door Car,316.8
CM55703,Washington,Female,College,289691.88,33746,74.0,1,Personal Auto,Two-Door Car,355.2
ZE76673,Oregon,Male,Doctor,1097206.78,24164,137.0,0,Personal Auto,Luxury,657.6
TO60700,Washington,Female,Bachelor,7714.88,25859,74.0,0,Special Auto,Four-Door Car,355.2
WF34690,Oregon,Female,Bachelor,1935737.2,0,68.0,1,Personal Auto,Four-Door Car,326.4
ZM28138,Arizona,Female,Bachelor,722712.04,40153,61.0,0,Personal Auto,Four-Door Car,340.07
FI14842,Nevada,Female,College,785730.39,0,104.0,0,Personal Auto,SUV,499.2
KC32511,Oregon,Female,Master,518162.09,97131,64.0,0,Personal Auto,Four-Door Car,307.2
NE10467,Arizona,Female,High School or Below,428106.22,23712,106.0,0,Corporate Auto,SUV,508.8
PT93474,Oregon,Female,Bachelor,1151316.29,0,64.0,0,Personal Auto,Four-Door Car,307.2
RL74454,Nevada,Female,Bachelor,514711.02,33171,65.0,0,Personal Auto,Four-Door Car,236.64
DQ31994,Nevada,Female,College,866349.76,0,83.0,1,Corporate Auto,Four-Door Car,398.4
DN98431,Oregon,Female,High School or Below,253532.17,0,68.0,0,Corporate Auto,Four-Door Car,326.4
EV53200,Nevada,Male,College,2150433.88,60228,112.0,1,Personal Auto,SUV,286.1
AJ89107,Arizona,Male,High School or Below,734932.85,27072,93.0,0,Personal Auto,Four-Door Car,565.34
WS25565,California,Male,Master,850985.09,26057,74.0,0,Personal Auto,Four-Door Car,523.89
ZY33234,Nevada,Female,High School or Below,429718.91,66331,107.0,0,Personal Auto,Two-Door Car,513.6
PS69748,Washington,Male,College,871704.98,83846,74.0,3,Personal Auto,Four-Door Car,355.2
HL33607,Washington,Male,College,871704.98,83846,74.0,3,Personal Auto,Four-Door Car,355.2
DG90902,California,Female,College,1747664.14,45106,73.0,0,Personal Auto,Four-Door Car,350.4
SW96063,Arizona,Female,Bachelor,1047989.97,78435,130.0,0,Personal Auto,SUV,553.61
CP19929,California,Female,Bachelor,224257.44,0,63.0,1,Corporate Auto,Two-Door Car,453.6
KR50062,Oregon,Male,College,275445.68,79507,70.0,3,Personal Auto,Two-Door Car,442.2
CU19735,Arizona,Male,High School or Below,804120.06,44986,101.0,0,Corporate Auto,SUV,624.02
ST52914,Arizona,Male,College,604291.19,25899,79.0,0,Personal Auto,Two-Door Car,568.8
WQ68301,Oregon,Male,Bachelor,282743.89,13610,74.0,0,Personal Auto,Four-Door Car,355.2
LR33381,Nevada,Male,Doctor,2204185.64,0,65.0,0,Personal Auto,Four-Door Car,312.0
UR36912,California,Male,Bachelor,279680.22,77362,70.0,0,Personal Auto,Two-Door Car,386.6
SK46419,California,Male,High School or Below,407284.94,96443,102.0,0,Personal Auto,SUV,489.6
BY88757,California,Male,Master,518246.23,0,135.0,1,Personal Auto,SUV,939.53
ER65086,Nevada,Male,Doctor,613166.32,90778,76.0,0,Personal Auto,Four-Door Car,62.29
TP87527,California,Female,High School or Below,239213.11,0,65.0,0,Corporate Auto,Four-Door Car,361.18
VL80291,Nevada,Female,Master,320966.3,78494,79.0,0,Personal Auto,Two-Door Car,122.31
WL45773,California,Female,Doctor,280860.6,83497,69.0,0,Special Auto,Four-Door Car,196.52
TT36693,Nevada,Male,College,436293.12,58842,110.0,0,Personal Auto,Four-Door Car,528.0
PT12544,Arizona,Male,College,688046.89,63935,87.0,0,Personal Auto,Four-Door Car,221.62
CI24326,Oregon,Male,Bachelor,359106.67,0,96.0,0,Personal Auto,Four-Door Car,460.8
YQ73717,California,Male,High School or Below,520125.22,0,69.0,0,Personal Auto,Four-Door Car,331.2
FG99706,Oregon,Female,College,552154.26,0,77.0,0,Personal Auto,Four-Door Car,369.6
OM63414,Arizona,Female,Bachelor,507165.15,62258,65.0,0,Personal Auto,Two-Door Car,117.45
JQ74890,Nevada,Male,Bachelor,292168.14,0,80.0,0,Corporate Auto,Four-Door Car,739.31
FP93662,California,Female,Master,1580653.4,58516,98.0,0,Corporate Auto,Two-Door Car,470.4
SA40041,Washington,Female,Bachelor,574988.38,22814,73.0,0,Personal Auto,Four-Door Car,360.77
EW82164,California,Female,Bachelor,416741.96,56901,104.0,0,Personal Auto,SUV,499.2
KV99550,California,Male,High School or Below,651495.4,0,61.0,1,Personal Auto,Four-Door Car,292.8
CA96230,California,Male,Doctor,918951.83,99443,117.0,4,Personal Auto,SUV,228.05
QN17712,Oregon,Female,College,823122.34,0,113.0,0,Personal Auto,SUV,373.07
KM79894,Arizona,Male,Master,309517.54,88246,77.0,1,Corporate Auto,Four-Door Car,428.61
KR25511,Washington,Male,High School or Below,600521.48,26876,76.0,0,Corporate Auto,Four-Door Car,364.8
DZ45471,Nevada,Male,College,758211.38,64801,64.0,0,Personal Auto,Four-Door Car,268.47
DE18949,Oregon,Female,College,1634460.81,57029,68.0,0,Corporate Auto,Two-Door Car,135.79
BN74268,Arizona,Female,College,1176315.25,28045,99.0,0,Personal Auto,Four-Door Car,475.2
QJ93301,Nevada,Male,Master,405337.38,44661,101.0,0,Personal Auto,Two-Door Car,436.84
OO92815,Arizona,Female,High School or Below,331115.79,21246,83.0,0,Personal Auto,Four-Door Car,398.4
HV50891,Nevada,Male,Doctor,352804.43,31278,92.0,4,Personal Auto,Two-Door Car,441.6
RK59543,California,Female,High School or Below,559538.99,74454,71.0,0,Personal Auto,Four-Door Car,340.8
IH54239,California,Male,Master,508969.43,62474,63.0,0,Personal Auto,Four-Door Car,112.12
GB14456,Nevada,Male,High School or Below,2233716.31,0,130.0,0,Personal Auto,SUV,1376.91
RC95515,Arizona,Male,College,479283.05,20647,63.0,0,Personal Auto,Four-Door Car,185.06
TI61458,California,Female,Bachelor,2778969.24,33806,89.0,0,Personal Auto,Four-Door Car,395.73
RB49468,Oregon,Female,Bachelor,751166.06,0,70.0,0,Personal Auto,Four-Door Car,340.2
SJ18454,Oregon,Male,High School or Below,1876755.16,0,111.0,0,Personal Auto,Luxury,900.15
KC19420,California,Female,College,498764.31,19589,127.0,0,Personal Auto,SUV,1027.01
TP12241,California,Female,College,512319.68,22338,67.0,1,Personal Auto,Two-Door Car,307.8
BD89564,Nevada,Male,College,598977.39,66839,154.0,0,Personal Auto,Luxury,739.2
EC71986,Washington,Female,High School or Below,242928.05,26736,63.0,0,Personal Auto,Four-Door Car,367.93
CJ97736,Oregon,Female,College,582818.22,31364,74.0,0,Personal Auto,Four-Door Car,461.27
QF59448,Washington,Male,College,283158.77,17752,77.0,0,Personal Auto,Four-Door Car,369.6
YB70005,Oregon,Male,College,976793.69,36225,123.0,0,Special Auto,SUV,221.05
QI40455,Oregon,Female,Doctor,1209791.22,0,107.0,0,Personal Auto,SUV,271.01
YL72747,California,Male,High School or Below,226531.86,0,61.0,0,Personal Auto,Four-Door Car,292.8
FL18392,California,Female,Bachelor,571908.87,77601,71.0,0,Personal Auto,Two-Door Car,276.64
AL21967,Oregon,Male,Master,1017147.78,74243,84.0,0,Corporate Auto,Four-Door Car,71.31
KC67431,California,Female,College,1051715.64,46707,133.0,0,Personal Auto,Luxury,80.71
EG40823,Oregon,Female,Bachelor,430347.14,0,116.0,0,Personal Auto,SUV,765.57
QO89177,California,Male,College,1192675.33,50234,101.0,0,Personal Auto,Four-Door Car,484.8
AV72430,Oregon,Male,Master,1653170.38,75526,103.0,1,Personal Auto,Four-Door Car,494.4
TL18087,Washington,Male,Bachelor,305928.21,65083,77.0,0,Personal Auto,Four-Door Car,369.6
WI29961,Nevada,Male,High School or Below,543744.37,28343,69.0,0,Personal Auto,Two-Door Car,331.2
ZR11692,California,Male,Bachelor,510329.66,74948,64.0,0,Corporate Auto,Four-Door Car,216.74
No36572,Oregon,Male,High School or Below,458310.09,22728,116.0,0,Personal Auto,Four-Door Car,556.8
YZ56105,California,Female,High School or Below,640962.75,0,99.0,2,Personal Auto,Two-Door Car,712.8
MN62189,California,Female,High School or Below,899198.45,17331,117.0,0,Personal Auto,SUV,1138.26
MQ32284,California,Female,College,1223277.63,35133,102.0,0,Personal Auto,SUV,692.96
NS38229,Nevada,Female,College,512603.89,63147,64.0,0,Personal Auto,Four-Door Car,87.57
IB41597,California,Female,College,1101416.36,67575,91.0,0,Personal Auto,Four-Door Car,401.61
IP68868,Oregon,Male,High School or Below,381961.95,0,111.0,0,Personal Auto,Two-Door Car,799.2
EL70257,California,Female,High School or Below,840439.51,48315,71.0,0,Personal Auto,Four-Door Car,340.8
NB27041,Arizona,Female,High School or Below,903567.11,34337,113.0,0,Corporate Auto,Four-Door Car,542.4
BM28359,Oregon,Male,High School or Below,545370.76,33818,72.0,4,Personal Auto,Four-Door Car,341.88
VB77950,California,Female,High School or Below,376636.66,22439,98.0,0,Personal Auto,Four-Door Car,470.4
PE47967,Oregon,Female,College,728393.44,79055,186.0,1,Personal Auto,Luxury,177.64
QR47308,Nevada,Female,College,274524.98,45191,69.0,0,Personal Auto,Four-Door Car,330.78
YU49449,California,Male,Bachelor,262627.94,41990,66.0,0,Personal Auto,Four-Door Car,316.8
KN25124,Oregon,Female,Master,245681.66,50979,61.0,1,Personal Auto,Two-Door Car,262.84
HI51182,Oregon,Female,College,845367.77,59888,106.0,0,Personal Auto,Four-Door Car,712.68
MS18916,California,Male,College,350856.95,20978,98.0,1,Personal Auto,Four-Door Car,1176.28
IE40701,California,Male,High School or Below,287735.43,32807,73.0,0,Personal Auto,Four-Door Car,350.4
UT48216,Nevada,Male,College,784016.58,58414,210.0,2,Personal Auto,Luxury,1008.0
VN92740,Arizona,Female,College,277104.5,50071,71.0,0,Corporate Auto,Two-Door Car,18.92
IZ55070,Nevada,Female,High School or Below,533948.83,67796,69.0,4,Personal Auto,Four-Door Car,331.2
HI74419,Washington,Male,College,809287.7,50825,102.0,0,Personal Auto,SUV,369.61
MP76478,Washington,Female,High School or Below,864650.41,64125,108.0,0,Corporate Auto,SUV,369.82
DY30071,Oregon,Male,Bachelor,565923.84,69387,71.0,0,Personal Auto,Four-Door Car,71.52
ZN24083,Oregon,Male,Doctor,553246.23,29084,71.0,1,Corporate Auto,Four-Door Car,492.09
JU74347,Oregon,Male,Bachelor,794351.33,60214,100.0,1,Corporate Auto,Luxury,291.29
YJ35850,Oregon,Male,High School or Below,977460.58,96018,122.0,0,Personal Auto,SUV,390.88
IE15348,Washington,Female,High School or Below,406700.47,28466,102.0,0,Personal Auto,SUV,371.8
GP67816,California,Female,High School or Below,2320839.42,60233,116.0,0,Personal Auto,Two-Door Car,481.27
PW51793,Oregon,Male,Bachelor,732589.27,52920,93.0,0,Personal Auto,Four-Door Car,1101.05
UF59346,California,Male,Bachelor,417034.07,90310,104.0,0,Personal Auto,SUV,166.36
FG29932,California,Male,College,784016.58,58414,210.0,2,Special Auto,Luxury,1008.0
UX71137,Washington,Female,Doctor,887596.55,69205,110.0,0,Personal Auto,Four-Door Car,372.36
BY54111,Oregon,Male,High School or Below,1937890.78,21159,73.0,0,Personal Auto,Four-Door Car,350.4
RM83767,Washington,Male,College,597099.57,64008,85.0,5,Personal Auto,Four-Door Car,372.89
PT15464,Arizona,Female,Bachelor,914887.79,68236,114.0,0,Personal Auto,SUV,20.73
BP92643,Arizona,Female,High School or Below,1377097.62,59207,116.0,0,Personal Auto,Four-Door Car,556.8
BW94308,Washington,Female,High School or Below,2009689.34,92766,71.0,0,Personal Auto,Two-Door Car,379.03
GQ46925,Arizona,Male,High School or Below,582168.43,77563,143.0,0,Personal Auto,Luxury,546.0
RF14806,Arizona,Female,College,309580.34,33415,78.0,0,Personal Auto,Four-Door Car,374.4
KJ23009,California,Female,Bachelor,1059854.25,20179,133.0,1,Corporate Auto,SUV,638.4
IB81655,California,Male,Bachelor,769512.3,50147,101.0,0,Personal Auto,SUV,484.8
SV62436,Washington,Female,Bachelor,304179.16,13789,79.0,0,Personal Auto,Four-Door Car,379.2
HR64684,Oregon,Male,Master,868982.25,0,99.0,5,Personal Auto,Four-Door Car,475.2
QS96715,Nevada,Female,High School or Below,813177.92,93715,102.0,2,Personal Auto,SUV,254.84
SW55711,Oregon,Male,High School or Below,381532.16,23540,103.0,2,Corporate Auto,Two-Door Car,494.4
LZ19268,California,Female,College,1163889.95,25370,102.0,0,Personal Auto,Luxury,489.6
FU74983,Nevada,Female,Bachelor,2280053.54,68771,96.0,0,Personal Auto,Four-Door Car,276.27
KB99097,California,Female,Bachelor,446299.7,0,73.0,3,Special Auto,Two-Door Car,350.4
AP52126,Oregon,Female,College,1315183.2,68562,108.0,0,Personal Auto,SUV,228.5
EX61844,Arizona,Male,High School or Below,1401997.55,36733,71.0,0,Personal Auto,Four-Door Car,327.08
QC30857,Nevada,Female,College,293115.52,45768,73.0,0,Personal Auto,Two-Door Car,191.93
RT69513,California,Female,Bachelor,477475.17,0,64.0,0,Personal Auto,Four-Door Car,307.2
HV85198,Arizona,Male,Master,847141.75,63513,70.0,0,Personal Auto,Four-Door Car,185.67
BS91566,Arizona,Female,College,543121.91,58161,68.0,0,Corporate Auto,Four-Door Car,140.75
IL40123,Nevada,Female,College,568964.41,83640,70.0,0,Corporate Auto,Two-Door Car,471.05
MY32149,California,Female,Master,368672.38,0,96.0,0,Personal Auto,Two-Door Car,28.46
SA91515,California,Male,Bachelor,399258.39,0,111.0,0,Personal Auto,SUV,700.35
SA25987,Washington,Male,High School or Below,3479.14,0,104.0,0,Personal Auto,Two-Door Car,499.2
TB86706,Arizona,Male,Master,2502.64,0,66.0,0,Personal Auto,Two-Door Car,3.47
ZL73902,Nevada,Female,Bachelor,3265.16,25820,82.0,0,Personal Auto,Four-Door Car,393.6
KX23516,California,Female,High School or Below,4455.84,0,121.0,0,Personal Auto,SUV,699.62
FN77294,California,Male,High School or Below,7704.96,30366,101.0,2,Personal Auto,SUV,484.8
VI78454,Arizona,Male,College,2750.71,51789,70.0,0,Personal Auto,Four-Door Car,336.0
FP59138,Oregon,Male,Master,13024.13,0,125.0,0,Personal Auto,SUV,900.0
XN62489,Oregon,Male,Bachelor,2538.63,18608,71.0,0,Corporate Auto,Four-Door Car,340.8
GP66031,California,Female,College,2585.96,83758,64.0,0,Corporate Auto,Two-Door Car,106.59
IX68587,Nevada,Female,Master,5096.67,22886,65.0,0,Personal Auto,Four-Door Car,312.0
HX17929,California,Female,High School or Below,10083.49,11828,90.0,0,Personal Auto,Four-Door Car,571.48
IC59236,California,Female,College,4943.39,44762,62.0,0,Corporate Auto,Four-Door Car,114.51
VG31922,Nevada,Female,Bachelor,6516.21,0,175.0,0,Personal Auto,SUV,1221.14
HP87787,Arizona,Male,Bachelor,8838.09,82664,114.0,3,Corporate Auto,SUV,133.43
AL78075,Oregon,Male,High School or Below,3810.24,0,108.0,0,Personal Auto,Four-Door Car,777.6
WA97671,Arizona,Male,Bachelor,6334.47,0,63.0,0,Personal Auto,Four-Door Car,302.4
QZ77637,Washington,Female,College,11665.1,84978,72.0,1,Corporate Auto,Four-Door Car,166.77
FP11777,California,Male,Doctor,10972.07,24164,137.0,0,Corporate Auto,Luxury,657.6
ID45268,California,Female,College,6006.96,0,80.0,0,Personal Auto,Four-Door Car,488.91
AX86150,Washington,Male,High School or Below,2656.71,62777,67.0,0,Personal Auto,Two-Door Car,101.29
MW57614,Arizona,Female,Bachelor,2359.42,19864,63.0,0,Personal Auto,Four-Door Car,352.39
TJ30081,Arizona,Male,Bachelor,12036.62,44428,104.0,0,Personal Auto,SUV,499.2
FW44940,California,Female,Bachelor,8467.39,21139,113.0,0,Personal Auto,Luxury,656.8
CS55808,California,Male,College,9392.56,0,88.0,0,Personal Auto,Four-Door Car,851.15
WZ61178,California,Female,Bachelor,5227.23,11896,69.0,0,Personal Auto,Two-Door Car,476.25
IV55977,Oregon,Male,Bachelor,2693.76,0,73.0,1,Personal Auto,Two-Door Car,350.4
YC67208,California,Male,High School or Below,2227.07,27972,61.0,0,Personal Auto,Four-Door Car,292.8
LZ89773,California,Male,Doctor,2326.86,0,62.0,0,Personal Auto,Four-Door Car,624.71
IP52990,Oregon,Female,High School or Below,16794.31,38399,106.0,0,Personal Auto,SUV,368.89
VF73104,Arizona,Female,High School or Below,5016.83,20868,63.0,0,Personal Auto,Four-Door Car,134.63
OC80343,Oregon,Male,Bachelor,7757.92,49682,101.0,0,Personal Auto,SUV,198.84
EL89222,California,Female,Bachelor,8609.16,79090,107.0,0,Personal Auto,SUV,289.04
QB14114,Oregon,Female,High School or Below,5275.06,81850,132.0,0,Personal Auto,Luxury,429.86
HM41195,Arizona,Male,High School or Below,5746.33,22906,76.0,0,Personal Auto,Four-Door Car,519.88
JT41591,Washington,Male,College,2705.99,0,83.0,1,Personal Auto,Four-Door Car,398.4
HE15857,Washington,Male,Bachelor,6186.27,37138,83.0,2,Personal Auto,Two-Door Car,417.28
KI64666,Nevada,Female,Bachelor,22445.28,0,71.0,0,Personal Auto,Four-Door Car,511.2
JC33752,Oregon,Female,College,6277.84,21024,82.0,1,Personal Auto,Two-Door Car,450.13
JA25453,California,Male,High School or Below,7215.82,0,103.0,0,Personal Auto,Four-Door Car,741.6
AJ69778,Oregon,Female,High School or Below,6514.43,77135,84.0,3,Personal Auto,Four-Door Car,98.37
FQ83162,Washington,Male,College,34708.87,0,109.0,0,Personal Auto,Luxury,718.7
EY89842,Arizona,Male,Bachelor,4216.2,0,114.0,0,Corporate Auto,SUV,820.8
TG69238,Oregon,Female,Bachelor,13158.37,72845,108.0,0,Personal Auto,SUV,463.0
UI63465,Oregon,Female,High School or Below,2917.54,51622,74.0,0,Corporate Auto,Four-Door Car,355.2
WX33904,Arizona,Male,Bachelor,6355.68,0,61.0,0,Special Auto,Two-Door Car,292.8
HA20933,Oregon,Female,Bachelor,13269.6,15616,114.0,1,Personal Auto,SUV,547.2
BU16704,Oregon,Female,High School or Below,5880.26,0,82.0,0,Personal Auto,Four-Door Car,590.4
JV68002,Washington,Male,College,5926.73,23091,96.0,5,Corporate Auto,Four-Door Car,460.8
PM78410,Oregon,Female,Bachelor,4121.25,0,67.0,3,Personal Auto,Two-Door Car,482.4
PU92298,Arizona,Female,Bachelor,7956.15,22699,74.0,4,Personal Auto,Four-Door Car,355.2
AA16582,Washington,Male,Bachelor,24127.5,14072,71.0,0,Personal Auto,Four-Door Car,511.2
AZ87715,California,Female,High School or Below,26864.2,81713,74.0,0,Personal Auto,Four-Door Car,332.22
GI89160,California,Female,Bachelor,31934.62,56516,199.0,0,Personal Auto,Luxury,955.2
WV57813,Oregon,Female,Bachelor,5132.68,0,73.0,0,Personal Auto,Four-Door Car,525.6
EW86465,Arizona,Male,High School or Below,4759.62,26747,61.0,0,Corporate Auto,Four-Door Car,404.07
UW70224,Oregon,Female,College,2637.94,63422,66.0,0,Personal Auto,Four-Door Car,355.92
LU12532,California,Female,High School or Below,6503.4,22081,84.0,0,Personal Auto,Two-Door Car,451.67
WD48852,Oregon,Female,College,12786.67,0,180.0,0,Special Auto,Luxury,1296.0
BH43379,Oregon,Female,Bachelor,3147.97,29698,83.0,2,Personal Auto,Four-Door Car,215.88
GV59387,California,Female,College,5618.49,24518,74.0,0,Personal Auto,Two-Door Car,241.66
LQ76410,Arizona,Male,College,3230.58,62873,81.0,0,Special Auto,Four-Door Car,207.75
MF19231,California,Male,Master,7434.68,28377,94.0,0,Personal Auto,Four-Door Car,451.2
XS47087,Oregon,Male,College,11714.78,21102,100.0,0,Personal Auto,SUV,480.0
IL56791,Oregon,Male,Bachelor,2009.77,0,65.0,2,Personal Auto,Two-Door Car,312.0
UV88036,Nevada,Female,High School or Below,6625.47,0,88.0,0,Personal Auto,Four-Door Car,539.28
SE76116,California,Male,Bachelor,9567.71,81410,119.0,0,Personal Auto,SUV,221.19
GJ63103,Oregon,Female,High School or Below,18474.71,27869,67.0,0,Personal Auto,Two-Door Car,482.4
PL78574,Arizona,Male,High School or Below,12157.33,57449,103.0,0,Personal Auto,Four-Door Car,494.4
NV69875,Oregon,Male,High School or Below,2956.36,40901,74.0,0,Corporate Auto,Four-Door Car,13.63
MC38650,Nevada,Male,High School or Below,3963.39,88701,99.0,0,Personal Auto,Two-Door Car,171.83
No73819,California,Female,Master,10896.05,29365,137.0,0,Personal Auto,Luxury,657.6
OW84864,California,Female,College,6081.05,0,82.0,0,Personal Auto,Four-Door Car,393.6
BV91898,Arizona,Female,Bachelor,30141.62,0,103.0,0,Personal Auto,SUV,1060.31
WQ54314,Oregon,Female,Bachelor,5737.23,56455,73.0,2,Personal Auto,Four-Door Car,350.4
NM57315,California,Male,Bachelor,16979.8,35095,73.0,0,Special Auto,Two-Door Car,525.6
JB51220,Oregon,Female,High School or Below,10915.36,0,155.0,1,Corporate Auto,Luxury,1116.0
EN77569,Oregon,Female,College,3808.12,94903,94.0,0,Special Auto,Two-Door Car,451.2
YP47665,Washington,Male,Doctor,5408.91,80192,67.0,0,Personal Auto,Four-Door Car,95.19
QO54008,Oregon,Male,Master,13419.4,0,122.0,0,Personal Auto,SUV,827.79
EQ59908,California,Male,Master,3238.0,60244,83.0,3,Corporate Auto,Four-Door Car,326.28
YU72540,Arizona,Female,College,10357.63,52735,65.0,0,Personal Auto,Four-Door Car,123.51
BZ50261,Arizona,Female,High School or Below,11619.92,78275,72.0,0,Personal Auto,Two-Door Car,25.34
QE92747,Oregon,Female,Bachelor,8209.05,77282,102.0,0,Corporate Auto,Four-Door Car,489.6
KG83280,California,Female,College,3096.51,21604,79.0,0,Personal Auto,Four-Door Car,379.2
IL42365,Arizona,Female,High School or Below,4804.36,51962,125.0,4,Personal Auto,Luxury,788.21
FI86516,Oregon,Female,Bachelor,4786.05,0,68.0,0,Corporate Auto,Four-Door Car,489.6
FV14881,California,Female,Doctor,15886.03,56362,197.0,1,Personal Auto,Luxury,945.6
RR54950,Arizona,Male,College,5285.08,85753,66.0,1,Special Auto,Four-Door Car,316.8
FC70869,Arizona,Female,High School or Below,2945.37,36167,76.0,3,Personal Auto,Two-Door Car,364.8
PB60303,Oregon,Female,Master,18089.8,68568,223.0,1,Personal Auto,Luxury,1070.4
HO50571,California,Female,College,10208.93,35482,129.0,0,Personal Auto,SUV,619.2
BH86846,Washington,Male,High School or Below,20708.26,92079,65.0,1,Corporate Auto,Four-Door Car,114.8
PC42162,Oregon,Male,Bachelor,5247.85,0,77.0,0,Personal Auto,Two-Door Car,554.4
KD21661,California,Male,College,5179.55,0,165.0,2,Personal Auto,SUV,1188.0
FZ73016,California,Female,Bachelor,4513.44,34558,113.0,0,Personal Auto,SUV,376.53
HJ19927,Nevada,Male,Master,5297.63,14775,69.0,0,Personal Auto,Four-Door Car,170.94
RJ99408,California,Male,High School or Below,5377.01,35637,68.0,0,Personal Auto,Four-Door Car,326.4
EL81968,Oregon,Male,Bachelor,7661.39,66726,97.0,1,Personal Auto,Two-Door Car,335.84
WU86174,California,Female,Bachelor,2677.28,0,72.0,0,Personal Auto,Four-Door Car,345.6
DN21342,Oregon,Female,College,6877.82,0,96.0,0,Personal Auto,Four-Door Car,460.8
PB60406,California,Female,Doctor,5714.23,79719,71.0,0,Personal Auto,Four-Door Car,425.92
IY37465,Arizona,Male,Bachelor,4929.55,25632,63.0,0,Corporate Auto,Two-Door Car,351.27
LF55270,Oregon,Female,College,10484.92,61108,89.0,0,Personal Auto,Four-Door Car,49.45
UV69038,California,Male,College,9490.41,0,137.0,0,Corporate Auto,SUV,657.6
IS63925,Arizona,Female,College,7805.31,21073,106.0,1,Personal Auto,SUV,508.8
CQ21583,Oregon,Male,Doctor,21274.34,17932,79.0,0,Personal Auto,Four-Door Car,379.2
PR21713,Nevada,Male,High School or Below,5838.9,81082,73.0,0,Personal Auto,Four-Door Car,281.3
XE10977,Oregon,Female,High School or Below,2677.5,71684,66.0,0,Personal Auto,Two-Door Car,196.07
JG87029,Oregon,Male,High School or Below,2374.8,57338,61.0,0,Personal Auto,Two-Door Car,292.8
BK21146,Arizona,Male,College,22103.51,0,102.0,0,Personal Auto,SUV,489.6
WE19034,Oregon,Male,College,2427.77,24409,62.0,0,Corporate Auto,Four-Door Car,297.6
DF62718,California,Female,High School or Below,7294.4,83488,90.0,0,Personal Auto,Four-Door Car,432.78
MS59254,Washington,Male,High School or Below,11360.46,0,104.0,0,Corporate Auto,Two-Door Car,773.35
WC65050,California,Female,Master,2811.96,62537,71.0,1,Personal Auto,Two-Door Car,354.2
ST27958,Washington,Male,College,4386.28,10621,67.0,0,Personal Auto,Four-Door Car,321.6
XZ81226,Arizona,Female,Bachelor,6446.92,43478,80.0,0,Personal Auto,Four-Door Car,384.0
TU53781,Oregon,Female,Bachelor,8427.17,46503,215.0,1,Corporate Auto,Luxury,1032.0
GC93551,Oregon,Female,High School or Below,5290.13,27179,66.0,0,Personal Auto,Four-Door Car,344.2
MO33279,California,Female,College,5592.46,62229,70.0,0,Personal Auto,Two-Door Car,336.0
LD20926,Arizona,Female,Bachelor,18892.2,0,92.0,1,Personal Auto,Two-Door Car,441.6
PW90662,Oregon,Male,College,13623.62,67060,126.0,4,Personal Auto,SUV,339.0
WS53288,Oregon,Female,College,25464.82,13663,97.0,0,Personal Auto,Four-Door Car,465.6
HE84643,California,Female,High School or Below,2175.62,0,63.0,0,Personal Auto,Four-Door Car,453.6
CL37990,Arizona,Female,Bachelor,6699.22,0,99.0,1,Corporate Auto,Four-Door Car,699.68
HR87252,California,Female,Bachelor,9043.68,97745,113.0,0,Personal Auto,Luxury,695.14
SB27146,Oregon,Female,High School or Below,4369.04,26026,116.0,1,Personal Auto,Two-Door Car,283.67
KI58952,California,Female,College,51337.91,72794,164.0,1,Personal Auto,SUV,50.45
RM21896,Oregon,Female,College,28699.89,47730,91.0,0,Personal Auto,Four-Door Car,219.44
JS38272,Arizona,Male,College,4270.03,0,122.0,0,Personal Auto,SUV,725.87
NJ15094,Washington,Female,Bachelor,5345.99,0,72.0,0,Personal Auto,Four-Door Car,345.6
MZ88454,Oregon,Female,Bachelor,4774.75,0,70.0,0,Personal Auto,Four-Door Car,336.0
PO27978,Oregon,Female,Doctor,14727.51,97785,73.0,0,Personal Auto,Two-Door Car,236.61
VT28596,California,Female,High School or Below,4755.48,0,66.0,0,Personal Auto,Four-Door Car,712.31
TI19722,Washington,Male,Doctor,3436.13,30817,88.0,0,Corporate Auto,Four-Door Car,91.83
DO83038,California,Female,College,8355.77,64502,70.0,0,Personal Auto,Two-Door Car,39.34
AG62087,California,Male,Bachelor,3412.57,30335,87.0,0,Corporate Auto,Four-Door Car,326.13
BA56812,Oregon,Male,Master,6185.34,21020,80.0,0,Corporate Auto,Four-Door Car,178.37
QF74147,California,Female,College,8456.72,84574,70.0,0,Special Auto,Four-Door Car,167.46
RN88075,Washington,Female,Bachelor,3021.94,0,84.0,0,Personal Auto,Two-Door Car,700.73
OG71924,Oregon,Female,Master,6966.14,0,93.0,0,Personal Auto,Four-Door Car,436.14
YF87007,Oregon,Female,High School or Below,10083.49,11828,90.0,0,Corporate Auto,Four-Door Car,571.48
ZL18631,Arizona,Female,College,2539.99,54889,63.0,0,Personal Auto,Four-Door Car,302.4
BZ71120,Oregon,Female,College,8456.46,89918,105.0,0,Personal Auto,SUV,367.23
UP60200,California,Male,Bachelor,26576.32,87002,110.0,0,Personal Auto,Two-Door Car,199.85
XZ64172,Oregon,Male,High School or Below,10963.96,55687,276.0,0,Corporate Auto,Luxury,1324.8
CA47176,Oregon,Male,Bachelor,9671.98,17103,87.0,0,Personal Auto,Two-Door Car,417.6
CI68869,Arizona,Female,College,1898.68,0,70.0,5,Personal Auto,Two-Door Car,702.02
XT10744,Arizona,Male,College,8595.15,28441,73.0,0,Special Auto,Two-Door Car,686.02
HT48275,Oregon,Male,Bachelor,5532.75,91212,69.0,0,Personal Auto,Two-Door Car,270.31
HB48073,Arizona,Female,Bachelor,9371.77,66325,117.0,0,Corporate Auto,SUV,497.72
MD43085,Oregon,Female,Doctor,3975.32,67895,101.0,4,Personal Auto,Four-Door Car,403.94
NJ11986,Arizona,Female,Master,4456.02,29550,114.0,1,Corporate Auto,Two-Door Car,118.75
HH55884,Arizona,Male,College,3495.89,10275,97.0,0,Personal Auto,Four-Door Car,465.6
JP69867,Nevada,Male,College,8512.13,61725,106.0,0,Personal Auto,Four-Door Car,508.8
FT86104,California,Male,College,4650.06,28215,65.0,0,Corporate Auto,Two-Door Car,468.0
GV39658,Arizona,Female,College,13523.13,10563,121.0,0,Corporate Auto,SUV,109.81
GB66110,California,Male,Bachelor,4422.41,0,62.0,0,Personal Auto,Two-Door Car,722.43
VD51297,California,Male,College,7320.99,99722,61.0,0,Personal Auto,Four-Door Car,292.8
EP29567,Washington,Male,Master,7031.46,16224,93.0,0,Corporate Auto,Four-Door Car,498.45
PE59368,Washington,Female,Bachelor,5123.48,72096,64.0,0,Personal Auto,Two-Door Car,252.33
DQ50538,Nevada,Male,Bachelor,9050.76,63800,113.0,0,Personal Auto,SUV,542.4
WP58340,Arizona,Male,High School or Below,10963.96,55687,276.0,0,Personal Auto,Luxury,1324.8
TM23788,California,Male,High School or Below,6039.02,0,89.0,1,Personal Auto,Four-Door Car,640.8
UF44021,California,Male,Bachelor,2108.49,0,61.0,0,Personal Auto,Two-Door Car,351.86
WB96917,California,Male,College,9875.09,29598,87.0,0,Personal Auto,Two-Door Car,150.93
MN95006,California,Male,Bachelor,6928.6,22907,180.0,2,Personal Auto,Luxury,49.19
NP60037,Oregon,Male,Bachelor,14318.45,22697,186.0,1,Corporate Auto,Luxury,892.8
NQ71171,California,Male,Bachelor,5107.07,70174,64.0,0,Personal Auto,Four-Door Car,128.9
SM58898,California,Female,High School or Below,17223.89,85378,107.0,0,Corporate Auto,SUV,513.6
FN98595,Nevada,Female,High School or Below,7516.83,31477,94.0,0,Special Auto,Four-Door Car,146.95
TW94555,Nevada,Male,College,5389.5,66429,136.0,0,Personal Auto,Luxury,57.71
XW60886,California,Male,High School or Below,6275.16,0,90.0,0,Personal Auto,Four-Door Car,900.24
IE84844,Nevada,Female,High School or Below,4722.24,0,65.0,0,Personal Auto,Four-Door Car,655.49
HY76810,Oregon,Female,Bachelor,6282.32,0,172.0,0,Corporate Auto,SUV,141.46
JL41129,California,Male,Bachelor,7986.19,74217,100.0,0,Personal Auto,SUV,418.01
OQ41280,Nevada,Male,High School or Below,6503.22,46298,88.0,3,Corporate Auto,Four-Door Car,128.29
AP65984,Oregon,Female,College,4881.75,0,135.0,0,Personal Auto,SUV,648.0
EE99484,Washington,Female,High School or Below,2514.59,43860,65.0,0,Corporate Auto,Four-Door Car,156.12
XM39121,Arizona,Female,College,7955.44,0,69.0,0,Personal Auto,Four-Door Car,331.2
DK49336,Arizona,Male,College,4809.22,48029,61.0,0,Corporate Auto,Four-Door Car,292.8
HB43486,Washington,Female,College,9696.55,86830,123.0,0,Personal Auto,SUV,480.53
KB15252,Arizona,Female,College,8709.32,0,77.0,0,Personal Auto,Two-Door Car,509.1
BN83547,Nevada,Female,High School or Below,2858.45,40706,71.0,0,Personal Auto,Four-Door Car,166.12
MC55901,California,Female,High School or Below,5233.95,69231,65.0,0,Personal Auto,Four-Door Car,193.24
PZ98142,Arizona,Female,College,13494.76,0,132.0,0,Personal Auto,SUV,950.4
GB43363,Oregon,Male,College,6870.61,0,105.0,0,Personal Auto,Four-Door Car,756.0
TH67541,Arizona,Female,High School or Below,5652.72,16171,74.0,0,Corporate Auto,Four-Door Car,311.0
WC21901,Arizona,Male,College,2345.26,51397,61.0,0,Personal Auto,Four-Door Car,292.8
CL38124,Oregon,Female,Bachelor,19688.32,83879,69.0,0,Personal Auto,Four-Door Car,212.15
XH89851,California,Female,College,7247.21,63267,92.0,0,Personal Auto,Four-Door Car,530.34
KA58700,Nevada,Male,College,6085.3,44712,82.0,2,Corporate Auto,Four-Door Car,537.78
ZB40259,California,Male,Doctor,5480.07,59311,69.0,0,Corporate Auto,Four-Door Car,14.81
JV63229,Arizona,Male,Bachelor,6876.31,81957,86.0,0,Personal Auto,Four-Door Car,433.43
SI31035,Arizona,Male,Doctor,5368.89,59601,67.0,0,Personal Auto,Four-Door Car,321.6
JW30054,Oregon,Male,High School or Below,8283.07,71034,103.0,0,Corporate Auto,Four-Door Car,494.4
AP56340,Washington,Male,Bachelor,5384.67,13103,72.0,0,Personal Auto,Four-Door Car,458.0
FN44127,Oregon,Male,College,3508.57,20978,98.0,1,Personal Auto,Four-Door Car,1176.28
QE79527,California,Female,Bachelor,8427.17,46503,215.0,1,Personal Auto,Luxury,1032.0
UP36767,California,Male,College,4553.81,61064,113.0,0,Personal Auto,SUV,539.77
PG43749,Oregon,Female,College,4318.43,17572,110.0,0,Personal Auto,Two-Door Car,639.77
LL96228,Oregon,Male,Master,14091.19,99823,116.0,0,Corporate Auto,SUV,250.18
OV40993,Nevada,Female,College,8693.63,17453,118.0,1,Personal Auto,SUV,566.4
MA80983,Oregon,Male,College,6661.18,55663,166.0,0,Personal Auto,SUV,194.74
SA54664,Washington,Male,Master,2654.38,73196,66.0,1,Personal Auto,Four-Door Car,85.81
TW12556,Oregon,Female,High School or Below,4428.03,58577,110.0,0,Personal Auto,SUV,303.87
TC88451,Nevada,Female,High School or Below,5738.28,88055,71.0,0,Personal Auto,Four-Door Car,337.73
BL93659,California,Male,Bachelor,5815.05,0,80.0,0,Personal Auto,Four-Door Car,384.0
SI20178,California,Male,High School or Below,4425.91,80892,110.0,0,Personal Auto,SUV,528.0
KC50464,Arizona,Female,Master,2574.02,34990,65.0,0,Corporate Auto,Four-Door Car,42.69
HG64216,California,Male,College,2832.51,37124,72.0,0,Personal Auto,Two-Door Car,430.52
XM91056,California,Female,High School or Below,4876.32,22236,62.0,0,Personal Auto,Two-Door Car,409.43
KN13494,Washington,Female,Master,5181.62,97131,64.0,0,Personal Auto,Four-Door Car,307.2
OC47565,Oregon,Female,College,5947.22,67760,74.0,0,Special Auto,Four-Door Car,465.28
HH14259,Arizona,Female,Bachelor,2563.86,0,69.0,0,Personal Auto,Four-Door Car,97.69
QF66741,Nevada,Male,College,15144.41,0,62.0,1,Personal Auto,Two-Door Car,307.65
LY46898,California,Male,High School or Below,5558.3,37473,70.0,0,Corporate Auto,Four-Door Car,336.0
MK73855,Washington,Female,High School or Below,8109.36,32314,68.0,0,Personal Auto,Four-Door Car,326.4
HU82227,Arizona,Male,College,15638.58,49214,102.0,3,Corporate Auto,Four-Door Car,371.32
FF75737,Oregon,Female,High School or Below,8334.32,49851,69.0,1,Personal Auto,Four-Door Car,331.2
KJ50265,Washington,Male,High School or Below,10418.31,27951,91.0,0,Personal Auto,Four-Door Car,436.8
OQ82364,Nevada,Female,Bachelor,6846.15,0,95.0,0,Corporate Auto,Two-Door Car,456.0
SO47345,Arizona,Female,Master,9403.88,56410,117.0,0,Personal Auto,SUV,524.0
JN51592,Arizona,Female,Bachelor,16985.5,22497,212.0,0,Special Auto,Luxury,1017.6
FH36069,Arizona,Female,College,21101.21,61347,106.0,0,Personal Auto,SUV,604.24
ZW32080,Nevada,Female,Bachelor,2914.96,37803,74.0,0,Personal Auto,Four-Door Car,355.2
ZH98656,Nevada,Female,Master,8593.87,91276,105.0,0,Personal Auto,SUV,504.0
GZ31904,Oregon,Male,College,6861.75,30816,87.0,0,Personal Auto,Two-Door Car,237.57
PN47493,Oregon,Female,College,2680.9,41968,67.0,0,Corporate Auto,Four-Door Car,183.21
CX18273,Arizona,Male,Master,15797.99,35754,199.0,0,Personal Auto,Luxury,612.97
IG80173,California,Female,Master,2863.31,36706,71.0,0,Personal Auto,Four-Door Car,435.61
JG76775,Washington,Male,High School or Below,30061.69,48258,249.0,0,Personal Auto,Luxury,1195.2
JR82641,Arizona,Male,Master,10682.76,52965,134.0,3,Personal Auto,SUV,83.82
NW41789,Oregon,Male,Bachelor,2746.9,0,84.0,0,Personal Auto,Four-Door Car,604.8
VG74039,Oregon,Female,Bachelor,2388.95,0,65.0,0,Personal Auto,Four-Door Car,455.64
DV27428,Oregon,Male,High School or Below,13776.74,62634,116.0,0,Personal Auto,SUV,122.02
AN57220,Oregon,Female,Bachelor,17263.64,96917,61.0,0,Special Auto,Four-Door Car,71.94
VD62056,Arizona,Female,High School or Below,4669.23,76157,116.0,0,Personal Auto,Two-Door Car,556.8
AH92481,California,Female,College,4673.2,53219,117.0,0,Corporate Auto,SUV,561.6
LX97765,Arizona,Female,College,4347.59,81412,109.0,0,Personal Auto,Two-Door Car,344.29
JP82211,California,Female,College,33873.18,59744,105.0,0,Personal Auto,SUV,476.49
SI88726,California,Female,College,9100.79,38898,117.0,0,Corporate Auto,SUV,561.6
MG46007,California,Male,High School or Below,6358.25,0,94.0,2,Personal Auto,Four-Door Car,17.94
GL69461,Oregon,Female,College,2628.47,99961,66.0,2,Personal Auto,Four-Door Car,316.8
RA63927,Oregon,Male,High School or Below,7193.1,30886,91.0,0,Personal Auto,Two-Door Car,103.42
UE76013,Washington,Female,Master,5039.87,35984,128.0,3,Personal Auto,SUV,275.58
RI35792,Nevada,Female,College,3962.83,0,125.0,4,Personal Auto,SUV,539.56
WL63802,California,Male,High School or Below,6425.71,0,181.0,0,Personal Auto,Luxury,1303.2
KZ29413,Oregon,Male,Master,15672.7,0,139.0,0,Personal Auto,SUV,667.2
SN23932,Arizona,Male,Master,3238.0,60244,83.0,3,Personal Auto,Four-Door Car,326.28
YW26148,California,Female,High School or Below,12992.28,0,72.0,0,Personal Auto,Four-Door Car,518.4
LS51818,California,Female,College,22217.97,37553,187.0,0,Personal Auto,Luxury,897.6
ZG47195,Nevada,Male,College,4931.26,0,73.0,0,Personal Auto,Four-Door Car,525.6
No50634,Oregon,Male,College,4330.39,60475,107.0,0,Personal Auto,Four-Door Car,513.6
GC42314,Arizona,Male,Doctor,8296.18,0,111.0,0,Personal Auto,SUV,672.92
SD77009,California,Male,College,8334.36,0,136.0,2,Personal Auto,SUV,979.2
OW85480,California,Male,Master,5348.07,25545,69.0,0,Personal Auto,Four-Door Car,331.2
SW93780,Arizona,Male,Master,2398.74,24182,66.0,0,Personal Auto,Four-Door Car,316.8
ZW51071,Oregon,Female,High School or Below,6622.05,80979,84.0,2,Personal Auto,Four-Door Car,25.96
CK74127,Arizona,Male,Bachelor,4155.95,0,62.0,0,Corporate Auto,Four-Door Car,446.4
KM52241,Arizona,Female,High School or Below,8430.06,0,74.0,0,Personal Auto,Four-Door Car,47.5
PE66545,Oregon,Male,Bachelor,2545.52,29250,64.0,0,Personal Auto,Two-Door Car,308.24
GG70928,California,Female,Master,5004.58,33566,63.0,1,Personal Auto,Four-Door Car,205.04
GI36262,Washington,Female,College,2899.7,65247,72.0,0,Corporate Auto,Four-Door Car,381.24
MH85165,California,Male,High School or Below,6767.81,39650,86.0,0,Personal Auto,Four-Door Car,922.34
AM26717,California,Male,Bachelor,3123.08,0,101.0,4,Personal Auto,SUV,960.12
CV90092,Oregon,Male,College,8184.69,82680,68.0,0,Corporate Auto,Four-Door Car,326.4
CL70684,California,Male,High School or Below,7636.28,0,111.0,0,Corporate Auto,Two-Door Car,799.2
GK13851,Oregon,Male,College,9227.57,0,129.0,0,Personal Auto,SUV,619.2
TQ73726,Oregon,Male,Bachelor,7587.34,0,69.0,0,Personal Auto,Two-Door Car,460.74
RW65977,Arizona,Male,College,2191.13,0,61.0,1,Special Auto,Four-Door Car,439.2
EY74093,Nevada,Male,High School or Below,5004.14,86834,64.0,0,Corporate Auto,Four-Door Car,0.1
YG11074,Arizona,Female,Bachelor,4794.93,46143,122.0,0,Personal Auto,SUV,223.03
HW65139,California,Male,Doctor,26730.06,21275,240.0,0,Personal Auto,Luxury,1152.0
BT49333,Arizona,Male,High School or Below,4260.77,47746,106.0,0,Personal Auto,SUV,246.7
KN78424,California,Male,College,15477.28,51675,196.0,0,Corporate Auto,Luxury,940.8
TH68648,California,Male,College,5126.84,85522,64.0,0,Personal Auto,Four-Door Car,165.0
GZ22403,Oregon,Male,High School or Below,4068.09,0,63.0,4,Personal Auto,Two-Door Car,753.23
NU26460,Oregon,Female,College,17712.21,0,84.0,0,Corporate Auto,Four-Door Car,633.29
PB21909,Oregon,Male,Bachelor,9775.82,55632,123.0,0,Personal Auto,SUV,478.61
TA78865,Nevada,Male,High School or Below,20534.39,0,93.0,0,Special Auto,Four-Door Car,669.6
FP23103,Oregon,Male,Bachelor,5800.19,0,78.0,0,Special Auto,Two-Door Car,374.4
YK43172,Arizona,Male,Bachelor,3319.62,69152,89.0,4,Personal Auto,Four-Door Car,221.36
YZ36062,Oregon,Male,Bachelor,6529.43,13476,67.0,2,Corporate Auto,Four-Door Car,433.59
SJ29837,Washington,Female,High School or Below,7602.66,0,105.0,0,Personal Auto,SUV,914.54
RC72799,Oregon,Female,College,2839.81,33252,71.0,0,Personal Auto,Four-Door Car,407.67
AN67558,Nevada,Male,College,3288.21,0,102.0,1,Personal Auto,SUV,734.4
EQ62488,Oregon,Female,College,15031.56,59456,189.0,0,Personal Auto,Luxury,907.2
OA92714,California,Female,Bachelor,5055.9,88989,63.0,1,Personal Auto,Four-Door Car,232.75
QS76805,Arizona,Male,High School or Below,8012.92,0,107.0,0,Corporate Auto,SUV,513.6
PQ46798,California,Female,College,8300.71,17034,113.0,0,Personal Auto,Luxury,542.4
IA56290,Arizona,Female,College,2516.1,88435,62.0,0,Personal Auto,Four-Door Car,136.26
XU35186,California,Female,High School or Below,2749.41,71445,70.0,2,Personal Auto,Four-Door Car,336.0
DR84620,California,Male,Bachelor,8071.33,72149,101.0,0,Personal Auto,SUV,69.31
QG27547,Oregon,Female,Bachelor,2867.31,23376,78.0,0,Personal Auto,Four-Door Car,374.4
NM95102,Oregon,Male,High School or Below,7285.03,44788,61.0,0,Personal Auto,Four-Door Car,386.03
KZ26788,Washington,Female,Bachelor,4118.59,69379,103.0,0,Personal Auto,Two-Door Car,494.4
GW25077,Oregon,Female,Bachelor,5293.37,38521,134.0,0,Personal Auto,SUV,557.18
ZU91897,California,Male,High School or Below,13265.96,34482,67.0,0,Personal Auto,Four-Door Car,83.83
ZK38095,California,Female,Bachelor,2369.44,0,68.0,0,Personal Auto,Four-Door Car,487.35
TY84623,California,Male,College,9816.53,37256,62.0,0,Corporate Auto,Four-Door Car,128.97
IP69763,Washington,Female,College,21914.41,77311,181.0,0,Personal Auto,SUV,113.61
NF90665,Oregon,Male,Bachelor,5143.88,39268,66.0,1,Personal Auto,Four-Door Car,188.87
KG53186,Nevada,Male,College,3136.7,59644,79.0,0,Corporate Auto,Four-Door Car,379.2
KV57104,Oregon,Female,High School or Below,7713.82,0,68.0,0,Personal Auto,Four-Door Car,326.4
ZX93551,Arizona,Female,Bachelor,2867.31,23376,78.0,0,Personal Auto,Four-Door Car,374.4
TR18337,Nevada,Female,College,11516.41,50854,73.0,0,Personal Auto,Four-Door Car,101.49
XV22744,Oregon,Female,Bachelor,15025.19,35158,76.0,0,Personal Auto,Four-Door Car,165.96
KK27683,Nevada,Female,High School or Below,4013.85,15413,106.0,0,Personal Auto,SUV,508.8
HX11651,Oregon,Male,College,3288.83,17860,99.0,2,Personal Auto,Two-Door Car,656.12
FD73388,Arizona,Female,Master,13736.13,16181,181.0,0,Personal Auto,SUV,1261.32
KF70569,Nevada,Male,High School or Below,3890.87,91182,96.0,0,Personal Auto,Four-Door Car,249.14
CC94413,Oregon,Female,Bachelor,5701.28,41154,72.0,1,Personal Auto,Four-Door Car,345.6
QO59138,Arizona,Male,High School or Below,2590.21,18746,68.0,0,Personal Auto,Four-Door Car,326.4
JW58698,Oregon,Female,College,3223.33,70277,80.0,0,Personal Auto,Four-Door Car,84.82
GT57081,Oregon,Female,Bachelor,4912.03,0,66.0,0,Personal Auto,Four-Door Car,668.16
GU82475,California,Male,College,6532.01,24919,84.0,1,Personal Auto,Four-Door Car,420.42
BG60187,Oregon,Male,Bachelor,8012.12,0,79.0,0,Personal Auto,Four-Door Car,335.23
TN73558,Arizona,Female,High School or Below,3731.5,0,96.0,0,Personal Auto,Four-Door Car,460.8
KK15032,Arizona,Female,High School or Below,2702.38,46370,68.0,1,Personal Auto,Two-Door Car,326.4
KA95160,Arizona,Female,Master,23207.25,89918,115.0,0,Personal Auto,SUV,423.12
KD52867,Oregon,Female,High School or Below,3347.03,37138,85.0,0,Personal Auto,Two-Door Car,612.0
WY53775,Arizona,Male,High School or Below,8382.63,19683,117.0,1,Personal Auto,Luxury,561.6
HS94778,Oregon,Female,College,11793.13,32214,100.0,0,Personal Auto,SUV,296.56
EJ96266,California,Female,College,2965.72,26472,74.0,0,Personal Auto,Four-Door Car,355.2
RK53289,California,Female,Bachelor,5646.32,39841,72.0,0,Personal Auto,Two-Door Car,440.13
TX39594,Arizona,Female,High School or Below,2452.49,51085,62.0,1,Personal Auto,Two-Door Car,406.9
JM93892,Arizona,Male,College,5953.21,61006,74.0,0,Corporate Auto,Four-Door Car,73.92
PY51000,California,Male,Bachelor,12883.81,34148,109.0,0,Personal Auto,Four-Door Car,451.57
HX74855,Washington,Male,High School or Below,2471.53,95697,61.0,0,Personal Auto,Two-Door Car,114.27
VE64781,Arizona,Female,Bachelor,2927.07,75685,73.0,0,Personal Auto,Four-Door Car,369.92
KY57676,California,Male,High School or Below,8400.79,20870,72.0,0,Personal Auto,Four-Door Car,345.6
JL42497,Nevada,Female,High School or Below,2729.13,66900,68.0,0,Personal Auto,Four-Door Car,326.4
WQ91717,Arizona,Female,College,7643.07,0,106.0,1,Special Auto,SUV,508.8
WO39817,Oregon,Male,High School or Below,2493.59,37043,68.0,3,Personal Auto,Two-Door Car,30.98
HW20940,California,Male,Bachelor,4170.57,42837,106.0,0,Personal Auto,SUV,290.58
KE60943,California,Male,Bachelor,4908.21,33305,62.0,0,Special Auto,Four-Door Car,353.78
ZI48518,Nevada,Female,High School or Below,3891.58,0,103.0,0,Personal Auto,Luxury,558.28
KI17749,Oregon,Female,High School or Below,2682.42,24823,69.0,0,Personal Auto,Four-Door Car,229.28
DS50601,Nevada,Male,Bachelor,10003.25,98192,84.0,1,Personal Auto,Four-Door Car,403.2
PU78245,Arizona,Female,Bachelor,13094.61,88249,108.0,0,Personal Auto,SUV,244.8
MP96373,Washington,Male,Master,5719.79,54585,71.0,1,Personal Auto,Two-Door Car,340.8
QK62680,Oregon,Female,Master,9393.97,39770,117.0,0,Personal Auto,Two-Door Car,561.6
HN63935,Arizona,Male,Master,3433.82,85367,85.0,0,Personal Auto,Four-Door Car,67.98
ON30714,California,Male,College,4932.88,74809,61.0,0,Personal Auto,Two-Door Car,283.79
FM61329,California,Male,College,13610.11,50144,114.0,0,Personal Auto,SUV,786.93
NK91656,Oregon,Male,Master,2913.32,20075,79.0,1,Personal Auto,Two-Door Car,483.73
MS94619,California,Female,High School or Below,5111.3,76448,63.0,0,Personal Auto,Four-Door Car,302.4
MO38507,California,Male,High School or Below,4540.38,59556,113.0,0,Personal Auto,Luxury,681.51
PQ36549,Arizona,Male,Bachelor,5598.27,14174,72.0,0,Personal Auto,Four-Door Car,345.6
WG91434,Oregon,Male,High School or Below,9638.07,35230,61.0,1,Personal Auto,Four-Door Car,16.21
WR43077,California,Male,High School or Below,9801.29,0,91.0,0,Corporate Auto,Four-Door Car,436.8
LR10110,Washington,Female,Bachelor,5504.14,0,73.0,0,Corporate Auto,Four-Door Car,350.4
XZ58588,Arizona,Male,High School or Below,8447.8,0,114.0,0,Corporate Auto,Four-Door Car,547.2
FX12602,Oregon,Male,High School or Below,19927.64,51352,66.0,3,Personal Auto,Four-Door Car,95.66
BL55947,California,Male,College,5815.26,76675,72.0,0,Personal Auto,Four-Door Car,141.72
LA60344,Arizona,Male,College,18690.34,0,68.0,0,Personal Auto,Four-Door Car,326.4
KQ44803,Arizona,Male,College,7224.24,0,72.0,2,Personal Auto,Two-Door Car,297.42
QY81331,Arizona,Female,High School or Below,8595.98,94242,71.0,1,Personal Auto,Four-Door Car,41.23
NP33989,Oregon,Female,Bachelor,12362.09,0,113.0,0,Personal Auto,Four-Door Car,217.93
CP30637,California,Female,High School or Below,4916.3,71153,122.0,0,Corporate Auto,Luxury,209.02
RW50070,Arizona,Male,High School or Below,8935.27,63326,225.0,0,Personal Auto,Luxury,1080.0
LO42325,California,Female,Bachelor,5433.21,29629,71.0,4,Special Auto,Four-Door Car,228.44
YQ50209,Arizona,Male,High School or Below,4847.24,0,69.0,0,Corporate Auto,Four-Door Car,599.15
JP35025,California,Female,Master,5714.17,23726,74.0,0,Corporate Auto,Four-Door Car,355.2
WZ13788,Nevada,Female,High School or Below,10097.69,48999,86.0,3,Corporate Auto,Four-Door Car,412.8
IS21172,Oregon,Female,Bachelor,4726.87,13037,124.0,0,Personal Auto,SUV,839.35
CL10476,Arizona,Male,College,7079.79,24245,63.0,0,Corporate Auto,Two-Door Car,302.4
WO83615,Nevada,Male,Bachelor,5395.43,44047,137.0,0,Corporate Auto,Luxury,969.23
ZJ77881,Oregon,Female,Bachelor,9453.0,91942,117.0,0,Personal Auto,Four-Door Car,561.6
GT37101,Oregon,Female,High School or Below,5284.31,37640,67.0,0,Personal Auto,Two-Door Car,174.05
WE13528,California,Female,High School or Below,20215.39,77058,63.0,0,Personal Auto,Four-Door Car,119.33
BT78503,Oregon,Male,High School or Below,2510.05,0,73.0,0,Corporate Auto,Four-Door Car,525.6
WM19967,California,Female,College,19884.92,63755,62.0,0,Personal Auto,Two-Door Car,291.86
EW13798,California,Female,Doctor,4014.45,37384,99.0,0,Personal Auto,Four-Door Car,475.2
RO18530,Washington,Male,Master,2540.69,42557,65.0,0,Personal Auto,Four-Door Car,57.56
AY18433,Washington,Female,High School or Below,27382.82,45473,76.0,0,Special Auto,Two-Door Car,188.94
CS29328,Nevada,Male,Bachelor,4875.32,10743,70.0,2,Personal Auto,Two-Door Car,336.0
QL75176,Oregon,Female,High School or Below,12324.27,0,113.0,0,Personal Auto,Four-Door Car,813.6
IO25161,Arizona,Female,College,2280.39,0,61.0,0,Personal Auto,Four-Door Car,283.88
FA82777,Arizona,Female,High School or Below,4165.99,0,64.0,3,Personal Auto,Four-Door Car,575.89
GR49281,California,Male,Bachelor,4974.8,75644,65.0,3,Personal Auto,Two-Door Car,467.8
ZW19492,Oregon,Male,Bachelor,2404.92,63455,61.0,0,Personal Auto,Two-Door Car,287.65
UW88168,Oregon,Male,Bachelor,3032.82,73782,76.0,0,Special Auto,Four-Door Car,111.62
XX53620,Oregon,Female,Bachelor,2891.27,80590,71.0,0,Corporate Auto,Four-Door Car,134.16
IM90123,California,Female,Bachelor,15261.41,59797,127.0,0,Personal Auto,SUV,609.6
BE33446,Arizona,Female,Bachelor,5015.01,48567,130.0,0,Personal Auto,SUV,624.0
YW11227,California,Male,Bachelor,5325.39,62470,66.0,0,Personal Auto,Two-Door Car,243.77
UF32671,Washington,Female,College,5291.4,57338,66.0,0,Personal Auto,Four-Door Car,316.8
ZW10467,Arizona,Female,High School or Below,16107.19,63288,199.0,0,Personal Auto,Luxury,558.43
KK95092,Arizona,Male,Bachelor,7605.64,55281,192.0,1,Personal Auto,Luxury,921.6
HZ43637,Arizona,Female,College,3065.37,22985,77.0,0,Special Auto,Four-Door Car,458.06
FY82691,California,Female,College,6245.58,39608,78.0,1,Corporate Auto,Four-Door Car,22.96
SO40738,California,Female,High School or Below,9406.38,99189,117.0,0,Corporate Auto,SUV,75.3
MB83471,Oregon,Male,High School or Below,7815.47,0,112.0,0,Personal Auto,Four-Door Car,574.1
GA63091,California,Male,College,9747.99,0,92.0,0,Personal Auto,Four-Door Car,514.36
AU75025,Oregon,Male,College,4686.47,58089,118.0,0,Personal Auto,SUV,566.4
XF15789,Arizona,Female,College,8869.62,81350,110.0,0,Personal Auto,SUV,228.19
SH13204,California,Female,High School or Below,4741.81,0,65.0,0,Personal Auto,Two-Door Car,731.29
FX48006,Oregon,Male,College,24178.68,43704,201.0,0,Personal Auto,Luxury,1064.48
HS69837,Oregon,Male,College,7951.78,75497,100.0,0,Personal Auto,SUV,71.77
GL49408,California,Male,Doctor,6762.08,40372,85.0,0,Corporate Auto,Four-Door Car,76.98
PK51938,Oregon,Female,College,3044.79,17489,85.0,0,Corporate Auto,Four-Door Car,587.69
JE62426,Arizona,Female,High School or Below,5908.16,86277,74.0,0,Personal Auto,Four-Door Car,212.04
IA31850,Arizona,Female,College,4574.55,0,63.0,0,Personal Auto,Four-Door Car,453.6
PP50567,California,Male,Bachelor,8377.5,0,74.0,0,Corporate Auto,Four-Door Car,355.2
CS26667,Washington,Male,College,22332.44,49078,97.0,0,Special Auto,Four-Door Car,484.01
UF73578,California,Male,High School or Below,5838.9,81082,73.0,0,Personal Auto,Four-Door Car,281.3
MY23958,California,Male,Bachelor,7577.07,0,116.0,2,Personal Auto,Luxury,835.2
OP75571,Arizona,Female,College,8012.84,40635,102.0,0,Personal Auto,SUV,489.6
SI60881,Oregon,Female,Bachelor,9217.98,26351,119.0,0,Personal Auto,SUV,571.2
DQ15807,Oregon,Male,High School or Below,2749.19,0,80.0,0,Personal Auto,Four-Door Car,824.49
WU15684,Nevada,Female,College,3588.88,42836,89.0,0,Corporate Auto,Four-Door Car,244.58
KR17533,Oregon,Male,Doctor,3954.54,40175,102.0,1,Personal Auto,SUV,154.72
IM98086,California,Male,College,3230.58,62873,81.0,0,Personal Auto,Four-Door Car,207.75
XY48850,Nevada,Female,High School or Below,5158.65,0,74.0,0,Personal Auto,Two-Door Car,588.94
YT25875,California,Female,College,2776.58,50985,71.0,0,Personal Auto,Two-Door Car,307.69
TL59568,Arizona,Male,High School or Below,12836.01,0,116.0,0,Personal Auto,Two-Door Car,835.2
UE52886,Arizona,Male,Bachelor,28421.57,42803,245.0,0,Personal Auto,Luxury,889.29
TM28833,Oregon,Male,College,2276.39,0,69.0,1,Personal Auto,Two-Door Car,624.98
SQ60915,Arizona,Male,High School or Below,3895.96,35970,98.0,0,Corporate Auto,Four-Door Car,470.4
GU42084,Arizona,Male,Bachelor,4247.68,44537,106.0,0,Corporate Auto,Luxury,441.91
ZH93283,Arizona,Male,College,6005.85,13528,86.0,0,Personal Auto,Four-Door Car,412.8
WF51811,Arizona,Female,College,2719.51,14030,72.0,0,Personal Auto,Two-Door Car,345.6
RL51023,Arizona,Male,College,4185.76,0,64.0,0,Corporate Auto,Four-Door Car,492.64
NQ67659,Nevada,Female,Bachelor,33473.35,33190,106.0,0,Personal Auto,SUV,508.8
KI45566,Nevada,Male,College,7331.51,0,100.0,0,Personal Auto,Luxury,61.58
WB68229,Arizona,Female,Bachelor,9320.28,21033,118.0,0,Personal Auto,Two-Door Car,738.98
UF84144,Washington,Male,College,3312.32,26285,84.0,0,Corporate Auto,Four-Door Car,403.2
ZH28312,California,Female,Bachelor,5560.28,0,74.0,0,Corporate Auto,Four-Door Car,65.95
GK48045,Washington,Female,College,8214.6,73245,68.0,0,Personal Auto,Four-Door Car,305.12
HZ67642,California,Male,Bachelor,8647.14,0,119.0,0,Personal Auto,SUV,244.82
HE12295,California,Male,High School or Below,4446.74,0,61.0,0,Personal Auto,Four-Door Car,616.28
XL66550,Oregon,Male,Bachelor,7769.84,74365,193.0,0,Corporate Auto,Luxury,926.4
AL27471,Oregon,Male,Doctor,3911.12,30821,97.0,0,Personal Auto,Four-Door Car,451.32
NG94479,Arizona,Female,High School or Below,2731.52,69844,68.0,0,Corporate Auto,Four-Door Car,184.38
WR58220,Oregon,Male,Bachelor,8401.79,0,124.0,0,Personal Auto,SUV,595.2
RT64920,Oregon,Male,Master,5875.04,55836,73.0,0,Personal Auto,Four-Door Car,314.94
IR58695,Oregon,Male,High School or Below,6188.38,40352,77.0,0,Corporate Auto,Four-Door Car,406.37
AS93181,Arizona,Female,Bachelor,4506.58,14985,116.0,0,Personal Auto,Luxury,571.32
ML23548,Arizona,Female,Doctor,10548.54,27458,131.0,1,Personal Auto,Luxury,730.37
PU71194,Oregon,Female,Bachelor,35203.57,56343,295.0,0,Personal Auto,Luxury,1612.96
QT46430,California,Female,College,8193.75,12780,111.0,2,Personal Auto,Luxury,225.44
WP83694,California,Female,Bachelor,5313.44,68558,131.0,0,Personal Auto,SUV,280.9
UE19977,California,Female,College,4379.77,47747,111.0,0,Personal Auto,Two-Door Car,165.59
WC83942,Oregon,Male,Bachelor,20885.56,16113,81.0,0,Corporate Auto,Four-Door Car,494.89
HZ62410,Oregon,Male,Bachelor,2771.96,0,79.0,0,Personal Auto,Four-Door Car,379.2
CE72177,California,Female,High School or Below,5461.55,39626,69.0,0,Personal Auto,Four-Door Car,485.71
YI89801,California,Female,High School or Below,2570.24,49304,65.0,0,Corporate Auto,Four-Door Car,312.0
KB53430,Oregon,Male,High School or Below,2227.07,27972,61.0,0,Personal Auto,Four-Door Car,292.8
KB50999,California,Female,College,5394.0,27568,68.0,0,Personal Auto,Two-Door Car,278.69
JO17193,Washington,Male,Bachelor,2300.69,25905,63.0,0,Personal Auto,Four-Door Car,302.4
BO42776,Washington,Male,Bachelor,25360.1,21442,108.0,0,Corporate Auto,SUV,518.4
OZ19432,Nevada,Female,High School or Below,4374.04,34516,113.0,3,Special Auto,Four-Door Car,42.95
VT34834,Nevada,Male,High School or Below,4953.36,0,68.0,0,Personal Auto,Four-Door Car,342.47
MI65698,Oregon,Female,College,4590.81,28354,118.0,0,Personal Auto,Two-Door Car,320.33
IG85969,Arizona,Female,College,5062.37,0,72.0,0,Personal Auto,Two-Door Car,345.6
SE72928,California,Male,Master,9075.77,37722,116.0,0,Personal Auto,Luxury,158.08
QV47358,Arizona,Female,Bachelor,8133.16,32021,70.0,0,Personal Auto,Four-Door Car,336.0
HR50405,Oregon,Female,Bachelor,2869.3,13393,73.0,0,Personal Auto,Four-Door Car,34.71
MN53151,Oregon,Male,College,27937.75,13624,117.0,0,Personal Auto,Luxury,561.6
VD64777,Nevada,Female,College,2606.19,27800,67.0,0,Personal Auto,Two-Door Car,321.6
EG21289,California,Female,College,7764.27,58419,191.0,0,Personal Auto,Luxury,202.47
YI85251,Nevada,Male,High School or Below,18380.39,50407,92.0,0,Personal Auto,Four-Door Car,352.06
RD61361,Arizona,Female,Bachelor,6102.95,0,84.0,0,Personal Auto,Four-Door Car,856.35
PG26401,Washington,Male,High School or Below,9191.67,77603,114.0,0,Personal Auto,SUV,547.2
NV91476,California,Female,College,9581.28,75606,119.0,0,Personal Auto,Four-Door Car,571.2
SJ16410,Arizona,Male,Bachelor,7532.26,41458,98.0,0,Personal Auto,Four-Door Car,191.1
BI17208,Oregon,Male,College,2795.32,0,74.0,0,Personal Auto,Two-Door Car,420.77
WR70403,Washington,Male,High School or Below,5673.84,0,82.0,0,Personal Auto,Two-Door Car,445.0
ZZ22858,Arizona,Female,Bachelor,15016.19,70619,187.0,0,Personal Auto,Luxury,293.95
EZ75048,California,Male,Doctor,3087.25,41273,77.0,0,Personal Auto,Four-Door Car,221.23
CN31328,Arizona,Female,College,5480.7,46946,70.0,0,Personal Auto,Four-Door Car,336.0
ZP91150,Oregon,Male,College,7944.97,0,113.0,0,Corporate Auto,Four-Door Car,542.4
LC77957,Oregon,Male,Bachelor,8543.25,99180,106.0,0,Personal Auto,SUV,33.75
PT34656,California,Female,College,5380.9,55350,67.0,0,Personal Auto,Four-Door Car,321.6
MI99404,California,Male,College,4650.06,28215,65.0,0,Personal Auto,Two-Door Car,468.0
AI58313,Nevada,Female,College,36946.06,75425,116.0,1,Personal Auto,Luxury,663.64
VA60020,Nevada,Female,High School or Below,3314.55,63583,83.0,0,Special Auto,Four-Door Car,167.4
TW53467,California,Male,Bachelor,4566.38,0,66.0,0,Personal Auto,Four-Door Car,475.2
IC11062,Nevada,Female,High School or Below,5597.12,37995,139.0,0,Personal Auto,SUV,667.2
OO11531,Nevada,Female,Master,2540.55,37125,63.0,0,Personal Auto,Four-Door Car,290.91
JV80614,California,Male,College,2939.33,53357,73.0,0,Personal Auto,Four-Door Car,55.32
IC70693,California,Female,Bachelor,16068.35,70140,199.0,0,Corporate Auto,Luxury,955.2
JY45326,Oregon,Male,College,7360.87,52380,186.0,2,Personal Auto,Luxury,892.8
QW17940,California,Male,High School or Below,2700.99,79292,67.0,0,Corporate Auto,Four-Door Car,55.39
AV25133,Oregon,Female,College,3095.71,0,92.0,1,Personal Auto,Two-Door Car,774.89
QJ57215,Nevada,Female,College,4383.75,0,123.0,0,Personal Auto,SUV,1480.34
IG94072,Oregon,Female,High School or Below,9928.87,75425,123.0,0,Personal Auto,Luxury,823.8
WC28543,Arizona,Male,Bachelor,2399.18,20992,64.0,0,Personal Auto,Two-Door Car,307.2
DH13219,Washington,Male,Bachelor,3402.78,57428,85.0,1,Corporate Auto,Four-Door Car,414.65
ET80689,California,Male,College,8711.3,92606,109.0,0,Special Auto,SUV,287.44
JD10245,California,Male,High School or Below,4358.76,86001,109.0,1,Personal Auto,SUV,523.2
XO96556,Arizona,Male,Master,2551.23,79751,63.0,0,Personal Auto,Two-Door Car,392.24
UJ61336,Arizona,Female,Bachelor,5642.75,68654,71.0,2,Personal Auto,Four-Door Car,208.05
XS94482,Arizona,Female,Master,4151.67,0,61.0,3,Personal Auto,Two-Door Car,208.89
QX57337,Oregon,Female,Doctor,2842.03,92629,72.0,3,Personal Auto,Four-Door Car,60.85
CZ35936,California,Female,High School or Below,8791.44,54094,112.0,0,Corporate Auto,SUV,502.99
IM41800,Nevada,Male,College,8268.27,95419,70.0,3,Personal Auto,Four-Door Car,336.0
GI70742,Oregon,Female,High School or Below,8581.64,66466,71.0,0,Personal Auto,Four-Door Car,293.02
HQ32112,Arizona,Male,High School or Below,5244.4,68131,130.0,0,Personal Auto,SUV,226.61
CC85895,Nevada,Female,Bachelor,8509.02,56481,106.0,0,Personal Auto,SUV,273.25
CF40646,California,Male,College,4743.62,70082,119.0,0,Personal Auto,SUV,571.2
RF39856,Nevada,Male,Bachelor,22754.66,51437,115.0,0,Corporate Auto,SUV,244.09
VT85216,Nevada,Male,High School or Below,5335.02,0,73.0,0,Personal Auto,Four-Door Car,525.6
SW69117,Oregon,Male,College,6966.32,27972,90.0,0,Corporate Auto,Two-Door Car,240.32
EI58852,Arizona,Female,High School or Below,21205.38,24930,76.0,0,Personal Auto,Four-Door Car,364.8
FN61865,Nevada,Female,Master,4271.2,26245,110.0,0,Personal Auto,Two-Door Car,44.28
LI11560,California,Female,Bachelor,5580.82,57883,69.0,0,Personal Auto,Four-Door Car,431.85
NY12562,Nevada,Female,College,2224.09,0,64.0,0,Corporate Auto,Four-Door Car,483.26
GE46404,Oregon,Female,College,2709.54,58828,68.0,0,Personal Auto,Four-Door Car,446.75
PP26786,Arizona,Male,College,2890.34,51906,73.0,0,Corporate Auto,Four-Door Car,374.86
BE55425,Oregon,Male,College,6403.58,28095,82.0,0,Personal Auto,Four-Door Car,393.6
SH75038,California,Female,Bachelor,5981.38,88723,74.0,0,Personal Auto,Two-Door Car,355.2
LD22387,California,Female,High School or Below,6225.02,53078,79.0,2,Corporate Auto,Four-Door Car,200.98
FF94034,California,Female,Bachelor,8496.36,88895,106.0,0,Personal Auto,Luxury,209.86
YK16362,Arizona,Female,Bachelor,10213.99,60078,127.0,0,Corporate Auto,SUV,140.82
DN10177,California,Male,College,4547.16,0,67.0,0,Personal Auto,Two-Door Car,321.6
IV35546,Nevada,Female,Master,5741.7,45820,71.0,0,Corporate Auto,Four-Door Car,249.74
SK12432,Arizona,Male,Bachelor,2388.35,0,73.0,0,Personal Auto,Four-Door Car,677.97
DF71709,California,Male,College,12624.96,12439,115.0,0,Corporate Auto,Two-Door Car,552.0
UT61518,California,Male,Bachelor,8382.48,25998,71.0,0,Personal Auto,Four-Door Car,791.88
PU75847,Arizona,Male,College,4964.67,98451,62.0,0,Personal Auto,Four-Door Car,316.55
XA47378,California,Female,Bachelor,2871.44,23803,72.0,0,Corporate Auto,Two-Door Car,410.55
NE22677,California,Male,College,13080.79,0,124.0,0,Special Auto,SUV,595.2
HV62406,Oregon,Female,High School or Below,2482.41,26100,67.0,0,Personal Auto,Four-Door Car,482.4
VS20668,Nevada,Female,Bachelor,2726.83,0,73.0,0,Personal Auto,Four-Door Car,376.92
YZ79232,Oregon,Male,Master,4776.19,0,67.0,0,Personal Auto,Four-Door Car,315.22
ND87457,Nevada,Male,Bachelor,6091.9,65252,78.0,0,Personal Auto,Four-Door Car,482.49
TY59231,California,Female,Bachelor,5015.01,48567,130.0,0,Personal Auto,SUV,624.0
DA54619,Oregon,Female,High School or Below,9035.67,34337,113.0,0,Personal Auto,Four-Door Car,542.4
OL27257,Nevada,Female,College,4381.88,20394,115.0,0,Personal Auto,Two-Door Car,508.61
TH86528,Washington,Female,High School or Below,5775.52,0,76.0,0,Personal Auto,Two-Door Car,784.61
DS34823,Arizona,Female,High School or Below,4250.28,0,61.0,1,Personal Auto,Four-Door Car,292.8
HB24005,California,Male,College,2347.05,31617,62.0,1,Personal Auto,Four-Door Car,244.27
ZV96574,California,Female,High School or Below,6940.07,0,62.0,1,Corporate Auto,Four-Door Car,297.6
JC80093,Washington,Male,Master,2572.51,21104,66.0,0,Personal Auto,Four-Door Car,118.45
KN24990,Arizona,Male,College,41491.74,37748,181.0,2,Personal Auto,Luxury,868.8
RR39751,California,Female,Bachelor,3571.35,0,96.0,0,Personal Auto,Four-Door Car,438.66
BN80677,Oregon,Male,Bachelor,12734.21,25023,82.0,0,Corporate Auto,Two-Door Car,397.14
WL74893,Oregon,Female,College,4529.11,0,62.0,0,Special Auto,Four-Door Car,271.16
ZN59196,Oregon,Female,Bachelor,4177.88,14108,109.0,0,Personal Auto,Four-Door Car,523.2
PF77449,Washington,Female,High School or Below,9824.75,23923,82.0,1,Personal Auto,Four-Door Car,393.6
HO38996,Oregon,Male,High School or Below,2430.8,0,67.0,0,Special Auto,Four-Door Car,321.6
YU86361,Washington,Female,Master,19160.99,22705,239.0,0,Personal Auto,Luxury,1294.7
PJ13204,California,Female,High School or Below,3301.52,0,89.0,0,Corporate Auto,Two-Door Car,427.2
SP63623,Oregon,Male,College,4692.1,0,69.0,0,Personal Auto,Four-Door Car,506.92
DP33625,Arizona,Male,College,8092.88,50825,102.0,0,Personal Auto,SUV,369.61
BJ18904,Arizona,Male,College,3964.53,14616,106.0,0,Personal Auto,SUV,575.26
TR26615,Oregon,Male,High School or Below,2497.53,0,69.0,0,Corporate Auto,Two-Door Car,272.38
ZD44648,Arizona,Male,College,9656.21,29504,125.0,0,Personal Auto,SUV,1224.56
QW60568,California,Male,College,8888.14,58789,111.0,0,Corporate Auto,Four-Door Car,215.44
XS78545,Oregon,Female,College,7347.41,29491,61.0,0,Personal Auto,Four-Door Car,292.8
EU19773,Arizona,Female,High School or Below,8578.36,78077,107.0,2,Personal Auto,Four-Door Car,438.07
ZL45417,California,Female,High School or Below,3467.32,0,96.0,0,Personal Auto,Two-Door Car,799.25
JS58659,Nevada,Male,Bachelor,8901.47,76558,74.0,0,Special Auto,Four-Door Car,216.98
XK84089,California,Male,Bachelor,2619.34,78618,66.0,0,Personal Auto,Two-Door Car,225.58
LH91968,Oregon,Male,Bachelor,8838.09,82664,114.0,3,Corporate Auto,SUV,133.43
NX63627,Oregon,Male,Doctor,10127.77,23053,132.0,0,Personal Auto,Luxury,780.94
ND62955,Nevada,Male,Bachelor,4633.45,50250,117.0,0,Personal Auto,SUV,561.6
YQ11786,Oregon,Male,High School or Below,7796.0,32169,199.0,0,Personal Auto,Luxury,785.82
TM13955,Washington,Male,Master,2993.02,0,80.0,0,Corporate Auto,Four-Door Car,286.12
IA91291,Arizona,Female,College,7985.47,99069,66.0,0,Corporate Auto,Four-Door Car,77.44
RO89785,Oregon,Male,College,3508.57,20978,98.0,1,Personal Auto,Four-Door Car,1176.28
QW40898,Arizona,Female,College,2722.21,17576,71.0,0,Personal Auto,Four-Door Car,398.5
ZD40816,Nevada,Male,Bachelor,2783.58,42297,71.0,0,Personal Auto,Four-Door Car,200.39
PD82395,Arizona,Female,Bachelor,8650.0,0,115.0,0,Special Auto,Four-Door Car,824.6
NW23827,California,Female,College,4652.91,0,63.0,0,Personal Auto,Four-Door Car,151.23
GG61186,Nevada,Female,Doctor,8395.81,0,110.0,0,Personal Auto,Four-Door Car,161.09
TB31268,Arizona,Female,College,8804.54,48990,74.0,0,Personal Auto,Four-Door Car,355.2
SX98462,Oregon,Male,College,7155.34,16916,64.0,0,Personal Auto,Four-Door Car,377.51
OL82456,Oregon,Male,Bachelor,3954.34,18375,103.0,0,Personal Auto,Luxury,535.08
DN14211,Oregon,Male,College,15032.9,17150,65.0,0,Personal Auto,Two-Door Car,689.8
ZG12619,Washington,Female,Bachelor,8257.67,23815,73.0,0,Personal Auto,Four-Door Car,424.33
VH31071,Arizona,Female,College,9256.92,21947,118.0,0,Personal Auto,SUV,566.4
SP36555,Arizona,Male,Bachelor,6507.75,0,97.0,0,Personal Auto,Four-Door Car,863.22
ME83611,Nevada,Female,Bachelor,2530.71,89451,63.0,0,Personal Auto,Four-Door Car,61.77
PH85036,Washington,Female,Bachelor,5482.55,79325,68.0,0,Corporate Auto,Four-Door Car,251.29
PE54870,Oregon,Male,College,4050.51,88454,101.0,0,Personal Auto,SUV,308.75
DT52189,California,Female,High School or Below,6326.68,0,87.0,0,Personal Auto,Four-Door Car,417.6
XN48526,California,Female,College,2627.76,20943,69.0,0,Personal Auto,Four-Door Car,240.0
KW52227,California,Male,Bachelor,7814.6,51972,66.0,0,Personal Auto,Four-Door Car,316.8
JC98569,Oregon,Female,College,6314.58,54408,79.0,0,Personal Auto,Four-Door Car,288.33
BG48083,Nevada,Female,Bachelor,6386.28,23751,82.0,1,Personal Auto,Two-Door Car,586.92
PD19551,California,Female,Bachelor,2537.97,37612,64.0,0,Personal Auto,Four-Door Car,307.2
BJ13380,Oregon,Female,Bachelor,5335.38,91603,69.0,2,Personal Auto,Four-Door Car,472.67
HY25004,Arizona,Female,High School or Below,4549.08,0,62.0,0,Personal Auto,Two-Door Car,639.76
WF50693,Oregon,Male,High School or Below,4836.22,16450,128.0,0,Corporate Auto,SUV,871.48
MA45099,Oregon,Male,Bachelor,6478.8,50864,83.0,1,Corporate Auto,Four-Door Car,158.36
ZC69696,Arizona,Female,College,35440.14,74560,110.0,0,Personal Auto,SUV,528.0
VO43359,California,Male,High School or Below,2404.38,62488,62.0,2,Personal Auto,Four-Door Car,200.69
OM63954,California,Female,Bachelor,9264.57,55837,117.0,0,Personal Auto,Two-Door Car,741.87
GV71044,Oregon,Female,College,2433.02,0,66.0,0,Personal Auto,Two-Door Car,475.2
TM79451,California,Female,College,5367.09,97742,67.0,0,Personal Auto,Four-Door Car,67.65
PA84292,Oregon,Female,Bachelor,2452.36,0,69.0,0,Personal Auto,Four-Door Car,496.8
QX67584,Nevada,Female,High School or Below,8646.5,64125,108.0,0,Personal Auto,SUV,369.82
JK90180,Arizona,Male,College,4340.09,0,62.0,0,Personal Auto,Four-Door Car,446.4
BH35482,Washington,Male,Doctor,4930.95,70412,61.0,0,Corporate Auto,Two-Door Car,136.29
VU84949,Washington,Female,Bachelor,5292.63,0,70.0,0,Personal Auto,Two-Door Car,336.0
SF46129,California,Male,High School or Below,8986.61,66267,111.0,0,Personal Auto,Four-Door Car,1093.71
OH35544,Nevada,Female,College,5619.97,0,82.0,0,Corporate Auto,Four-Door Car,863.94
ZF82387,Oregon,Male,High School or Below,10340.46,40882,89.0,0,Corporate Auto,Two-Door Car,393.64
MD40054,Oregon,Male,High School or Below,6369.26,34498,83.0,0,Personal Auto,Two-Door Car,398.4
LE96510,Oregon,Female,High School or Below,2767.59,0,74.0,0,Personal Auto,Four-Door Car,355.2
MC11907,California,Female,High School or Below,4831.42,23228,64.0,1,Corporate Auto,Four-Door Car,307.2
DA57177,Oregon,Female,College,4282.95,40864,109.0,1,Personal Auto,SUV,166.94
SU77646,Oregon,Male,Master,5718.28,46133,73.0,0,Personal Auto,Four-Door Car,19.63
YZ19736,Arizona,Male,College,2580.85,46900,66.0,0,Personal Auto,Four-Door Car,316.8
JZ69749,Washington,Female,High School or Below,6481.38,0,92.0,0,Personal Auto,Four-Door Car,441.6
BJ22117,Washington,Male,Master,5133.41,53390,64.0,0,Personal Auto,Four-Door Car,279.0
UQ60825,California,Female,College,9369.64,99185,115.0,0,Corporate Auto,SUV,449.43
ZZ89380,Oregon,Female,Bachelor,3196.58,62815,80.0,0,Special Auto,Two-Door Car,47.06
LU87443,Oregon,Female,College,4720.61,26277,61.0,0,Personal Auto,Four-Door Car,292.8
DG33206,Washington,Female,Doctor,8861.9,41854,110.0,0,Personal Auto,Four-Door Car,481.27
AB98823,Arizona,Male,College,6032.74,0,86.0,0,Personal Auto,Two-Door Car,412.8
MS34991,Arizona,Male,High School or Below,6832.37,66627,85.0,0,Personal Auto,Four-Door Car,733.21
EE53627,Oregon,Male,High School or Below,2242.09,12131,64.0,1,Personal Auto,Four-Door Car,251.45
XY39691,Arizona,Female,High School or Below,4157.7,0,110.0,0,Personal Auto,SUV,528.0
ZU96776,California,Male,Bachelor,6189.12,0,90.0,0,Personal Auto,Two-Door Car,648.0
FF84784,California,Male,College,5643.72,33317,72.0,1,Personal Auto,Two-Door Car,345.6
QT90140,Arizona,Female,Doctor,5332.46,68931,66.0,0,Personal Auto,Four-Door Car,309.58
TO71844,Oregon,Male,College,2121.31,0,67.0,1,Personal Auto,Four-Door Car,321.6
HV69023,California,Female,High School or Below,8281.74,19189,108.0,0,Personal Auto,SUV,518.4
RE32481,California,Female,Master,7835.93,49390,195.0,0,Personal Auto,Luxury,738.05
CA79988,Oregon,Male,College,2552.91,33124,67.0,0,Personal Auto,Four-Door Car,80.12
DO48071,California,Female,College,2795.41,40516,70.0,0,Personal Auto,Two-Door Car,137.17
MW48891,Washington,Female,High School or Below,8007.4,0,112.0,0,Personal Auto,Luxury,537.6
JC37277,Oregon,Male,College,6886.32,34615,87.0,0,Personal Auto,Four-Door Car,417.6
YU80673,California,Female,College,5106.78,29894,72.0,4,Personal Auto,Four-Door Car,16.51
BV69462,Oregon,Female,Bachelor,5612.38,0,79.0,0,Corporate Auto,Two-Door Car,379.2
DW86238,Washington,Male,High School or Below,5658.91,0,84.0,0,Personal Auto,Four-Door Car,847.49
BQ51616,Oregon,Female,High School or Below,7263.6,86732,180.0,0,Personal Auto,Luxury,204.37
XX89213,Nevada,Female,Master,8712.16,68516,216.0,0,Corporate Auto,Luxury,95.69
JC96695,California,Male,Doctor,9198.69,31562,115.0,0,Personal Auto,SUV,552.0
RN55306,Oregon,Female,High School or Below,5162.37,0,74.0,0,Personal Auto,Four-Door Car,582.42
WH36609,Arizona,Female,Bachelor,6289.95,24477,79.0,0,Personal Auto,Four-Door Car,379.2
UO43395,Oregon,Male,Master,3649.71,0,100.0,0,Personal Auto,SUV,480.0
DS32060,California,Male,College,6766.56,20046,87.0,0,Personal Auto,Two-Door Car,417.6
LK51056,Arizona,Male,Bachelor,4631.01,78152,114.0,0,Corporate Auto,SUV,547.2
PX71218,Arizona,Male,Bachelor,6810.53,0,65.0,0,Personal Auto,Four-Door Car,733.52
NS19456,Oregon,Female,College,9378.63,36067,117.0,0,Personal Auto,Luxury,561.6
MR60878,Oregon,Female,Bachelor,15762.53,44362,66.0,0,Corporate Auto,Four-Door Car,142.11
MB32944,Nevada,Male,Master,2635.51,77350,66.0,0,Personal Auto,Four-Door Car,316.8
FE70473,Oregon,Female,College,5741.73,86641,71.0,0,Personal Auto,Two-Door Car,161.75
XB64251,Oregon,Male,College,8414.94,72258,105.0,0,Personal Auto,SUV,12.5
WI38796,Oregon,Male,Bachelor,9123.91,70737,114.0,0,Corporate Auto,SUV,741.66
KS12294,California,Male,Bachelor,15994.01,0,159.0,0,Personal Auto,SUV,1410.17
US89453,California,Male,College,9022.08,0,125.0,0,Personal Auto,SUV,988.54
XK39439,California,Male,College,4759.66,0,81.0,3,Personal Auto,Four-Door Car,388.8
VJ71087,Arizona,Male,Bachelor,3993.88,17672,110.0,0,Personal Auto,SUV,792.0
FM54600,Washington,Female,High School or Below,18853.74,0,173.0,0,Corporate Auto,SUV,1245.6
UV43859,Oregon,Female,High School or Below,8840.19,47297,115.0,4,Personal Auto,SUV,796.13
JP28293,California,Female,Doctor,6696.9,57240,83.0,0,Corporate Auto,Four-Door Car,83.65
UV48189,California,Male,Bachelor,8476.08,28181,109.0,0,Personal Auto,SUV,523.2
ZA34848,Arizona,Female,Bachelor,5205.75,31275,66.0,0,Personal Auto,Two-Door Car,316.8
FA57012,California,Male,College,6141.96,0,182.0,0,Special Auto,Luxury,1310.4
GU82757,California,Female,Bachelor,4376.36,63774,111.0,0,Corporate Auto,Four-Door Car,60.04
KW12214,Oregon,Male,High School or Below,12375.02,78441,103.0,0,Personal Auto,SUV,613.87
EG97649,Oregon,Female,College,3451.1,0,104.0,2,Personal Auto,SUV,499.2
YB42706,Nevada,Male,College,8107.27,0,76.0,0,Corporate Auto,Two-Door Car,364.8
WV74449,Washington,Female,College,8662.05,0,117.0,0,Personal Auto,SUV,511.42
AZ77669,Oregon,Male,High School or Below,8696.91,91423,109.0,1,Personal Auto,SUV,435.8
FM25704,Oregon,Male,Bachelor,2535.27,86933,63.0,0,Corporate Auto,Two-Door Car,269.56
UR34922,California,Male,Doctor,5633.74,65255,72.0,2,Personal Auto,Four-Door Car,321.46
RA17555,Oregon,Male,High School or Below,5176.73,41533,65.0,0,Corporate Auto,Four-Door Car,232.88
AW71157,California,Male,College,5531.72,50097,71.0,0,Personal Auto,Four-Door Car,17.48
IN91592,California,Female,Bachelor,2810.67,73858,72.0,3,Personal Auto,Four-Door Car,422.59
WX37953,Oregon,Female,College,2780.73,94943,69.0,0,Personal Auto,Four-Door Car,387.55
NL85206,California,Female,College,2572.45,72685,68.0,5,Personal Auto,Four-Door Car,14.46
PR23514,California,Male,College,7664.22,60184,199.0,1,Personal Auto,Luxury,161.62
XZ23352,California,Female,High School or Below,3839.75,0,106.0,0,Corporate Auto,SUV,763.2
MX80067,California,Male,High School or Below,2509.27,74045,64.0,0,Personal Auto,Four-Door Car,307.2
HR10835,Nevada,Male,High School or Below,14566.09,52564,122.0,0,Personal Auto,SUV,42.13
FR15942,Washington,Male,Bachelor,3220.78,19098,87.0,0,Personal Auto,Two-Door Car,417.6
GX22886,Arizona,Male,College,3199.82,78784,80.0,0,Personal Auto,Four-Door Car,239.96
HQ70429,Washington,Female,College,16045.11,0,65.0,0,Personal Auto,Two-Door Car,163.05
YT84266,Oregon,Male,College,4918.92,29256,63.0,0,Personal Auto,Four-Door Car,302.4
GH48715,Arizona,Female,High School or Below,5623.76,77912,71.0,1,Corporate Auto,Four-Door Car,23.9
BN46866,Oregon,Male,College,5677.47,45345,72.0,0,Personal Auto,Four-Door Car,99.04
CG94611,Oregon,Male,College,3016.44,25630,86.0,0,Corporate Auto,Two-Door Car,412.8
GK94889,California,Male,College,5279.12,22280,68.0,0,Personal Auto,Four-Door Car,169.41
QN62538,Nevada,Male,High School or Below,4803.94,0,69.0,0,Corporate Auto,Four-Door Car,496.8
UQ13133,Nevada,Male,Master,2608.79,61567,65.0,0,Personal Auto,Four-Door Car,39.53
DI65961,Arizona,Male,High School or Below,7832.57,34644,66.0,0,Personal Auto,Four-Door Car,316.8
WQ85760,California,Male,College,4260.34,26991,119.0,0,Corporate Auto,SUV,856.8
No35621,Arizona,Male,Bachelor,2369.37,49746,61.0,0,Personal Auto,Two-Door Car,624.43
IA11644,California,Male,High School or Below,20604.02,0,72.0,1,Special Auto,Two-Door Car,723.01
TV53243,Arizona,Female,College,2652.07,49625,66.0,0,Corporate Auto,Two-Door Car,261.55
WV53081,Arizona,Female,College,2597.86,49308,65.0,0,Corporate Auto,Four-Door Car,150.24
LL57541,California,Female,Master,7712.44,63624,95.0,0,Personal Auto,Four-Door Car,175.24
RP27249,Oregon,Female,Master,4698.88,80358,116.0,0,Personal Auto,SUV,443.64
OT85112,Washington,Male,College,3403.92,38460,88.0,1,Personal Auto,Four-Door Car,91.55
GV47847,California,Male,High School or Below,4355.7,0,64.0,0,Personal Auto,Two-Door Car,460.8
BB48165,California,Female,Bachelor,11095.97,0,101.0,0,Personal Auto,SUV,727.2
HH80006,Oregon,Female,High School or Below,3300.68,0,92.0,0,Personal Auto,Four-Door Car,711.32
TH70115,California,Male,College,6981.08,34835,89.0,2,Personal Auto,Two-Door Car,294.69
WE64781,Oregon,Female,Bachelor,16922.13,93836,139.0,0,Corporate Auto,Luxury,497.35
KN27565,Oregon,Male,Master,7639.67,34075,196.0,0,Special Auto,Luxury,451.9
LE85123,Oregon,Male,Bachelor,19237.77,35624,66.0,2,Personal Auto,Four-Door Car,227.45
QF76244,Oregon,Female,Doctor,2915.65,83218,72.0,0,Personal Auto,Four-Door Car,245.1
PU73561,Arizona,Female,Bachelor,4196.43,24641,105.0,0,Personal Auto,SUV,504.0
HM38744,Oregon,Male,Bachelor,16473.17,22828,106.0,0,Corporate Auto,SUV,508.8
ST59524,Oregon,Male,College,2657.57,0,71.0,0,Personal Auto,Four-Door Car,340.8
EZ77297,California,Male,Master,3267.71,28729,90.0,3,Personal Auto,Four-Door Car,338.74
DR84843,Arizona,Male,Bachelor,2584.53,72731,65.0,0,Personal Auto,Four-Door Car,125.7
MV54498,California,Female,College,5503.92,59932,71.0,1,Personal Auto,Four-Door Car,116.6
EM85557,Washington,Female,College,8021.07,54292,67.0,0,Personal Auto,Four-Door Car,321.6
FY73682,California,Male,Bachelor,19606.36,0,194.0,0,Personal Auto,Luxury,931.2
XT54610,California,Female,Bachelor,1904.0,0,63.0,3,Personal Auto,Four-Door Car,302.4
CE16324,Nevada,Female,College,7288.3,59414,91.0,0,Personal Auto,Two-Door Car,340.32
KX75698,Oregon,Male,High School or Below,5553.52,96587,138.0,0,Personal Auto,SUV,749.24
UV82770,California,Male,Bachelor,11702.35,0,111.0,0,Personal Auto,SUV,532.8
MX95450,Oregon,Female,College,36897.8,0,133.0,0,Personal Auto,SUV,638.4
XF96605,California,Male,College,2957.1,94362,74.0,0,Personal Auto,Two-Door Car,195.41
WQ75856,Oregon,Female,Bachelor,19643.54,84488,61.0,0,Personal Auto,Four-Door Car,208.89
JG35886,California,Female,College,4111.89,65085,103.0,0,Personal Auto,Four-Door Car,480.07
XY66810,California,Female,Bachelor,15122.99,0,72.0,0,Personal Auto,Two-Door Car,518.4
ON50913,California,Female,College,12807.09,0,69.0,0,Special Auto,Four-Door Car,450.76
LS59408,Arizona,Male,High School or Below,2500.24,0,67.0,0,Personal Auto,Four-Door Car,664.13
XQ14689,Nevada,Male,College,4260.71,0,62.0,0,Personal Auto,Four-Door Car,446.4
QF55724,California,Male,Bachelor,2609.53,60798,66.0,0,Personal Auto,Four-Door Car,316.8
FD79560,Arizona,Female,High School or Below,10796.45,30761,69.0,2,Special Auto,Two-Door Car,331.2
KM18818,Arizona,Female,College,2590.65,25981,65.0,0,Personal Auto,Two-Door Car,77.55
XA28126,California,Male,Bachelor,29199.81,67739,149.0,0,Personal Auto,SUV,270.37
LJ93770,Arizona,Female,Doctor,4194.66,25581,105.0,0,Personal Auto,SUV,429.7
MK52711,California,Female,High School or Below,10314.52,99759,65.0,3,Personal Auto,Two-Door Car,74.46
AZ68184,Washington,Male,High School or Below,9028.31,76514,112.0,0,Personal Auto,SUV,573.94
NN52789,Arizona,Male,Bachelor,3954.34,18375,103.0,0,Personal Auto,Luxury,535.08
XC68458,California,Male,Bachelor,6089.52,21832,84.0,0,Personal Auto,Four-Door Car,403.2
AF49027,Arizona,Female,College,12827.43,0,117.0,0,Personal Auto,Two-Door Car,842.4
PR22184,California,Female,College,9135.29,95330,113.0,0,Corporate Auto,Luxury,542.4
GM98732,California,Female,College,7902.68,0,106.0,0,Personal Auto,SUV,634.4
NP66209,California,Female,College,14827.91,0,68.0,2,Personal Auto,Two-Door Car,326.4
GA46608,Oregon,Male,Bachelor,2500.83,25899,63.0,0,Personal Auto,Four-Door Car,302.4
FZ79470,Arizona,Female,Bachelor,5395.35,0,74.0,0,Personal Auto,Four-Door Car,355.2
KR10942,Oregon,Female,Bachelor,2651.62,33201,66.0,0,Personal Auto,Two-Door Car,314.04
AW86033,California,Male,College,2119.89,18287,61.0,4,Personal Auto,Two-Door Car,292.8
LM79063,Arizona,Female,Doctor,7155.47,76506,89.0,0,Personal Auto,Two-Door Car,427.2
NB30963,California,Male,High School or Below,5994.23,41859,76.0,0,Personal Auto,Two-Door Car,166.13
AO40386,Oregon,Male,College,22647.22,27504,91.0,0,Personal Auto,Four-Door Car,436.8
BN74259,Arizona,Male,High School or Below,2833.8,45360,73.0,0,Corporate Auto,Four-Door Car,350.4
XV69290,California,Male,College,22332.44,49078,97.0,0,Corporate Auto,Four-Door Car,484.01
RE97741,California,Male,High School or Below,5846.42,0,90.0,2,Personal Auto,Four-Door Car,648.0
HN69035,Arizona,Female,College,2867.21,91810,71.0,0,Corporate Auto,Four-Door Car,165.52
SI48717,Oregon,Male,College,14435.66,70600,122.0,1,Personal Auto,SUV,636.98
PJ67250,Arizona,Female,College,5237.48,33554,131.0,0,Special Auto,SUV,934.66
SH85263,California,Male,Bachelor,7710.91,77642,64.0,0,Personal Auto,Two-Door Car,282.15
WV37081,California,Male,College,5158.58,25963,66.0,0,Personal Auto,Four-Door Car,298.95
No61408,California,Female,Bachelor,5414.9,57452,136.0,1,Personal Auto,SUV,652.8
DE91458,Washington,Female,Master,2903.75,0,77.0,0,Personal Auto,Four-Door Car,491.66
EP83939,Arizona,Male,High School or Below,5575.75,91416,69.0,0,Personal Auto,Four-Door Car,109.9
IU17657,California,Male,Bachelor,2616.41,22000,69.0,0,Personal Auto,Two-Door Car,383.22
EO95166,Oregon,Male,Bachelor,4617.84,41167,118.0,0,Personal Auto,Four-Door Car,554.96
KX79225,Oregon,Male,High School or Below,20123.87,0,70.0,0,Personal Auto,Four-Door Car,504.0
EZ60033,California,Female,Bachelor,3200.8,0,86.0,0,Corporate Auto,Four-Door Car,412.8
KK58047,Oregon,Male,College,8583.85,53944,71.0,0,Personal Auto,Two-Door Car,340.8
JW62354,Nevada,Female,College,4349.31,75648,108.0,0,Personal Auto,SUV,112.66
TT18939,California,Male,Bachelor,4729.59,29414,64.0,0,Personal Auto,Four-Door Car,71.3
IJ21010,Arizona,Female,Bachelor,5015.01,48567,130.0,0,Personal Auto,SUV,624.0
PZ31902,Arizona,Female,Bachelor,5797.6,69276,74.0,2,Personal Auto,Two-Door Car,201.33
WD88540,California,Male,High School or Below,3475.07,0,96.0,0,Personal Auto,Two-Door Car,460.8
IL67915,Arizona,Female,College,8542.22,50117,107.0,0,Corporate Auto,Four-Door Car,462.65
VQ76590,Arizona,Male,Bachelor,16473.17,22828,106.0,0,Personal Auto,SUV,508.8
FJ60600,Oregon,Female,High School or Below,6776.35,0,96.0,0,Personal Auto,Four-Door Car,818.73
MP53132,Oregon,Female,High School or Below,9713.16,0,136.0,0,Corporate Auto,SUV,979.2
XP96549,Oregon,Female,High School or Below,4429.19,20868,112.0,0,Personal Auto,SUV,537.6
VC34797,California,Female,Bachelor,2435.54,40921,62.0,2,Corporate Auto,Four-Door Car,10.56
QV30663,Nevada,Female,Master,9863.5,99654,121.0,0,Personal Auto,SUV,272.79
AK90865,Oregon,Female,High School or Below,8207.86,0,110.0,0,Special Auto,Luxury,686.91
BX51438,Arizona,Male,Bachelor,2781.45,56218,72.0,2,Personal Auto,Four-Door Car,302.94
DU38713,Arizona,Female,High School or Below,5807.99,70717,72.0,0,Personal Auto,Two-Door Car,37.29
WQ13284,California,Male,College,8395.27,62989,71.0,1,Personal Auto,Four-Door Car,319.13
JB36584,Arizona,Male,Master,14333.92,41459,71.0,0,Personal Auto,Four-Door Car,340.8
WQ23548,California,Female,Master,11003.54,0,102.0,1,Personal Auto,SUV,489.6
WZ98067,Oregon,Male,College,4049.81,42512,105.0,1,Personal Auto,Four-Door Car,77.48
AQ11656,Arizona,Male,Bachelor,2141.75,0,61.0,0,Personal Auto,Four-Door Car,437.04
KL14426,Nevada,Female,Doctor,5079.84,83288,124.0,0,Personal Auto,SUV,353.4
PG48617,California,Male,High School or Below,2895.52,46267,72.0,0,Personal Auto,Four-Door Car,231.97
QB24570,Oregon,Female,Master,9031.21,0,122.0,0,Corporate Auto,Luxury,650.52
NI68379,Oregon,Male,Master,6554.39,74424,81.0,0,Personal Auto,Four-Door Car,388.8
RS92763,Oregon,Female,College,7487.74,0,72.0,0,Personal Auto,Four-Door Car,693.08
PA75237,Nevada,Male,Doctor,15118.9,58883,62.0,0,Corporate Auto,Two-Door Car,432.48
LR35392,Oregon,Male,High School or Below,9007.43,41539,116.0,0,Personal Auto,Four-Door Car,556.8
KC22636,California,Female,High School or Below,5488.93,33881,68.0,0,Personal Auto,Four-Door Car,65.66
IJ98317,California,Female,Bachelor,7234.14,86448,90.0,0,Personal Auto,Four-Door Car,59.85
DY49235,Arizona,Female,College,5205.75,25237,69.0,0,Personal Auto,Four-Door Car,378.35
EG94409,Nevada,Female,High School or Below,4697.15,0,67.0,0,Special Auto,Four-Door Car,482.4
GB59748,Arizona,Female,College,6207.17,49419,77.0,0,Personal Auto,Four-Door Car,203.3
MP68135,Oregon,Male,College,6615.82,90414,83.0,1,Personal Auto,Four-Door Car,398.4
CZ56843,California,Male,College,9708.5,39930,86.0,1,Personal Auto,Four-Door Car,412.8
DJ47372,California,Male,Doctor,10831.13,23202,96.0,0,Personal Auto,Four-Door Car,460.8
XZ51937,California,Female,Master,4626.8,79487,114.0,0,Personal Auto,SUV,547.2
IZ27630,Oregon,Male,Master,6748.23,68423,85.0,0,Personal Auto,Two-Door Car,324.41
IM14119,Arizona,Female,Bachelor,2542.06,84495,63.0,0,Special Auto,Two-Door Car,302.4
PN53766,California,Male,Doctor,5450.39,43091,69.0,1,Corporate Auto,Four-Door Car,330.14
DQ93036,Arizona,Male,High School or Below,7243.87,41951,91.0,0,Personal Auto,Four-Door Car,40.54
WA70405,Nevada,Male,College,8306.55,89834,105.0,0,Personal Auto,SUV,504.0
NF51705,Nevada,Male,High School or Below,2734.51,92157,69.0,0,Corporate Auto,Two-Door Car,270.38
LR37068,Oregon,Female,College,11030.66,35773,93.0,0,Personal Auto,Four-Door Car,446.4
EC18611,Nevada,Male,High School or Below,3402.39,0,99.0,0,Personal Auto,Two-Door Car,475.2
NP88319,Oregon,Female,High School or Below,6945.02,15850,61.0,0,Corporate Auto,Two-Door Car,314.53
AA11235,Nevada,Female,Bachelor,2568.84,11167,73.0,3,Personal Auto,Two-Door Car,350.4
DL55489,Oregon,Male,High School or Below,5764.65,21195,72.0,0,Corporate Auto,Four-Door Car,345.6
UU53919,Oregon,Female,Master,5403.55,27430,68.0,0,Personal Auto,Two-Door Car,184.96
JI11950,California,Female,High School or Below,4899.23,0,63.0,0,Personal Auto,Two-Door Car,302.4
QB82117,Oregon,Male,High School or Below,9048.98,0,119.0,0,Personal Auto,Luxury,571.2
MR33456,Washington,Male,High School or Below,8093.9,59839,107.0,2,Personal Auto,SUV,513.6
YN17362,California,Male,College,2496.77,0,73.0,0,Corporate Auto,Two-Door Car,350.4
UR73910,California,Male,College,2602.25,38166,67.0,1,Corporate Auto,Four-Door Car,236.84
KG63751,Washington,Male,High School or Below,6751.44,0,95.0,0,Personal Auto,Four-Door Car,456.0
NK39001,Oregon,Female,Bachelor,3621.69,13457,94.0,0,Personal Auto,Two-Door Car,285.83
HR85493,California,Male,College,6896.09,0,68.0,0,Personal Auto,Two-Door Car,326.4
QC50643,California,Female,Bachelor,5438.7,52721,136.0,0,Personal Auto,SUV,550.13
LO90345,Oregon,Female,College,14472.58,22012,185.0,0,Corporate Auto,Luxury,75.7
WK64739,Arizona,Female,Bachelor,2359.42,19864,63.0,0,Corporate Auto,Four-Door Car,352.39
QK88438,Arizona,Female,College,5323.27,55289,67.0,0,Personal Auto,Four-Door Car,134.12
QX42433,California,Male,College,7390.9,30449,92.0,0,Personal Auto,Four-Door Car,501.09
BH52611,California,Female,Bachelor,11447.51,27362,144.0,0,Personal Auto,SUV,422.78
SA77508,Oregon,Female,High School or Below,5754.85,29460,72.0,0,Personal Auto,Four-Door Car,29.3
HD99234,Oregon,Female,College,10244.24,0,94.0,0,Personal Auto,Four-Door Car,451.2
DE37110,California,Male,Master,4645.57,42532,118.0,0,Personal Auto,Luxury,200.64
DJ93289,California,Female,High School or Below,4887.34,66707,61.0,0,Personal Auto,Two-Door Car,71.98
AC40767,Washington,Male,Bachelor,2497.81,68041,64.0,0,Personal Auto,Two-Door Car,165.57
GA79817,Arizona,Male,Bachelor,2369.11,0,65.0,0,Corporate Auto,Four-Door Car,468.0
QH62059,California,Male,Bachelor,4490.6,0,64.0,1,Personal Auto,Four-Door Car,307.2
ZS35053,Arizona,Male,High School or Below,3719.25,40968,97.0,1,Personal Auto,Four-Door Car,465.6
II37804,Nevada,Male,Bachelor,4198.03,39913,106.0,0,Personal Auto,SUV,344.77
GE63585,California,Male,Bachelor,2420.71,31710,62.0,0,Corporate Auto,Two-Door Car,199.55
UV86903,California,Female,Bachelor,4463.0,0,73.0,3,Personal Auto,Two-Door Car,350.4
JL71713,California,Female,Bachelor,6291.66,89113,78.0,0,Personal Auto,Four-Door Car,219.36
DO60145,Arizona,Male,College,4270.03,0,122.0,0,Personal Auto,SUV,725.87
FC59209,California,Female,Bachelor,2460.67,0,67.0,0,Personal Auto,Four-Door Car,321.6
XQ74827,Arizona,Female,High School or Below,19435.63,38688,249.0,0,Special Auto,Luxury,2294.63
EY13576,Oregon,Female,College,7374.08,0,110.0,4,Personal Auto,SUV,528.0
US82810,California,Female,Bachelor,18269.54,0,127.0,0,Corporate Auto,SUV,609.6
RC61383,Oregon,Male,High School or Below,11925.72,28014,104.0,0,Personal Auto,SUV,631.59
PO80505,Nevada,Female,College,4223.27,14170,109.0,0,Personal Auto,SUV,523.2
MD17521,Oregon,Male,High School or Below,10298.39,64825,129.0,0,Personal Auto,SUV,359.48
YV93921,California,Male,Bachelor,5229.74,77357,67.0,0,Personal Auto,Four-Door Car,29.88
JP64518,Nevada,Male,Bachelor,2402.82,21629,62.0,0,Corporate Auto,Two-Door Car,298.63
OI98135,Washington,Male,High School or Below,3933.81,25927,103.0,0,Personal Auto,SUV,674.97
XS97845,Oregon,Male,College,4299.84,44388,113.0,1,Personal Auto,Four-Door Car,496.84
DL20327,Oregon,Female,College,7635.55,54539,63.0,0,Personal Auto,Four-Door Car,287.45
GD86131,California,Female,College,2722.21,17576,71.0,0,Corporate Auto,Four-Door Car,398.5
ID21061,Arizona,Female,Master,7291.6,84629,90.0,0,Personal Auto,Four-Door Car,411.67
EN65835,Arizona,Female,Bachelor,58753.88,24964,185.0,0,Personal Auto,SUV,888.0
BE65350,Oregon,Female,High School or Below,5261.04,43573,66.0,0,Personal Auto,Two-Door Car,409.68
GI82721,Arizona,Female,College,16938.3,0,69.0,0,Corporate Auto,Four-Door Car,340.78
YR84813,Oregon,Male,College,10575.95,0,105.0,0,Special Auto,Four-Door Car,756.0
JZ28301,Oregon,Female,College,5552.33,35011,70.0,0,Personal Auto,Four-Door Car,215.73
HL40930,Oregon,Male,Bachelor,7150.23,63651,92.0,0,Personal Auto,Four-Door Car,224.71
HL33607,Washington,Male,College,8717.05,83846,74.0,3,Personal Auto,Four-Door Car,355.2
WU21638,California,Male,Bachelor,6847.59,0,191.0,0,Personal Auto,Luxury,1317.01
AG32304,Nevada,Female,College,5418.73,39133,67.0,0,Personal Auto,Four-Door Car,90.52
JX26859,California,Male,Doctor,3528.04,31278,92.0,4,Personal Auto,Two-Door Car,441.6
KC75958,California,Female,High School or Below,16468.22,0,63.0,0,Personal Auto,Four-Door Car,685.13
ZV32968,Oregon,Male,High School or Below,7285.03,44788,61.0,0,Personal Auto,Four-Door Car,386.03
GU45597,Oregon,Female,Bachelor,16963.84,0,117.0,0,Corporate Auto,SUV,561.6
SO95845,California,Female,College,5807.66,62447,74.0,0,Personal Auto,Two-Door Car,133.98
GL32197,Oregon,Male,College,5068.26,31475,64.0,1,Personal Auto,Four-Door Car,22.96
SC11374,Nevada,Female,College,8797.83,80780,109.0,0,Corporate Auto,SUV,3.55
RT29777,Oregon,Female,Bachelor,4439.9,88613,111.0,0,Personal Auto,SUV,359.37
OB73235,California,Male,College,2404.46,45949,62.0,0,Corporate Auto,Two-Door Car,110.56
MV41462,Arizona,Female,Bachelor,5066.63,35596,64.0,0,Personal Auto,Two-Door Car,307.2
FM67585,California,Male,High School or Below,5890.53,76875,73.0,0,Personal Auto,Four-Door Car,17.38
KG57925,California,Male,Bachelor,2410.5,41842,61.0,0,Corporate Auto,Two-Door Car,292.8
IY24560,California,Male,Bachelor,5288.24,28884,72.0,1,Corporate Auto,Four-Door Car,518.4
BV33510,Arizona,Female,High School or Below,26413.55,24631,83.0,1,Personal Auto,Four-Door Car,398.4
XA77673,Nevada,Female,College,16236.48,0,74.0,2,Personal Auto,Four-Door Car,680.75
XN90861,Arizona,Female,Bachelor,5534.58,71560,69.0,0,Personal Auto,Two-Door Car,178.7
WS84995,Nevada,Male,Master,9202.64,0,80.0,0,Personal Auto,Four-Door Car,384.0
ZZ49347,Oregon,Male,High School or Below,2592.44,72421,65.0,0,Personal Auto,Four-Door Car,312.0
XX85323,Arizona,Female,Master,8019.86,54702,199.0,0,Personal Auto,SUV,955.2
JO64487,California,Female,High School or Below,6943.74,0,76.0,5,Special Auto,Four-Door Car,547.2
TO55363,Oregon,Female,High School or Below,13367.87,57335,67.0,0,Personal Auto,Two-Door Car,407.89
UE67791,Arizona,Male,College,5885.34,0,67.0,3,Personal Auto,Two-Door Car,482.4
JN69287,California,Male,High School or Below,3479.76,35033,87.0,0,Personal Auto,Two-Door Car,490.64
AT55072,Arizona,Male,College,9103.9,65733,113.0,0,Personal Auto,Four-Door Car,684.95
LV34368,California,Male,Bachelor,4813.28,0,69.0,0,Special Auto,Four-Door Car,472.61
QU40939,Arizona,Female,College,9575.76,0,88.0,0,Personal Auto,Four-Door Car,633.6
IP94270,Arizona,Female,Master,13736.13,16181,181.0,0,Personal Auto,SUV,1261.32
KW33804,Nevada,Male,High School or Below,8090.88,86180,69.0,4,Personal Auto,Four-Door Car,48.05
IA42992,Arizona,Male,High School or Below,8267.12,36881,104.0,0,Special Auto,SUV,499.2
CZ19025,Oregon,Female,High School or Below,2489.17,47888,64.0,1,Personal Auto,Four-Door Car,545.08
EN54716,Oregon,Female,Doctor,2395.57,21986,63.0,0,Personal Auto,Two-Door Car,333.7
UF27940,Washington,Female,College,3863.31,47199,100.0,3,Corporate Auto,SUV,480.0
QD36118,Oregon,Female,College,5173.49,0,69.0,0,Personal Auto,Four-Door Car,331.2
XI52305,California,Male,Bachelor,4984.62,86305,62.0,0,Personal Auto,Four-Door Car,80.73
HZ25580,Washington,Female,High School or Below,2396.19,39062,61.0,0,Corporate Auto,Two-Door Car,346.99
JY97451,California,Female,College,2631.88,16976,69.0,0,Personal Auto,Four-Door Car,238.95
US78266,California,Female,High School or Below,6993.84,0,65.0,2,Corporate Auto,Four-Door Car,468.0
SX25962,Arizona,Male,College,15055.54,83283,193.0,1,Personal Auto,Luxury,273.7
XQ12791,California,Male,High School or Below,3401.88,41972,86.0,0,Personal Auto,Four-Door Car,691.71
EU59853,California,Male,College,4126.61,34080,107.0,1,Personal Auto,Four-Door Car,220.64
QR21417,California,Female,Bachelor,4463.0,0,73.0,3,Corporate Auto,Two-Door Car,350.4
CI27304,California,Male,College,9320.09,40269,81.0,2,Personal Auto,Four-Door Car,329.98
WJ52097,Oregon,Female,Bachelor,3663.74,61894,91.0,0,Corporate Auto,Four-Door Car,436.8
FT65961,California,Female,College,4962.21,23300,63.0,1,Corporate Auto,Four-Door Car,339.91
DP87594,Oregon,Female,Bachelor,2816.76,66023,70.0,0,Personal Auto,Two-Door Car,265.63
KP96020,Arizona,Female,Bachelor,4330.77,39660,107.0,0,Corporate Auto,Luxury,416.85
HQ15974,Nevada,Female,College,8262.88,0,76.0,1,Personal Auto,Four-Door Car,32.51
VE98553,Oregon,Male,Bachelor,4666.64,60466,117.0,0,Personal Auto,Four-Door Car,784.19
ME44353,Oregon,Female,College,5876.05,32848,74.0,0,Personal Auto,Four-Door Car,250.45
AE62631,Oregon,Male,Bachelor,8427.72,20662,72.0,0,Personal Auto,Two-Door Car,373.32
GX29162,Arizona,Female,High School or Below,13023.93,64985,108.0,0,Personal Auto,Two-Door Car,16.43
LY69932,Oregon,Male,High School or Below,8209.6,68022,103.0,0,Personal Auto,Luxury,494.4
YY74036,California,Male,College,2464.24,72834,65.0,3,Corporate Auto,Four-Door Car,91.94
DP92488,Washington,Female,Doctor,2727.52,74592,67.0,0,Personal Auto,Two-Door Car,321.6
FO74055,California,Female,College,3086.01,73938,76.0,0,Personal Auto,Two-Door Car,53.1
GT97121,California,Male,College,22067.73,15999,83.0,0,Personal Auto,Four-Door Car,398.4
VF83291,Oregon,Female,College,4836.05,0,69.0,0,Personal Auto,Four-Door Car,632.08
OU76593,Oregon,Male,College,6912.04,0,96.0,0,Personal Auto,Four-Door Car,460.8
HO40387,California,Male,Master,2570.76,0,72.0,3,Personal Auto,Two-Door Car,345.6
GR37045,Nevada,Female,Bachelor,2991.7,0,80.0,0,Corporate Auto,Four-Door Car,576.0
KZ84621,Nevada,Female,High School or Below,8253.27,62375,103.0,1,Personal Auto,SUV,411.23
FR82361,Arizona,Male,Doctor,10477.78,61427,88.0,0,Personal Auto,Four-Door Car,422.4
UM14883,California,Male,High School or Below,16373.73,64396,103.0,0,Special Auto,SUV,355.41
UX32931,California,Female,College,5184.95,49312,65.0,1,Corporate Auto,Four-Door Car,230.1
QA68548,California,Female,High School or Below,10634.84,0,61.0,0,Personal Auto,Two-Door Car,292.8
QV40364,California,Female,High School or Below,15114.4,28513,100.0,1,Personal Auto,SUV,480.0
TY87896,California,Male,High School or Below,11875.9,0,108.0,0,Personal Auto,SUV,518.4
CV75841,California,Male,College,4369.5,97321,110.0,0,Personal Auto,Four-Door Car,74.74
YO62357,California,Female,College,7432.86,58839,65.0,3,Personal Auto,Two-Door Car,18.97
YN19139,Nevada,Male,High School or Below,2558.76,0,72.0,0,Corporate Auto,Four-Door Car,518.4
PE63707,Nevada,Male,Bachelor,5452.17,88567,67.0,0,Personal Auto,Four-Door Car,321.6
NS74173,Nevada,Male,College,2968.08,91646,74.0,0,Corporate Auto,Two-Door Car,57.68
ZI73222,California,Male,High School or Below,15700.28,0,211.0,0,Personal Auto,Luxury,1012.8
AC24378,Arizona,Female,High School or Below,7477.18,48552,94.0,0,Corporate Auto,Four-Door Car,262.75
XR71687,Oregon,Male,Bachelor,9407.45,31485,118.0,0,Personal Auto,SUV,294.91
GJ70481,Arizona,Male,High School or Below,4428.04,0,64.0,0,Personal Auto,Four-Door Car,628.8
JI94264,Arizona,Male,College,10053.55,16511,135.0,0,Personal Auto,SUV,972.0
YI95434,California,Female,College,2907.9,51020,73.0,0,Personal Auto,Four-Door Car,350.4
RL34830,California,Male,College,7644.76,43838,97.0,0,Corporate Auto,Four-Door Car,465.6
CA96568,Oregon,Male,College,9709.75,0,133.0,0,Corporate Auto,SUV,827.09
UO16539,Washington,Male,Bachelor,8439.62,22454,110.0,2,Personal Auto,SUV,556.1
NP18074,Arizona,Female,Bachelor,4209.68,57933,105.0,0,Personal Auto,SUV,533.26
TW45475,Nevada,Male,College,8556.42,0,124.0,3,Personal Auto,SUV,595.2
CM66204,Arizona,Female,College,26770.45,26335,113.0,1,Personal Auto,SUV,355.82
DX80961,Arizona,Female,Bachelor,16265.59,85322,134.0,0,Personal Auto,SUV,735.49
JZ15681,California,Male,High School or Below,3624.9,37843,92.0,0,Personal Auto,Four-Door Car,354.46
ZZ31825,Oregon,Male,Bachelor,2519.92,0,67.0,0,Personal Auto,Four-Door Car,482.4
TF77410,Arizona,Male,College,4819.18,74730,61.0,0,Personal Auto,Four-Door Car,421.24
HI16452,Oregon,Male,High School or Below,3028.78,0,94.0,1,Special Auto,Four-Door Car,483.88
CW98845,Oregon,Male,Bachelor,2316.8,0,64.0,0,Personal Auto,Four-Door Car,307.2
NI99807,Oregon,Male,College,13869.93,28432,118.0,0,Personal Auto,SUV,612.3
QL45827,Washington,Female,College,25807.06,71210,214.0,1,Personal Auto,Luxury,1027.2
GU60969,Arizona,Male,Bachelor,2342.01,19581,67.0,0,Corporate Auto,Four-Door Car,321.6
FS67103,Oregon,Male,Bachelor,2747.77,0,80.0,0,Special Auto,Two-Door Car,576.0
FQ24929,Oregon,Male,Master,5479.56,56005,68.0,1,Personal Auto,Four-Door Car,326.4
YA12007,California,Female,College,9199.54,0,80.0,0,Personal Auto,Four-Door Car,572.85
EW46828,Arizona,Male,High School or Below,8060.16,23671,69.0,0,Personal Auto,Four-Door Car,331.2
YP67379,Arizona,Male,High School or Below,6686.13,22244,84.0,0,Personal Auto,Four-Door Car,114.82
KH16079,Washington,Female,High School or Below,4709.52,0,66.0,0,Personal Auto,Four-Door Car,470.58
SJ87277,Arizona,Male,High School or Below,2685.43,75329,67.0,0,Corporate Auto,Four-Door Car,45.91
DW14769,Arizona,Female,High School or Below,3920.51,0,108.0,1,Personal Auto,Two-Door Car,525.39
CN13435,California,Female,College,5493.7,44369,68.0,0,Personal Auto,Four-Door Car,185.29
KO95143,California,Male,High School or Below,8521.74,37910,108.0,0,Personal Auto,Four-Door Car,518.4
GT66241,California,Male,High School or Below,2414.07,0,71.0,0,Personal Auto,Four-Door Car,511.2
PP97061,Nevada,Female,College,4282.95,40864,109.0,1,Personal Auto,SUV,166.94
KP97208,Oregon,Female,College,5918.33,94846,73.0,0,Corporate Auto,Two-Door Car,305.03
SB24397,California,Male,High School or Below,7519.13,96306,95.0,1,Personal Auto,Four-Door Car,185.36
EM32982,Arizona,Female,Doctor,4472.33,53519,111.0,0,Corporate Auto,SUV,520.04
LB97434,Arizona,Male,Bachelor,5531.63,50648,69.0,1,Personal Auto,Two-Door Car,331.2
RR37715,Oregon,Male,Bachelor,8435.18,64692,70.0,0,Corporate Auto,Two-Door Car,336.0
TC81636,Arizona,Male,High School or Below,10196.11,0,100.0,0,Corporate Auto,SUV,720.0
IC55961,Arizona,Female,High School or Below,20552.62,0,187.0,1,Corporate Auto,Luxury,1430.34
HR48520,Oregon,Male,Bachelor,3915.8,0,109.0,0,Personal Auto,SUV,784.8
VI42566,Oregon,Male,Master,6010.5,49311,74.0,0,Personal Auto,Four-Door Car,355.2
NU84299,Arizona,Male,High School or Below,2854.11,71126,71.0,0,Personal Auto,Four-Door Car,324.74
RT63209,California,Female,Master,5994.26,74284,74.0,0,Personal Auto,Four-Door Car,268.13
AM52614,Oregon,Female,Bachelor,4477.45,41402,119.0,4,Personal Auto,Luxury,571.2
UO40192,Nevada,Male,High School or Below,5544.91,79619,71.0,3,Personal Auto,Four-Door Car,280.9
SD67101,Nevada,Female,High School or Below,3600.93,25147,101.0,0,Personal Auto,SUV,694.6
EW35231,Oregon,Female,High School or Below,9934.87,56379,125.0,1,Corporate Auto,SUV,600.0
CT18212,California,Female,Bachelor,6874.85,0,96.0,0,Personal Auto,Four-Door Car,691.2
YL91587,Arizona,Male,High School or Below,2374.15,48911,61.0,0,Personal Auto,Two-Door Car,292.8
HS14476,Washington,Male,College,9162.06,29723,80.0,0,Personal Auto,Four-Door Car,20.99
DA28072,Arizona,Female,Master,7380.09,21841,91.0,0,Corporate Auto,Four-Door Car,436.8
JO98946,Oregon,Male,Bachelor,2656.0,31796,68.0,0,Personal Auto,Four-Door Car,377.44
BA26944,Nevada,Male,Bachelor,7591.11,0,105.0,0,Corporate Auto,SUV,504.0
AR47849,Nevada,Female,Bachelor,5015.01,48567,130.0,0,Personal Auto,SUV,624.0
FO82261,Oregon,Male,College,4603.98,66161,118.0,0,Personal Auto,SUV,457.59
QO56662,Arizona,Male,Master,2551.23,79751,63.0,0,Personal Auto,Two-Door Car,392.24
UF74084,Arizona,Male,Bachelor,5641.36,39469,71.0,0,Personal Auto,Two-Door Car,315.56
OX75108,Arizona,Female,Master,5463.91,44305,67.0,0,Personal Auto,Four-Door Car,214.77
QG25195,Oregon,Female,Bachelor,4866.65,0,68.0,0,Personal Auto,Four-Door Car,444.03
HT50748,Oregon,Female,Doctor,2779.85,38893,69.0,0,Personal Auto,Two-Door Car,279.96
HC42288,California,Female,College,4563.02,39187,118.0,1,Corporate Auto,SUV,566.4
TC69546,Arizona,Male,College,14376.55,70341,179.0,0,Personal Auto,SUV,253.51
GJ63345,Arizona,Female,Bachelor,2279.75,0,64.0,0,Personal Auto,Four-Door Car,460.8
RK45396,California,Male,Bachelor,5380.32,0,73.0,0,Corporate Auto,Four-Door Car,350.4
YA71207,California,Female,High School or Below,8708.28,30090,73.0,0,Corporate Auto,Two-Door Car,329.52
FK95213,California,Female,Master,18611.45,49673,232.0,0,Personal Auto,Luxury,1021.65
MC53402,Washington,Male,College,2215.91,0,66.0,0,Personal Auto,Two-Door Car,389.94
VU18023,California,Female,High School or Below,7780.9,0,70.0,0,Personal Auto,Four-Door Car,504.0
VN37592,Arizona,Male,High School or Below,2860.86,50332,72.0,0,Personal Auto,Four-Door Car,345.6
KL58949,California,Male,Bachelor,5577.94,70190,71.0,0,Corporate Auto,Two-Door Car,15.17
KU14261,Arizona,Female,Master,7268.1,38179,90.0,1,Personal Auto,Four-Door Car,374.72
RL97327,Washington,Male,Bachelor,4060.96,0,115.0,1,Personal Auto,Four-Door Car,699.82
TO60700,Washington,Female,Bachelor,7813.41,25859,74.0,0,Special Auto,Four-Door Car,355.2
CR33417,Washington,Female,Master,4762.16,36529,118.0,0,Personal Auto,SUV,255.01
ZK90062,Arizona,Male,Bachelor,14166.2,67588,118.0,0,Personal Auto,Luxury,566.4
JP44710,Nevada,Male,High School or Below,4354.4,0,121.0,0,Personal Auto,SUV,871.2
RR93140,California,Female,College,2880.35,81565,71.0,0,Personal Auto,Four-Door Car,190.64
HW56522,Arizona,Male,Bachelor,19185.07,35322,244.0,0,Personal Auto,Luxury,76.83
LR27773,California,Female,Bachelor,5329.08,43671,67.0,0,Corporate Auto,Four-Door Car,190.65
CT88432,Arizona,Female,Bachelor,4883.81,58682,61.0,0,Corporate Auto,Four-Door Car,206.81
OK86731,Oregon,Male,College,4510.19,44230,114.0,0,Personal Auto,Luxury,738.22
GB75821,Oregon,Male,Bachelor,15304.52,40269,193.0,0,Personal Auto,Luxury,926.4
KL48832,Nevada,Female,College,5237.94,31756,66.0,0,Corporate Auto,Four-Door Car,160.86
CA54112,Nevada,Male,Doctor,15119.56,47725,63.0,0,Personal Auto,Two-Door Car,142.21
VC43751,Arizona,Female,Bachelor,5860.02,38684,74.0,0,Personal Auto,Two-Door Car,376.76
BC87551,California,Female,High School or Below,32306.29,36301,118.0,0,Corporate Auto,SUV,647.95
TD58354,Nevada,Male,High School or Below,4655.39,0,67.0,0,Personal Auto,Four-Door Car,482.4
XM19715,Oregon,Female,College,5326.5,22268,67.0,0,Personal Auto,Two-Door Car,294.8
KH19280,Arizona,Female,College,6513.61,50037,81.0,0,Special Auto,Four-Door Car,303.38
GE50763,Washington,Male,Bachelor,3491.74,0,104.0,0,Corporate Auto,Four-Door Car,748.8
VW63894,California,Male,Master,7870.36,75740,98.0,0,Personal Auto,Four-Door Car,46.7
YX36936,Arizona,Male,College,4274.62,39621,109.0,1,Corporate Auto,SUV,25.29
AF49625,Oregon,Female,Bachelor,7189.11,75838,90.0,0,Corporate Auto,Two-Door Car,428.91
QN30162,Oregon,Female,Bachelor,11315.2,11885,101.0,0,Special Auto,Four-Door Car,484.8
UI21548,California,Female,High School or Below,2480.53,29444,63.0,0,Personal Auto,Two-Door Car,302.4
IN52645,Oregon,Female,High School or Below,7344.84,64371,181.0,0,Personal Auto,SUV,868.8
CQ76030,Oregon,Male,High School or Below,6974.92,26514,91.0,0,Personal Auto,Four-Door Car,655.2
BW94308,Washington,Female,High School or Below,20096.89,92766,71.0,0,Personal Auto,Two-Door Car,379.03
PP39078,California,Female,College,5623.61,31504,71.0,0,Special Auto,Four-Door Car,340.8
LM86393,Oregon,Female,High School or Below,2828.1,98680,72.0,2,Personal Auto,Four-Door Car,345.6
NB81923,Washington,Female,College,7294.49,0,113.0,2,Personal Auto,Luxury,733.74
SZ61347,California,Male,College,5583.58,76927,138.0,0,Personal Auto,SUV,114.74
VM53683,Nevada,Female,Bachelor,25763.41,78804,71.0,0,Personal Auto,Four-Door Car,389.64
BA38428,Arizona,Male,High School or Below,5639.94,73168,70.0,0,Corporate Auto,Four-Door Car,425.8
FX80133,California,Female,Master,4576.76,48569,114.0,0,Personal Auto,Four-Door Car,434.76
MT41386,Washington,Male,Bachelor,2875.43,84768,72.0,0,Personal Auto,Two-Door Car,110.48
KV53202,California,Female,High School or Below,3031.4,0,86.0,0,Corporate Auto,Two-Door Car,619.2
DB79694,Arizona,Female,High School or Below,5979.72,57693,76.0,0,Corporate Auto,Four-Door Car,547.2
VY75186,California,Male,College,2242.24,0,65.0,0,Personal Auto,Four-Door Car,85.61
IR57729,California,Male,High School or Below,16547.64,46593,70.0,0,Corporate Auto,Two-Door Car,129.15
FG16885,Arizona,Male,College,15814.75,0,146.0,0,Personal Auto,SUV,1055.44
NW21079,Washington,Female,Master,4879.38,67163,61.0,2,Personal Auto,Two-Door Car,33.19
FR81224,Oregon,Male,Master,5494.87,89205,68.0,0,Personal Auto,Two-Door Car,165.52
YK92213,Oregon,Male,Doctor,5060.3,0,138.0,0,Personal Auto,Luxury,570.78
JV99867,California,Female,Bachelor,11269.23,65448,94.0,0,Special Auto,Four-Door Car,451.2
TN66124,California,Male,High School or Below,10552.88,77627,88.0,0,Corporate Auto,Two-Door Car,205.17
NT78297,Oregon,Female,Bachelor,7517.38,37695,96.0,0,Personal Auto,Two-Door Car,460.8
KG49115,California,Female,College,6298.18,89411,78.0,0,Personal Auto,Four-Door Car,116.24
WC77067,Nevada,Male,College,7821.95,0,114.0,0,Corporate Auto,SUV,914.32
DW62397,Oregon,Female,Master,22806.47,10337,67.0,0,Personal Auto,Four-Door Car,321.6
GK67747,Washington,Male,College,4386.28,10621,67.0,0,Special Auto,Four-Door Car,321.6
QM39493,California,Male,High School or Below,3499.99,16711,91.0,1,Personal Auto,Four-Door Car,580.62
JD11661,Oregon,Female,College,7528.09,0,106.0,0,Personal Auto,SUV,508.8
PT73521,California,Male,College,2732.61,42968,69.0,0,Personal Auto,Four-Door Car,331.2
TC99043,California,Female,Master,13736.13,16181,181.0,0,Personal Auto,SUV,1261.32
PY50779,Arizona,Male,High School or Below,7060.21,85412,88.0,0,Personal Auto,Four-Door Car,134.68
FK97285,California,Female,High School or Below,3732.31,75774,92.0,1,Corporate Auto,Four-Door Car,441.6
JG12505,Nevada,Female,Master,4064.18,26599,101.0,0,Personal Auto,SUV,254.38
FX65946,Arizona,Male,Bachelor,5754.75,34847,73.0,0,Personal Auto,Four-Door Car,525.6
OU88023,California,Female,High School or Below,8460.81,0,115.0,0,Personal Auto,SUV,552.0
XN32623,Oregon,Male,Bachelor,5638.15,85896,70.0,0,Personal Auto,Four-Door Car,48.63
EV78251,Oregon,Female,Doctor,7163.54,0,66.0,0,Personal Auto,Two-Door Car,316.8
HC80108,California,Female,College,2803.8,43775,70.0,0,Personal Auto,Four-Door Car,310.74
LG45661,Nevada,Female,High School or Below,20940.3,0,67.0,0,Personal Auto,Four-Door Car,482.4
ZJ22132,Oregon,Female,High School or Below,3130.68,42056,78.0,0,Personal Auto,Four-Door Car,221.95
LG53863,Oregon,Female,High School or Below,3741.57,13093,100.0,0,Personal Auto,SUV,514.51
KR87696,California,Female,College,3439.09,98278,85.0,0,Personal Auto,Four-Door Car,367.58
LN44535,Washington,Female,College,7284.45,44605,91.0,0,Personal Auto,Four-Door Car,436.8
FU63281,Arizona,Male,Bachelor,5278.53,32365,67.0,0,Personal Auto,Four-Door Car,193.15
KV17007,California,Male,College,5680.28,82255,71.0,0,Personal Auto,Four-Door Car,145.0
GR42174,Oregon,Male,College,2194.67,0,62.0,0,Personal Auto,Four-Door Car,623.53
SR71812,California,Female,High School or Below,6473.33,0,88.0,0,Personal Auto,Four-Door Car,468.49
CA29908,Oregon,Male,High School or Below,18522.29,65903,66.0,0,Personal Auto,Four-Door Car,316.8
OB98149,Washington,Female,College,4700.01,11417,63.0,0,Personal Auto,Two-Door Car,302.4
FX30915,Arizona,Female,High School or Below,21295.51,0,96.0,0,Corporate Auto,Two-Door Car,677.62
OC39051,California,Male,College,6158.85,0,67.0,2,Personal Auto,Four-Door Car,321.6
LW80918,Oregon,Male,Doctor,8653.56,69704,72.0,0,Personal Auto,Two-Door Car,89.92
EC94366,Oregon,Male,Doctor,3776.32,20101,96.0,0,Corporate Auto,Four-Door Car,291.54
PI92163,Nevada,Male,Bachelor,4897.04,24383,69.0,2,Corporate Auto,Four-Door Car,331.2
LZ68649,Washington,Male,Bachelor,14947.92,22139,100.0,0,Personal Auto,SUV,480.0
IB39821,Arizona,Male,Bachelor,9011.13,88708,112.0,0,Personal Auto,Luxury,499.66
WI75766,Arizona,Female,High School or Below,10083.49,11828,90.0,0,Personal Auto,Four-Door Car,571.48
DR27120,Washington,Female,Bachelor,2938.73,0,80.0,1,Corporate Auto,Two-Door Car,384.0
UQ67668,Nevada,Male,High School or Below,5639.94,73168,70.0,0,Personal Auto,Four-Door Car,425.8
PR64751,Nevada,Male,Bachelor,2606.05,0,71.0,0,Corporate Auto,Two-Door Car,409.46
CL79250,Nevada,Male,Bachelor,52811.49,0,182.0,0,Corporate Auto,Luxury,873.6
ZR72236,Nevada,Male,Master,5226.29,76646,65.0,0,Personal Auto,Two-Door Car,263.84
SG52649,Washington,Male,High School or Below,8382.63,19683,117.0,1,Corporate Auto,Luxury,561.6
SG96896,Oregon,Male,High School or Below,14703.13,0,71.0,1,Personal Auto,Four-Door Car,819.58
QJ50723,Oregon,Female,Master,18948.35,0,124.0,0,Personal Auto,SUV,595.2
NU64028,Nevada,Male,Bachelor,12265.6,35693,103.0,0,Personal Auto,Luxury,494.4
PM63319,Washington,Female,College,4529.98,0,65.0,0,Personal Auto,Four-Door Car,438.37
YG46815,Arizona,Male,High School or Below,9220.01,0,136.0,0,Personal Auto,SUV,979.2
XF94149,California,Male,College,4087.51,24123,104.0,0,Personal Auto,SUV,748.8
ME99882,Arizona,Male,Bachelor,9247.55,85654,116.0,0,Personal Auto,Two-Door Car,346.27
YZ67161,Oregon,Male,Master,13024.13,0,125.0,0,Personal Auto,SUV,900.0
WA45944,Arizona,Female,College,25807.06,71210,214.0,1,Corporate Auto,Luxury,1027.2
UM53032,California,Male,College,6104.72,84822,76.0,0,Corporate Auto,Four-Door Car,219.88
LW43115,California,Female,Master,2725.36,36650,69.0,1,Personal Auto,Four-Door Car,56.6
YK93229,Oregon,Male,High School or Below,3260.74,0,90.0,0,Personal Auto,Two-Door Car,432.0
FH65253,Oregon,Male,High School or Below,23740.12,28025,87.0,0,Personal Auto,Four-Door Car,611.4
IH43245,Nevada,Male,College,7599.9,52113,97.0,0,Corporate Auto,Four-Door Car,465.6
TO20795,Washington,Male,Doctor,32467.66,37675,104.0,0,Corporate Auto,Four-Door Car,731.97
TO14996,Oregon,Male,High School or Below,5633.95,37595,70.0,0,Personal Auto,Four-Door Car,501.99
XN34686,Oregon,Male,High School or Below,5640.02,41396,70.0,0,Special Auto,Four-Door Car,336.0
KA13067,Oregon,Male,High School or Below,8370.4,77512,104.0,0,Corporate Auto,SUV,433.61
LQ76461,Oregon,Female,High School or Below,5170.45,35334,65.0,0,Personal Auto,Four-Door Car,468.0
BH60627,Oregon,Male,College,7521.19,0,104.0,0,Personal Auto,Four-Door Car,499.2
CD48033,Oregon,Male,Doctor,12731.95,40870,105.0,0,Personal Auto,SUV,504.0
AC58002,California,Female,Bachelor,5666.87,53907,71.0,0,Corporate Auto,Four-Door Car,189.91
VM21699,Oregon,Female,Bachelor,4436.81,77609,111.0,0,Corporate Auto,Luxury,62.94
YM24654,Washington,Female,High School or Below,17966.29,0,70.0,0,Personal Auto,Four-Door Car,504.0
RR66500,California,Male,Master,2436.01,87462,61.0,1,Corporate Auto,Four-Door Car,51.29
GJ31412,Oregon,Male,Bachelor,6650.82,99494,83.0,0,Personal Auto,Four-Door Car,398.4
WO64354,California,Female,Bachelor,2751.37,42585,69.0,0,Personal Auto,Two-Door Car,288.3
UG37492,California,Male,College,4362.93,58842,110.0,0,Personal Auto,Four-Door Car,528.0
PR51268,Arizona,Female,Doctor,4014.45,37384,99.0,0,Personal Auto,Four-Door Car,475.2
NJ10602,Washington,Female,College,8459.05,92717,70.0,0,Personal Auto,Two-Door Car,224.28
OP60201,Oregon,Male,College,2203.44,0,72.0,2,Personal Auto,Four-Door Car,518.72
QK69627,Washington,Female,High School or Below,9388.16,75264,78.0,0,Personal Auto,Four-Door Car,343.34
DP63956,Arizona,Female,Bachelor,6791.22,0,101.0,1,Corporate Auto,SUV,727.2
MV89967,Oregon,Female,College,23142.15,0,105.0,0,Personal Auto,Four-Door Car,564.95
MQ37971,Arizona,Female,Bachelor,3038.11,31532,79.0,0,Personal Auto,Four-Door Car,241.08
CO12132,California,Female,High School or Below,8879.79,52583,113.0,0,Personal Auto,SUV,528.2
UG19550,California,Male,High School or Below,21590.44,62477,183.0,0,Personal Auto,Luxury,40.29
SQ18525,Arizona,Female,College,8457.46,26023,72.0,1,Personal Auto,Four-Door Car,79.46
VG11458,California,Male,Bachelor,4770.74,28666,64.0,0,Personal Auto,Four-Door Car,307.2
TG75223,California,Male,Bachelor,4312.87,21004,62.0,0,Personal Auto,Two-Door Car,297.6
WW85018,Washington,Male,Bachelor,6293.96,45430,81.0,0,Personal Auto,Two-Door Car,388.8
MY11682,California,Male,Bachelor,7098.02,37511,185.0,2,Personal Auto,Luxury,579.47
NI49607,Oregon,Female,College,4395.89,28719,110.0,0,Personal Auto,SUV,792.0
NX18821,Oregon,Male,Master,5564.74,49833,69.0,0,Personal Auto,Four-Door Car,331.2
JZ63423,Arizona,Male,College,5321.11,67431,136.0,1,Personal Auto,SUV,652.8
DG30586,Oregon,Female,Bachelor,2867.31,23376,78.0,0,Personal Auto,Four-Door Car,374.4
QS79556,Arizona,Female,College,9414.12,20455,84.0,2,Corporate Auto,Two-Door Car,564.92
SW74846,Washington,Female,Bachelor,7414.44,62473,185.0,0,Personal Auto,Luxury,1298.85
FZ24763,California,Male,Bachelor,5078.45,35289,65.0,0,Personal Auto,Four-Door Car,123.95
TW73441,Nevada,Female,High School or Below,2773.46,73478,68.0,0,Personal Auto,Four-Door Car,241.89
FP60372,Nevada,Male,Bachelor,8072.75,30584,68.0,0,Personal Auto,Two-Door Car,51.66
XS17260,Oregon,Male,College,12280.77,88340,102.0,0,Personal Auto,Two-Door Car,489.6
HX77930,Washington,Female,College,3136.43,49532,79.0,1,Personal Auto,Four-Door Car,220.19
OP47206,Arizona,Male,College,5232.33,0,154.0,0,Corporate Auto,Luxury,1140.52
KI25980,Washington,Male,Master,14722.22,43982,126.0,1,Personal Auto,SUV,604.8
SM88270,California,Male,High School or Below,30118.66,68906,187.0,0,Personal Auto,Luxury,1053.3
RM83767,Washington,Male,College,5971.0,64008,85.0,5,Personal Auto,Four-Door Car,372.89
YE45848,California,Female,Bachelor,8026.28,87421,99.0,0,Corporate Auto,Two-Door Car,475.2
QO77034,California,Male,Bachelor,3567.5,0,102.0,0,Personal Auto,SUV,660.43
FQ66070,California,Male,College,8491.02,62076,71.0,0,Personal Auto,Four-Door Car,227.23
YQ44187,Oregon,Female,Bachelor,2545.22,26746,66.0,0,Personal Auto,Two-Door Car,165.75
PW65305,California,Male,College,8870.67,91580,73.0,0,Personal Auto,Two-Door Car,290.7
KB44286,Oregon,Female,High School or Below,46770.95,64403,198.0,0,Corporate Auto,Luxury,111.17
JV89183,Oregon,Male,Bachelor,9378.9,51425,119.0,0,Personal Auto,Four-Door Car,560.15
IS75141,Oregon,Female,High School or Below,5645.51,44162,71.0,0,Personal Auto,Two-Door Car,160.83
XO90806,California,Female,College,8406.76,67128,105.0,0,Personal Auto,SUV,339.02
QN44699,Oregon,Female,Bachelor,4655.21,30383,119.0,0,Personal Auto,Two-Door Car,803.69
BV98316,Arizona,Female,Bachelor,6520.82,93721,80.0,0,Personal Auto,Four-Door Car,489.59
JJ66819,Oregon,Female,Bachelor,2989.96,79867,74.0,1,Personal Auto,Four-Door Car,78.17
KM72596,Arizona,Male,Doctor,32677.34,39393,121.0,0,Personal Auto,SUV,491.15
HX72126,Nevada,Female,Bachelor,21112.54,0,81.0,0,Personal Auto,Four-Door Car,136.85
WX48434,Arizona,Male,College,4270.03,0,122.0,0,Corporate Auto,SUV,725.87
LW12893,California,Female,High School or Below,7911.63,43916,68.0,2,Personal Auto,Four-Door Car,326.4
XO94933,California,Female,Bachelor,3944.23,33282,100.0,1,Personal Auto,SUV,207.51
NS92256,Oregon,Female,Master,23777.81,33032,86.0,1,Personal Auto,Two-Door Car,87.08
IR62720,Nevada,Male,Bachelor,6842.58,25259,87.0,0,Personal Auto,Four-Door Car,417.6
XP81320,Oregon,Female,College,2521.16,19637,67.0,0,Personal Auto,Four-Door Car,333.14
CA52541,California,Female,College,3808.12,94903,94.0,0,Corporate Auto,Two-Door Car,451.2
IB59831,Oregon,Male,College,15512.56,39794,133.0,0,Corporate Auto,SUV,638.4
VO61192,Oregon,Male,High School or Below,6751.78,42433,85.0,0,Personal Auto,Four-Door Car,410.95
UV17888,California,Female,Bachelor,7405.42,22044,65.0,0,Corporate Auto,Four-Door Car,10.39
WX31658,Arizona,Female,Doctor,7218.02,32312,61.0,3,Personal Auto,Two-Door Car,276.59
RQ79244,California,Female,College,3362.55,0,97.0,0,Personal Auto,Four-Door Car,698.4
UL90124,Oregon,Female,High School or Below,5038.98,72919,130.0,5,Personal Auto,SUV,936.0
PN12718,California,Male,Bachelor,8681.05,0,86.0,2,Personal Auto,Two-Door Car,541.22
CN63432,Arizona,Female,College,13197.93,0,68.0,3,Personal Auto,Four-Door Car,326.4
WA24038,Oregon,Male,Bachelor,4595.46,76357,117.0,1,Personal Auto,SUV,4.07
TR40401,Oregon,Male,Doctor,5073.28,57709,125.0,0,Personal Auto,SUV,600.0
UQ73252,Arizona,Male,College,4636.55,26802,66.0,1,Personal Auto,Two-Door Car,316.8
LK91880,California,Female,College,8376.33,26448,105.0,0,Personal Auto,Luxury,75.33
UA50747,Washington,Female,High School or Below,25997.75,62262,72.0,0,Corporate Auto,Four-Door Car,193.51
RV22056,Oregon,Female,Bachelor,4971.35,98784,124.0,1,Personal Auto,Luxury,155.41
FW92569,Arizona,Male,College,13270.94,28727,113.0,0,Corporate Auto,SUV,350.88
AS26192,Oregon,Male,High School or Below,5519.08,50406,70.0,0,Corporate Auto,Four-Door Car,132.21
PX72779,Arizona,Male,Master,7942.17,41832,66.0,0,Personal Auto,Four-Door Car,402.75
PZ47901,Arizona,Female,Bachelor,5504.14,0,73.0,0,Corporate Auto,Four-Door Car,350.4
LE41874,Nevada,Female,High School or Below,5140.11,0,138.0,0,Corporate Auto,SUV,900.62
WT10649,Oregon,Male,Bachelor,6583.21,0,97.0,0,Personal Auto,Four-Door Car,465.6
SP80065,California,Female,High School or Below,7899.22,40032,99.0,0,Special Auto,Four-Door Car,475.2
WW37525,California,Male,High School or Below,7659.5,95701,98.0,3,Personal Auto,Four-Door Car,99.7
MF15503,Nevada,Male,Bachelor,7055.96,0,108.0,1,Special Auto,Two-Door Car,777.6
GJ52970,California,Male,High School or Below,7238.5,0,66.0,1,Personal Auto,Four-Door Car,393.65
GX84338,Washington,Female,Doctor,3824.43,62530,95.0,0,Personal Auto,Four-Door Car,61.69
QL54532,California,Male,Master,3870.36,0,106.0,0,Personal Auto,SUV,508.8
WY43888,Washington,Male,High School or Below,16525.38,24414,104.0,0,Personal Auto,SUV,499.2
TN51356,Oregon,Male,Bachelor,2450.88,82695,62.0,0,Personal Auto,Four-Door Car,217.95
QJ21876,California,Female,College,5666.7,48156,143.0,0,Personal Auto,SUV,686.4
MM49431,Washington,Male,Bachelor,7298.58,74069,63.0,2,Personal Auto,Two-Door Car,275.52
DY38083,California,Male,Bachelor,8838.09,82664,114.0,3,Personal Auto,SUV,133.43
KZ95954,Arizona,Male,High School or Below,5375.66,0,80.0,1,Personal Auto,Four-Door Car,749.13
DC70690,Arizona,Female,College,5598.01,51737,71.0,0,Personal Auto,Four-Door Car,430.16
QI31659,California,Female,Bachelor,16953.08,76797,71.0,0,Personal Auto,Four-Door Car,234.77
JU72142,Oregon,Male,Bachelor,14002.76,61225,117.0,0,Personal Auto,SUV,442.37
QS26062,California,Male,High School or Below,2807.05,80915,70.0,0,Corporate Auto,Four-Door Car,187.85
LF61343,California,Male,High School or Below,10529.01,12688,140.0,0,Personal Auto,SUV,672.0
YK23193,Nevada,Male,Bachelor,6057.07,27681,83.0,0,Personal Auto,Two-Door Car,398.4
ID40186,Oregon,Female,Bachelor,12904.94,27778,109.0,0,Personal Auto,Four-Door Car,523.2
AS17174,Oregon,Male,High School or Below,2471.53,95697,61.0,0,Personal Auto,Two-Door Car,114.27
IQ95180,Oregon,Male,Bachelor,5651.4,44634,71.0,1,Personal Auto,Four-Door Car,396.04
RS59102,California,Male,College,12885.79,37050,110.0,1,Personal Auto,Luxury,528.0
OI83286,Oregon,Female,College,5551.39,56872,69.0,0,Personal Auto,Two-Door Car,192.88
XH93021,Nevada,Male,High School or Below,5439.34,0,82.0,0,Personal Auto,Four-Door Car,590.4
QJ22057,Nevada,Female,College,4454.1,0,68.0,1,Personal Auto,Four-Door Car,326.4
NR49426,Nevada,Male,College,5195.82,69488,68.0,3,Personal Auto,Four-Door Car,326.4
BM39234,Oregon,Male,High School or Below,4551.06,0,62.0,0,Personal Auto,Two-Door Car,446.4
MJ95558,California,Male,Bachelor,16570.09,23589,211.0,0,Special Auto,Luxury,1012.8
WC21120,California,Female,College,8002.31,0,107.0,0,Personal Auto,SUV,513.6
EU81458,Oregon,Female,Doctor,2743.55,95782,68.0,1,Personal Auto,Four-Door Car,247.85
JO32686,Arizona,Female,Bachelor,8139.0,24992,106.0,0,Personal Auto,SUV,508.8
YY27420,Arizona,Male,Bachelor,10507.69,20043,92.0,0,Personal Auto,Four-Door Car,516.09
SX22647,California,Male,College,7218.09,0,104.0,0,Personal Auto,SUV,748.8
HT31871,Arizona,Male,High School or Below,4861.37,36305,61.0,0,Personal Auto,Four-Door Car,292.8
ZB81881,California,Male,Bachelor,5786.49,44784,73.0,0,Personal Auto,Two-Door Car,395.39
XY91562,Oregon,Female,College,7707.81,0,113.0,0,Personal Auto,Four-Door Car,542.4
CQ72935,Arizona,Male,Bachelor,4974.8,75644,65.0,3,Personal Auto,Two-Door Car,467.8
XR36002,California,Female,High School or Below,10626.81,27339,97.0,2,Personal Auto,Two-Door Car,44.73
RW70500,Oregon,Female,Master,7996.6,43657,66.0,0,Personal Auto,Two-Door Car,316.8
VK53354,Washington,Male,Bachelor,27945.89,0,95.0,0,Special Auto,Two-Door Car,684.0
OI77877,Oregon,Male,High School or Below,7498.29,31134,96.0,0,Personal Auto,Four-Door Car,666.53
EH13261,California,Male,Master,2637.15,50512,67.0,0,Personal Auto,Four-Door Car,351.4
GW14698,Arizona,Female,College,4882.49,80604,61.0,0,Corporate Auto,Four-Door Car,255.98
PO56357,California,Female,High School or Below,5363.53,64604,67.0,1,Personal Auto,Four-Door Car,272.45
IC47914,California,Male,College,3548.4,0,103.0,0,Corporate Auto,Four-Door Car,741.6
IK12576,Oregon,Female,Bachelor,4233.57,95647,106.0,0,Personal Auto,Two-Door Car,508.8
NC68853,Oregon,Male,High School or Below,11293.98,0,104.0,0,Personal Auto,SUV,499.2
TG40558,Oregon,Male,High School or Below,7258.99,60969,61.0,0,Corporate Auto,Four-Door Car,146.12
NB40107,Arizona,Male,High School or Below,2695.46,0,76.0,0,Corporate Auto,Four-Door Car,547.2
XD86462,Oregon,Male,College,6063.2,20676,79.0,0,Personal Auto,Four-Door Car,379.2
HA45220,California,Female,High School or Below,5258.25,37874,65.0,0,Corporate Auto,Four-Door Car,41.02
OT24208,California,Male,Bachelor,12390.48,14382,66.0,0,Personal Auto,Four-Door Car,316.8
LM93586,Arizona,Male,High School or Below,3677.78,32314,92.0,0,Personal Auto,Four-Door Car,662.4
CA70404,California,Male,High School or Below,6104.85,62455,77.0,1,Personal Auto,Two-Door Car,338.14
UY94269,Oregon,Female,Master,2991.42,35605,74.0,0,Personal Auto,Two-Door Car,355.2
FM59265,Washington,Female,Bachelor,8034.52,0,103.0,0,Personal Auto,SUV,741.6
TZ51184,Arizona,Male,College,9778.98,0,137.0,0,Corporate Auto,SUV,986.4
BZ85280,Oregon,Male,College,7284.26,10334,64.0,0,Personal Auto,Four-Door Car,296.96
BL93527,Arizona,Male,High School or Below,2728.04,44025,69.0,0,Personal Auto,Two-Door Car,331.2
FL77069,California,Female,Bachelor,7519.03,32397,190.0,0,Corporate Auto,Luxury,334.63
HX31231,Arizona,Female,Bachelor,8183.59,24345,106.0,0,Corporate Auto,Four-Door Car,637.7
OO11998,Oregon,Male,Master,4583.75,94804,115.0,4,Personal Auto,SUV,764.59
CW12066,Oregon,Female,College,11638.9,25370,102.0,0,Corporate Auto,Luxury,489.6
GD17919,Arizona,Female,College,14455.86,0,78.0,0,Special Auto,Four-Door Car,561.6
HA40978,California,Male,College,8478.28,53234,109.0,0,Personal Auto,Four-Door Car,1212.99
DO80363,Arizona,Male,High School or Below,3923.27,0,108.0,0,Personal Auto,Four-Door Car,912.58
UH79890,Oregon,Male,High School or Below,5201.71,0,70.0,0,Personal Auto,Four-Door Car,336.0
HA82735,Arizona,Female,Bachelor,3857.95,0,121.0,2,Personal Auto,SUV,1032.2
DQ71306,Oregon,Male,High School or Below,3649.66,19013,95.0,0,Corporate Auto,Four-Door Car,456.0
GN64199,Oregon,Female,Doctor,2652.29,0,73.0,0,Personal Auto,Four-Door Car,490.69
OU78642,Arizona,Female,Master,7583.56,81568,186.0,0,Personal Auto,Luxury,737.44
PR59105,Oregon,Female,High School or Below,8535.11,53223,72.0,0,Personal Auto,Four-Door Car,299.79
TM94572,Arizona,Male,Bachelor,4152.65,0,123.0,0,Personal Auto,SUV,885.6
AP63665,Oregon,Female,Bachelor,7166.34,59253,89.0,0,Personal Auto,Four-Door Car,67.8
AZ64856,California,Female,High School or Below,5048.05,34452,126.0,0,Personal Auto,SUV,604.8
IC12985,Arizona,Male,Bachelor,4579.61,40160,118.0,1,Personal Auto,Four-Door Car,566.4
KH81863,Oregon,Female,College,4605.04,22571,63.0,0,Corporate Auto,Four-Door Car,302.4
EE49066,Oregon,Female,High School or Below,4969.53,62365,62.0,0,Corporate Auto,Four-Door Car,297.6
IZ37104,California,Male,Doctor,2267.6,0,61.0,0,Personal Auto,Four-Door Car,292.8
BA66627,Nevada,Female,Bachelor,36229.41,22220,105.0,0,Personal Auto,Luxury,22.45
XZ54522,Nevada,Female,Bachelor,8810.9,76266,110.0,1,Personal Auto,Two-Door Car,155.71
VE46465,Oregon,Male,Master,4656.49,0,128.0,1,Personal Auto,Luxury,1548.31
LD71221,Oregon,Female,Bachelor,4318.09,0,68.0,3,Personal Auto,Two-Door Car,230.11
YB66933,Washington,Female,Bachelor,5382.75,77552,68.0,1,Corporate Auto,Four-Door Car,45.22
EQ15944,Oregon,Female,Doctor,2953.62,76474,74.0,2,Personal Auto,Four-Door Car,355.2
CR92272,Arizona,Female,Doctor,8051.57,57664,100.0,0,Personal Auto,SUV,344.93
JJ94311,Oregon,Male,Bachelor,6627.15,82377,83.0,0,Personal Auto,Four-Door Car,498.34
EO42272,California,Female,Bachelor,10148.42,44856,66.0,1,Corporate Auto,Four-Door Car,316.8
LA34671,Arizona,Male,College,7628.75,0,77.0,0,Personal Auto,Four-Door Car,369.6
ZF73834,California,Female,Bachelor,2582.41,76731,64.0,0,Personal Auto,Four-Door Car,201.46
UM14135,Nevada,Female,Bachelor,3265.16,25820,82.0,0,Personal Auto,Four-Door Car,393.6
YA14448,Arizona,Female,College,5996.07,0,83.0,0,Personal Auto,Four-Door Car,398.4
QL10321,California,Female,Doctor,5768.83,92509,71.0,0,Personal Auto,Four-Door Car,109.3
ZL17677,Washington,Female,Master,21480.82,15505,68.0,0,Personal Auto,Two-Door Car,383.89
WE57129,Washington,Male,Master,2891.72,21979,73.0,0,Personal Auto,Two-Door Car,518.69
SO57563,Arizona,Male,College,7381.91,54878,96.0,3,Personal Auto,Four-Door Car,204.95
SO38188,Oregon,Male,Bachelor,5308.62,40178,136.0,0,Special Auto,SUV,652.8
YD65161,California,Female,Bachelor,2912.6,65436,73.0,0,Personal Auto,Four-Door Car,40.75
QH12810,Oregon,Female,Bachelor,11814.48,0,106.0,0,Personal Auto,SUV,763.2
OU81877,Oregon,Male,High School or Below,4726.96,0,64.0,0,Personal Auto,Four-Door Car,307.2
CN49086,California,Male,Doctor,5073.28,57709,125.0,0,Corporate Auto,SUV,600.0
BD53342,Washington,Female,College,3096.51,21604,79.0,0,Personal Auto,Four-Door Car,379.2
FI75266,Oregon,Male,Bachelor,7891.58,28422,68.0,1,Corporate Auto,Four-Door Car,453.91
GH86762,California,Female,Bachelor,19454.41,59853,124.0,0,Special Auto,SUV,570.85
HP55853,California,Male,College,22332.44,49078,97.0,0,Corporate Auto,Four-Door Car,484.01
WB43408,Oregon,Female,College,4598.24,51523,116.0,0,Personal Auto,SUV,738.84
MF41879,Oregon,Male,Doctor,8215.39,0,110.0,0,Personal Auto,SUV,601.02
YU21725,Washington,Female,High School or Below,4903.15,0,66.0,1,Corporate Auto,Four-Door Car,475.2
AY98473,Arizona,Female,College,24186.88,32989,102.0,0,Personal Auto,SUV,489.6
TX34322,Oregon,Male,College,2419.31,0,70.0,1,Personal Auto,Two-Door Car,336.0
AK61491,Oregon,Male,Doctor,2491.32,36631,62.0,0,Personal Auto,Four-Door Car,67.53
XC32316,Arizona,Male,High School or Below,9657.58,0,131.0,0,Corporate Auto,SUV,628.8
WN59735,California,Female,College,2621.12,26477,66.0,0,Personal Auto,Four-Door Car,144.99
WW99844,Oregon,Female,High School or Below,4944.09,53607,61.0,0,Personal Auto,Four-Door Car,93.89
YG38576,Arizona,Male,College,5206.76,21594,71.0,3,Personal Auto,Four-Door Car,340.8
AT62618,Oregon,Female,Bachelor,6109.14,0,85.0,0,Personal Auto,Four-Door Car,612.0
EE48429,Nevada,Female,High School or Below,2601.47,80584,65.0,0,Personal Auto,Two-Door Car,312.0
SX95355,Oregon,Female,Bachelor,5849.49,67511,73.0,0,Personal Auto,Four-Door Car,350.4
IU54219,Oregon,Female,Master,16301.97,19614,85.0,0,Special Auto,Two-Door Car,574.02
WX65636,Arizona,Female,Bachelor,26462.76,0,82.0,2,Corporate Auto,Four-Door Car,511.32
ZE71012,Nevada,Male,Bachelor,26199.53,20346,74.0,0,Corporate Auto,Two-Door Car,358.64
PU36617,Arizona,Male,College,6470.54,48638,82.0,0,Personal Auto,Four-Door Car,183.1
PA18731,Oregon,Female,College,9501.01,46855,119.0,0,Personal Auto,SUV,472.39
IC51895,Arizona,Female,College,10970.13,38873,92.0,0,Personal Auto,Two-Door Car,599.81
FU43761,Nevada,Female,Doctor,2435.62,25703,62.0,0,Personal Auto,Four-Door Car,297.6
BG51419,Washington,Male,College,4362.93,58842,110.0,0,Corporate Auto,Four-Door Car,528.0
VY96711,California,Female,Master,19231.77,99772,158.0,0,Corporate Auto,SUV,51.9
KT97561,Arizona,Male,High School or Below,8382.63,19683,117.0,1,Personal Auto,Luxury,561.6
BW80872,Washington,Male,High School or Below,4434.41,34549,111.0,0,Personal Auto,Four-Door Car,125.93
TZ81094,Nevada,Female,High School or Below,2372.16,19030,62.0,0,Corporate Auto,Two-Door Car,355.82
XA27536,Washington,Male,College,3611.18,63329,92.0,0,Personal Auto,Four-Door Car,441.6
LR61007,Arizona,Male,High School or Below,3034.8,79253,76.0,0,Corporate Auto,Two-Door Car,254.98
WH20102,California,Male,College,9095.05,37937,116.0,0,Personal Auto,SUV,556.8
FG60807,Oregon,Female,High School or Below,4884.16,21766,62.0,0,Corporate Auto,Four-Door Car,179.14
TV77808,Arizona,Male,High School or Below,5681.31,67132,71.0,0,Corporate Auto,Four-Door Car,466.37
LA66902,Arizona,Male,College,2458.56,0,71.0,1,Personal Auto,Two-Door Car,511.2
PA38372,Washington,Female,High School or Below,9357.74,33060,117.0,0,Personal Auto,Four-Door Car,56.73
NX11526,Arizona,Male,Bachelor,2759.98,92296,69.0,0,Corporate Auto,Two-Door Car,331.2
HU72679,Oregon,Male,Doctor,9635.58,90334,119.0,0,Corporate Auto,SUV,423.79
HC60268,Oregon,Male,College,8346.02,40105,104.0,0,Personal Auto,Four-Door Car,878.41
SO18542,Oregon,Female,Bachelor,8370.57,33409,105.0,0,Personal Auto,SUV,553.55
SM54018,California,Female,College,12689.43,0,117.0,1,Personal Auto,Two-Door Car,1163.67
CN22369,California,Male,Bachelor,2538.63,18608,71.0,0,Special Auto,Four-Door Car,340.8
WY17333,California,Male,High School or Below,4732.22,55385,61.0,0,Personal Auto,Four-Door Car,292.8
LP76290,Oregon,Male,Master,8246.83,62588,104.0,0,Special Auto,Four-Door Car,499.2
UF93434,Oregon,Female,College,2548.39,22050,66.0,0,Personal Auto,Four-Door Car,316.8
VW70435,Oregon,Male,Bachelor,4929.55,25632,63.0,0,Personal Auto,Two-Door Car,351.27
AV96010,Oregon,Male,College,3289.12,40097,92.0,4,Personal Auto,Two-Door Car,227.22
DX70966,Nevada,Female,College,2771.05,50071,71.0,0,Personal Auto,Two-Door Car,18.92
VW65429,Arizona,Male,High School or Below,6899.71,37308,86.0,0,Personal Auto,Four-Door Car,301.01
LY17372,Arizona,Male,College,5112.31,44743,137.0,4,Personal Auto,SUV,741.3
BE61743,Washington,Male,Bachelor,4109.79,86657,103.0,0,Personal Auto,Luxury,316.23
GP56044,Washington,Male,High School or Below,27440.61,84306,137.0,0,Personal Auto,SUV,863.41
EA63660,California,Female,College,20957.61,0,118.0,0,Personal Auto,SUV,566.4
DP50640,California,Male,Bachelor,2548.84,47346,65.0,0,Personal Auto,Four-Door Car,312.0
MM45897,Nevada,Male,Bachelor,2714.65,88545,68.0,0,Personal Auto,Four-Door Car,374.11
OZ86942,California,Female,Bachelor,5790.46,52443,73.0,1,Corporate Auto,Four-Door Car,350.4
WI65397,Oregon,Female,Bachelor,7627.31,36084,99.0,1,Corporate Auto,Two-Door Car,152.78
OQ69520,Arizona,Female,Master,7903.99,35406,69.0,4,Corporate Auto,Four-Door Car,67.5
QK12068,Oregon,Female,High School or Below,5293.72,0,74.0,0,Personal Auto,Four-Door Car,712.13
KF98735,California,Male,Bachelor,3673.99,41185,99.0,4,Special Auto,Four-Door Car,363.61
BH28530,California,Male,High School or Below,21592.1,51204,181.0,0,Personal Auto,Luxury,929.55
DW62043,Oregon,Female,College,2452.06,30216,63.0,0,Corporate Auto,Four-Door Car,302.4
AF41118,California,Male,College,7255.71,10710,94.0,0,Personal Auto,Two-Door Car,451.2
KI82366,Arizona,Male,College,7412.96,0,112.0,0,Personal Auto,Four-Door Car,806.4
GF97506,Nevada,Male,High School or Below,9048.98,0,119.0,0,Personal Auto,Luxury,571.2
UQ62739,Oregon,Male,College,4270.03,0,122.0,0,Corporate Auto,SUV,725.87
WY58555,Oregon,Male,Bachelor,4929.55,25632,63.0,0,Personal Auto,Two-Door Car,351.27
PU11172,Oregon,Female,High School or Below,3539.97,0,99.0,0,Personal Auto,Four-Door Car,1158.86
DN30013,Oregon,Female,College,5568.89,53295,70.0,0,Personal Auto,Four-Door Car,250.42
ZI60303,Oregon,Male,High School or Below,9817.03,0,139.0,0,Personal Auto,Luxury,1000.8
MR56401,Oregon,Female,College,2542.85,37072,64.0,0,Personal Auto,Four-Door Car,307.2
FM14335,Washington,Female,College,10484.92,61108,89.0,0,Personal Auto,Four-Door Car,49.45
FK54851,California,Male,High School or Below,6310.4,79880,79.0,1,Personal Auto,Two-Door Car,568.8
YF38355,Washington,Male,Master,8106.22,81580,101.0,0,Personal Auto,SUV,633.44
TN39471,Arizona,Female,High School or Below,3398.01,0,92.0,0,Personal Auto,Two-Door Car,611.84
MT53449,Arizona,Female,Master,16301.97,19614,85.0,0,Personal Auto,Two-Door Car,574.02
DV22542,California,Male,High School or Below,2722.41,58620,68.0,0,Personal Auto,Two-Door Car,292.14
TO82744,California,Female,High School or Below,15789.65,0,212.0,0,Personal Auto,Luxury,1526.4
OG17756,Arizona,Female,College,4904.89,12902,139.0,0,Personal Auto,Luxury,667.2
DO51363,Oregon,Female,Bachelor,3785.75,26318,96.0,0,Personal Auto,Two-Door Car,679.39
BJ26599,Oregon,Male,Bachelor,4200.82,20263,63.0,0,Personal Auto,Four-Door Car,373.45
LX24476,Oregon,Female,Bachelor,3619.06,0,98.0,0,Personal Auto,Four-Door Car,310.84
IO63361,Arizona,Male,College,4880.71,52819,124.0,0,Personal Auto,SUV,282.5
SD30853,Oregon,Female,College,12687.15,63918,64.0,0,Personal Auto,Four-Door Car,307.2
OJ41819,Oregon,Female,College,4848.9,0,66.0,0,Personal Auto,Four-Door Car,316.8
MO63575,Oregon,Female,Bachelor,4334.06,23904,123.0,3,Corporate Auto,SUV,590.4
BV16459,Oregon,Male,College,6677.42,0,97.0,1,Personal Auto,Two-Door Car,251.64
YV93784,Arizona,Female,Master,8973.11,69736,111.0,0,Personal Auto,SUV,424.42
UF32055,California,Male,Bachelor,7109.3,69700,181.0,0,Personal Auto,SUV,645.92
UQ16798,Arizona,Female,College,10208.93,35482,129.0,0,Personal Auto,SUV,619.2
LS59637,Arizona,Female,College,2719.51,14030,72.0,0,Corporate Auto,Two-Door Car,345.6
TX35617,California,Female,Bachelor,4465.6,50909,112.0,0,Personal Auto,SUV,339.05
EX89625,Arizona,Female,Bachelor,5593.43,96406,69.0,0,Personal Auto,Two-Door Car,331.2
FD11364,Oregon,Female,Bachelor,6769.0,77001,85.0,0,Special Auto,Four-Door Car,408.0
FA90076,Oregon,Female,Bachelor,2454.59,0,72.0,0,Personal Auto,Two-Door Car,518.4
BG96711,California,Male,Bachelor,2576.38,24732,67.0,0,Corporate Auto,Four-Door Car,321.6
PW31239,Oregon,Female,College,4282.95,40864,109.0,1,Personal Auto,SUV,166.94
MD95935,California,Female,Bachelor,5845.43,43145,73.0,0,Corporate Auto,Two-Door Car,516.42
UL10037,Oregon,Female,College,10484.92,61108,89.0,0,Corporate Auto,Four-Door Car,49.45
RE67051,California,Male,Bachelor,5509.38,34236,70.0,0,Corporate Auto,Four-Door Car,336.0
SB44315,Arizona,Male,College,3011.34,39010,78.0,2,Personal Auto,Four-Door Car,374.4
OX21474,California,Male,High School or Below,2698.36,88867,69.0,1,Personal Auto,Four-Door Car,331.2
HN60464,California,Male,Bachelor,6105.8,0,84.0,0,Personal Auto,Four-Door Car,395.74
TJ51874,Washington,Male,High School or Below,8558.04,13908,116.0,2,Corporate Auto,SUV,804.13
PB63095,Washington,Male,High School or Below,5568.95,0,79.0,1,Personal Auto,Two-Door Car,407.44
VR81851,Oregon,Female,College,11042.29,0,64.0,0,Personal Auto,Four-Door Car,415.8
DP13082,California,Male,Bachelor,23594.68,76358,66.0,0,Personal Auto,Four-Door Car,86.46
LP34743,Oregon,Female,Bachelor,4726.87,13037,124.0,0,Personal Auto,SUV,839.35
GO75708,Arizona,Female,Master,6054.49,17200,83.0,4,Personal Auto,Four-Door Car,48.78
UD99460,Washington,Male,Bachelor,9654.52,67772,82.0,0,Personal Auto,Four-Door Car,502.58
MJ77630,Oregon,Male,High School or Below,47155.63,39891,133.0,0,Personal Auto,SUV,630.89
OO49507,Washington,Female,Doctor,4530.39,52957,112.0,0,Personal Auto,Luxury,425.42
GB12561,Oregon,Female,College,7276.34,0,108.0,2,Corporate Auto,Luxury,777.6
PW69692,Oregon,Female,College,3861.49,93272,95.0,0,Personal Auto,Four-Door Car,281.11
SM36624,Arizona,Male,High School or Below,7054.78,0,207.0,0,Personal Auto,Luxury,1490.4
DA61021,California,Male,Master,15167.04,40467,197.0,3,Personal Auto,Luxury,518.78
KJ72146,Oregon,Male,Bachelor,7126.47,30895,62.0,0,Personal Auto,Four-Door Car,297.6
XJ61632,Oregon,Male,Bachelor,2034.99,0,62.0,2,Personal Auto,Four-Door Car,446.4
CO23919,Oregon,Female,Bachelor,30718.81,90607,109.0,0,Special Auto,SUV,243.47
PV24005,Oregon,Male,High School or Below,4221.31,0,62.0,0,Personal Auto,Four-Door Car,614.08
YD22081,Arizona,Female,College,9701.03,45668,80.0,0,Personal Auto,Four-Door Car,344.77
SG51259,California,Female,High School or Below,4502.87,0,129.0,0,Personal Auto,SUV,1486.41
OK31456,California,Female,Bachelor,11009.13,51643,283.0,0,Corporate Auto,Luxury,1358.4
UN38117,California,Female,College,2713.56,0,74.0,0,Personal Auto,Four-Door Car,299.64
TN17395,California,Male,College,22103.51,0,102.0,0,Personal Auto,SUV,489.6
UO49439,Oregon,Male,College,5633.53,90289,71.0,1,Personal Auto,Four-Door Car,22.19
JK13254,Oregon,Male,Bachelor,4237.37,29465,118.0,1,Personal Auto,SUV,566.4
BL29240,Oregon,Male,Bachelor,2858.29,81893,73.0,3,Corporate Auto,Four-Door Car,151.38
IP81759,Nevada,Male,High School or Below,9366.82,60613,240.0,0,Personal Auto,Luxury,1152.0
DY18947,Arizona,Female,High School or Below,9152.49,60423,114.0,0,Personal Auto,Four-Door Car,137.61
PY98041,Oregon,Male,Bachelor,5406.88,27166,71.0,0,Personal Auto,Four-Door Car,340.8
GP99578,Nevada,Female,High School or Below,7086.18,0,196.0,0,Personal Auto,Luxury,1644.69
QB15706,Washington,Female,College,17288.55,0,158.0,0,Special Auto,SUV,758.4
PY42157,Washington,Female,High School or Below,2472.25,62006,61.0,0,Personal Auto,Four-Door Car,292.8
FM38725,Oregon,Female,High School or Below,2432.17,0,69.0,0,Personal Auto,Four-Door Car,764.2
QX84402,California,Female,College,25464.82,13663,97.0,0,Corporate Auto,Four-Door Car,465.6
DH95491,California,Male,High School or Below,2229.36,0,61.0,0,Personal Auto,Four-Door Car,292.8
JH36501,Arizona,Male,Doctor,2507.88,97673,63.0,0,Personal Auto,Four-Door Car,178.76
DG46291,Nevada,Female,High School or Below,9500.08,96276,117.0,0,Personal Auto,Four-Door Car,553.5
LY14355,Washington,Female,High School or Below,2935.99,73847,73.0,1,Personal Auto,Two-Door Car,350.4
AU94279,California,Male,High School or Below,5493.02,24976,72.0,1,Personal Auto,Two-Door Car,566.2
AG62140,California,Female,College,5386.33,33716,68.0,1,Personal Auto,Four-Door Car,349.43
YK66939,Arizona,Female,College,4384.85,23480,117.0,0,Personal Auto,SUV,842.4
BA75404,Oregon,Female,Doctor,5789.85,77221,71.0,0,Personal Auto,Four-Door Car,259.59
ZG10765,Nevada,Female,Bachelor,5678.05,0,76.0,0,Personal Auto,Four-Door Car,364.8
TA22923,Arizona,Male,Master,4944.24,40463,61.0,0,Personal Auto,Four-Door Car,292.8
OM55336,Nevada,Male,College,7507.46,60920,64.0,0,Personal Auto,Two-Door Car,231.2
MB60322,Arizona,Female,Doctor,5332.46,68931,66.0,0,Special Auto,Four-Door Car,309.58
FS97588,Oregon,Female,Bachelor,5475.34,88251,68.0,0,Personal Auto,Four-Door Car,267.21
OX73233,Oregon,Female,College,2274.65,0,65.0,0,Corporate Auto,Two-Door Car,468.0
KR25511,Washington,Male,High School or Below,6005.21,26876,76.0,0,Corporate Auto,Four-Door Car,364.8
PE39479,Washington,Male,College,18321.42,88592,76.0,0,Corporate Auto,Four-Door Car,199.8
AO46433,California,Female,Bachelor,8078.53,0,114.0,1,Personal Auto,Four-Door Car,547.2
CD71502,Arizona,Male,High School or Below,3664.22,0,103.0,0,Personal Auto,SUV,642.77
ZS94723,Arizona,Female,High School or Below,2960.03,0,82.0,0,Personal Auto,Four-Door Car,590.4
EV32492,Arizona,Male,Bachelor,2496.17,49136,64.0,0,Personal Auto,Four-Door Car,307.2
IW27109,Oregon,Male,College,4650.68,0,68.0,0,Personal Auto,Two-Door Car,722.88
XX37955,Nevada,Male,College,14002.38,67627,117.0,0,Corporate Auto,SUV,561.6
MO68226,California,Female,College,7462.93,70263,93.0,0,Personal Auto,Two-Door Car,7.35
HY86417,Arizona,Female,College,3653.7,74126,90.0,0,Corporate Auto,Two-Door Car,478.75
WI14444,California,Female,High School or Below,5638.54,74286,70.0,0,Personal Auto,Two-Door Car,277.59
XC72555,Oregon,Female,High School or Below,4475.05,97949,112.0,3,Personal Auto,SUV,324.81
SZ37147,California,Male,Bachelor,2719.85,41005,70.0,0,Personal Auto,Four-Door Car,336.0
HF44881,Arizona,Male,High School or Below,4542.41,29875,119.0,1,Corporate Auto,Luxury,571.2
GA98025,Arizona,Male,Bachelor,12875.6,26121,119.0,0,Personal Auto,SUV,754.12
LO57874,Oregon,Male,Bachelor,2300.69,25905,63.0,0,Corporate Auto,Four-Door Car,302.4
VJ83206,California,Male,College,8364.56,72117,70.0,0,Personal Auto,Four-Door Car,106.74
CV35709,Oregon,Female,High School or Below,14024.36,81872,115.0,0,Corporate Auto,Four-Door Car,256.44
VX67206,Oregon,Female,Bachelor,27789.69,33806,89.0,0,Corporate Auto,Four-Door Car,395.73
WY38315,California,Male,College,3588.93,0,106.0,0,Personal Auto,SUV,763.2
AY52869,California,Male,College,4386.28,10621,67.0,0,Personal Auto,Four-Door Car,321.6
PT29055,Oregon,Female,Bachelor,6647.85,0,65.0,0,Personal Auto,Four-Door Car,312.0
HF62608,Oregon,Female,College,6753.43,44213,85.0,0,Personal Auto,Four-Door Car,77.52
PJ54354,California,Male,Bachelor,4762.82,0,65.0,0,Personal Auto,Four-Door Car,366.21
VW13019,Nevada,Female,College,4904.89,12902,139.0,0,Corporate Auto,Luxury,667.2
PY80506,Oregon,Male,High School or Below,4764.86,78757,119.0,3,Personal Auto,Luxury,383.8
CF46699,Oregon,Male,Bachelor,3567.5,0,102.0,0,Personal Auto,SUV,660.43
SF15712,Oregon,Male,High School or Below,3903.8,51833,99.0,0,Personal Auto,Four-Door Car,190.51
MX69639,California,Female,High School or Below,10442.43,30786,90.0,0,Personal Auto,Four-Door Car,28.65
EZ41764,California,Male,Bachelor,2498.96,76792,62.0,0,Personal Auto,Four-Door Car,297.6
BD58297,California,Female,Bachelor,2862.56,76356,71.0,2,Personal Auto,Two-Door Car,340.8
FM55990,California,Male,College,5989.77,66839,154.0,0,Personal Auto,Luxury,739.2
LZ89104,Oregon,Male,High School or Below,7143.04,59789,90.0,0,Personal Auto,Four-Door Car,527.54
CI38330,Washington,Male,Bachelor,2549.79,72217,64.0,0,Personal Auto,Four-Door Car,91.15
NT15165,California,Female,Bachelor,12047.78,43324,101.0,0,Corporate Auto,Two-Door Car,284.67
RQ77476,Oregon,Male,Bachelor,20461.15,87502,102.0,0,Personal Auto,Four-Door Car,421.11
QB15345,California,Female,High School or Below,2781.59,0,74.0,0,Personal Auto,Four-Door Car,532.8
DX65548,Arizona,Female,College,4834.71,38713,66.0,4,Personal Auto,Four-Door Car,316.8
RI52095,Washington,Male,High School or Below,7610.54,51878,66.0,1,Personal Auto,Four-Door Car,316.8
RK76184,Arizona,Male,College,2159.25,0,61.0,0,Personal Auto,Four-Door Car,292.8
EH86912,California,Male,College,8420.43,28617,112.0,0,Personal Auto,SUV,797.6
TJ90326,California,Female,Doctor,13530.03,75037,85.0,2,Personal Auto,Four-Door Car,180.56
ES93923,Oregon,Female,Bachelor,8798.31,24550,111.0,0,Personal Auto,Four-Door Car,536.0
BY23642,Arizona,Female,Bachelor,4595.04,0,64.0,0,Personal Auto,Two-Door Car,460.8
CV64725,California,Male,High School or Below,6545.8,55366,86.0,2,Personal Auto,Four-Door Car,455.71
RN56430,Nevada,Female,High School or Below,5443.76,41449,69.0,1,Personal Auto,Two-Door Car,331.2
PD32052,California,Male,High School or Below,7957.63,51125,67.0,0,Personal Auto,Four-Door Car,430.29
YG87460,Arizona,Male,College,2444.74,0,71.0,1,Personal Auto,Four-Door Car,244.59
BN90616,Washington,Female,Bachelor,8590.33,63110,72.0,0,Personal Auto,Four-Door Car,68.18
BH36973,Oregon,Female,College,2730.35,63401,68.0,0,Personal Auto,Four-Door Car,202.94
QN76156,Oregon,Female,College,2925.73,30752,73.0,0,Personal Auto,Four-Door Car,400.29
ZJ15114,California,Male,High School or Below,5331.74,60986,67.0,0,Corporate Auto,Four-Door Car,417.78
CM84035,Arizona,Male,College,11320.83,41692,101.0,1,Corporate Auto,Four-Door Car,245.97
TZ22914,Oregon,Male,Master,5130.82,12940,68.0,0,Personal Auto,Two-Door Car,268.17
MW80236,Washington,Male,Master,7919.83,0,70.0,0,Personal Auto,Four-Door Car,336.0
WO89464,Oregon,Male,Bachelor,2619.34,78618,66.0,0,Personal Auto,Two-Door Car,225.58
MK56815,California,Male,College,9591.23,54538,119.0,0,Personal Auto,Four-Door Car,507.8
LJ64287,Nevada,Male,High School or Below,4196.65,0,64.0,1,Personal Auto,Two-Door Car,774.74
UK86050,Arizona,Female,High School or Below,7887.96,76590,65.0,0,Personal Auto,Four-Door Car,183.29
TQ24692,Oregon,Male,High School or Below,8676.7,76214,72.0,0,Special Auto,Four-Door Car,202.81
QO16222,California,Female,College,6383.61,0,196.0,2,Personal Auto,Luxury,2327.17
SU86402,Arizona,Female,High School or Below,6568.76,25876,83.0,0,Personal Auto,Two-Door Car,398.4
CI95726,Nevada,Female,High School or Below,3644.83,82477,90.0,0,Personal Auto,Two-Door Car,432.0
JE98863,Arizona,Female,Bachelor,3910.7,58713,98.0,0,Special Auto,Four-Door Car,470.4
DD89544,Arizona,Male,Bachelor,18704.85,64929,240.0,3,Corporate Auto,Luxury,1261.67
HK28125,California,Male,High School or Below,24337.38,0,85.0,1,Personal Auto,Four-Door Car,612.0
VT52978,Nevada,Male,High School or Below,12547.43,32857,105.0,0,Corporate Auto,Four-Door Car,504.0
DU66620,Nevada,Male,College,4582.69,19065,61.0,0,Personal Auto,Two-Door Car,292.8
YC83239,Washington,Female,Bachelor,2864.09,0,83.0,0,Personal Auto,Two-Door Car,825.29
VS40267,California,Male,High School or Below,30850.59,25503,115.0,0,Personal Auto,SUV,552.0
WJ55369,Arizona,Male,High School or Below,7366.09,30250,93.0,0,Personal Auto,Four-Door Car,398.1
MZ23183,Oregon,Male,Bachelor,4224.83,0,63.0,0,Personal Auto,Four-Door Car,453.6
DV58197,California,Female,Bachelor,8256.3,62902,69.0,0,Personal Auto,Two-Door Car,159.38
RZ97514,Oregon,Female,Master,7498.82,0,66.0,0,Personal Auto,Four-Door Car,316.8
ET90029,Arizona,Female,Doctor,25626.71,14278,134.0,0,Personal Auto,Luxury,346.32
SD21312,Nevada,Male,College,5989.77,66839,154.0,0,Personal Auto,Luxury,739.2
FG31425,Arizona,Female,College,2530.81,37811,63.0,0,Special Auto,Four-Door Car,365.0
FA15338,Arizona,Male,High School or Below,13569.24,20978,70.0,0,Personal Auto,Two-Door Car,336.0
HD53787,California,Female,College,13113.14,28519,86.0,0,Personal Auto,Two-Door Car,412.8
ME11422,California,Male,College,5085.02,0,72.0,1,Personal Auto,Four-Door Car,571.53
QN36109,Nevada,Female,Master,4554.56,85140,118.0,4,Personal Auto,SUV,88.18
UL80763,Oregon,Female,Doctor,4014.45,37384,99.0,0,Personal Auto,Four-Door Car,475.2
DH61947,Oregon,Male,Bachelor,2863.04,0,79.0,0,Personal Auto,Two-Door Car,168.89
QX54905,Nevada,Female,College,7200.66,0,66.0,0,Corporate Auto,Four-Door Car,316.8
XQ39498,Oregon,Male,High School or Below,30909.22,57659,111.0,0,Personal Auto,Four-Door Car,756.37
FQ51281,Oregon,Female,Bachelor,8170.62,95241,68.0,1,Personal Auto,Four-Door Car,87.8
NA45983,Arizona,Male,College,2877.81,38870,74.0,0,Special Auto,Four-Door Car,145.37
LC23144,California,Female,High School or Below,8478.3,13870,109.0,0,Personal Auto,SUV,550.43
SG54382,Arizona,Male,Bachelor,8646.55,25964,76.0,2,Corporate Auto,Four-Door Car,364.8
XH54129,California,Female,High School or Below,4755.76,72193,118.0,0,Personal Auto,Four-Door Car,552.65
QD28391,Washington,Male,College,7425.85,84302,62.0,0,Personal Auto,Four-Door Car,76.61
HX55735,Nevada,Female,Bachelor,4463.0,0,73.0,3,Personal Auto,Two-Door Car,350.4
AI49712,Washington,Female,High School or Below,2593.9,0,72.0,0,Personal Auto,Four-Door Car,345.6
YM53951,Oregon,Male,College,6006.44,39482,77.0,0,Corporate Auto,Four-Door Car,277.91
JO77924,Oregon,Male,High School or Below,10010.14,66371,125.0,0,Personal Auto,SUV,43.1
EZ20115,California,Male,Bachelor,26305.42,35300,74.0,0,Personal Auto,Four-Door Car,225.52
DD88614,California,Female,Doctor,7096.6,67735,88.0,0,Corporate Auto,Four-Door Car,3.46
BO21461,California,Male,College,2859.8,98879,73.0,1,Personal Auto,Four-Door Car,108.67
EX13440,Oregon,Male,High School or Below,29589.94,0,108.0,0,Corporate Auto,SUV,777.6
UB87714,Oregon,Male,Master,9667.13,72885,124.0,2,Personal Auto,SUV,233.68
VW84197,Oregon,Female,Bachelor,21941.86,26378,70.0,1,Personal Auto,Four-Door Car,147.8
HP56518,Oregon,Male,Bachelor,5548.03,67798,69.0,0,Personal Auto,Four-Door Car,331.2
SP81997,Washington,Female,Master,7752.93,41275,96.0,0,Personal Auto,Four-Door Car,41.12
VH66357,California,Male,College,2769.73,39646,70.0,0,Personal Auto,Four-Door Car,279.71
IM30965,Oregon,Male,High School or Below,2545.07,71868,65.0,0,Corporate Auto,Four-Door Car,312.0
TQ37204,Oregon,Female,High School or Below,8629.33,59107,107.0,0,Personal Auto,SUV,480.52
NN54114,Arizona,Male,Bachelor,4915.39,0,70.0,0,Personal Auto,Four-Door Car,504.0
BI27443,Arizona,Female,College,4896.56,36428,124.0,0,Personal Auto,SUV,559.41
WL86517,Nevada,Female,Doctor,4013.96,93284,99.0,0,Personal Auto,Two-Door Car,475.2
HW40931,Oregon,Female,College,10834.87,34612,91.0,1,Special Auto,Four-Door Car,655.2
NN44758,Arizona,Female,High School or Below,4669.23,76157,116.0,0,Personal Auto,Two-Door Car,556.8
NQ18750,Oregon,Male,College,29577.28,0,106.0,0,Personal Auto,Two-Door Car,763.2
GC34791,Nevada,Male,High School or Below,9259.73,17109,62.0,0,Personal Auto,Two-Door Car,297.6
SY22123,California,Female,College,6300.44,29539,85.0,0,Personal Auto,Four-Door Car,408.0
DY17416,Oregon,Male,College,6031.52,49539,79.0,0,Personal Auto,Two-Door Car,286.94
KE57057,California,Female,High School or Below,2300.33,0,66.0,1,Corporate Auto,Four-Door Car,475.2
AT24793,Oregon,Male,College,6863.12,25352,173.0,0,Special Auto,Luxury,830.4
SL71998,Oregon,Male,College,2797.76,63223,71.0,0,Personal Auto,Two-Door Car,397.62
AP66226,Nevada,Male,Bachelor,4479.49,18505,66.0,4,Personal Auto,Four-Door Car,316.8
HI91534,California,Female,College,4571.51,91485,114.0,0,Personal Auto,SUV,392.93
TK61994,Oregon,Female,College,6104.5,18690,80.0,0,Personal Auto,Four-Door Car,18.19
CW35098,Washington,Male,College,3297.9,0,91.0,0,Personal Auto,Two-Door Car,655.2
WX30852,Arizona,Female,Bachelor,2639.98,69819,66.0,0,Personal Auto,Four-Door Car,21.01
SK69036,California,Male,Bachelor,13780.49,25708,118.0,0,Personal Auto,Four-Door Car,566.4
YI79084,Nevada,Male,Doctor,3702.63,33738,95.0,0,Personal Auto,Two-Door Car,541.76
KF46546,Arizona,Female,Bachelor,5789.35,75845,72.0,0,Personal Auto,Four-Door Car,73.85
GA71186,Nevada,Male,High School or Below,13464.6,83392,112.0,0,Personal Auto,SUV,523.69
KL65897,California,Female,Bachelor,6331.34,0,87.0,0,Personal Auto,Two-Door Car,94.71
CF15086,California,Male,College,3838.11,76375,96.0,0,Personal Auto,Four-Door Car,138.42
HG40729,Oregon,Male,College,11274.91,0,114.0,0,Personal Auto,Four-Door Car,820.8
VP55618,California,Male,College,6052.0,32330,79.0,1,Corporate Auto,Four-Door Car,379.2
ZL23478,California,Female,Bachelor,33451.79,85689,92.0,0,Corporate Auto,Four-Door Car,237.95
EY75197,Arizona,Female,Bachelor,5611.93,0,158.0,0,Personal Auto,SUV,1137.6
SF11920,Arizona,Female,College,5607.25,39507,70.0,0,Corporate Auto,Two-Door Car,283.74
DY57308,California,Female,Bachelor,8835.16,22373,112.0,0,Personal Auto,SUV,419.75
HP73832,California,Female,College,3796.55,20217,96.0,2,Personal Auto,Four-Door Car,513.31
WP58797,Oregon,Male,Bachelor,3936.79,19245,106.0,0,Personal Auto,SUV,508.8
ZM33786,Arizona,Female,High School or Below,37150.83,17774,108.0,0,Personal Auto,SUV,116.26
LY19199,Oregon,Male,Bachelor,4815.53,80355,62.0,1,Corporate Auto,Two-Door Car,83.39
IX60436,Arizona,Male,Bachelor,2853.37,65099,73.0,2,Special Auto,Four-Door Car,350.4
UK29448,Oregon,Male,Bachelor,2467.46,0,73.0,0,Personal Auto,Two-Door Car,525.6
QA49556,Washington,Male,Master,5200.23,23401,66.0,0,Personal Auto,Four-Door Car,316.8
ST78006,Oregon,Female,High School or Below,4594.26,0,63.0,1,Personal Auto,Four-Door Car,139.33
KD63903,Arizona,Male,College,8586.66,0,118.0,0,Personal Auto,SUV,566.4
GV62858,California,Female,Bachelor,4091.93,38692,102.0,0,Personal Auto,Four-Door Car,502.44
DN66715,California,Female,Master,5181.62,97131,64.0,0,Personal Auto,Four-Door Car,307.2
LU30834,Oregon,Female,Bachelor,14230.32,78046,119.0,2,Personal Auto,SUV,759.12
HN35280,Arizona,Male,Bachelor,2446.66,82225,61.0,0,Personal Auto,Two-Door Car,292.8
DG21323,California,Female,High School or Below,4758.56,0,64.0,0,Personal Auto,Four-Door Car,607.73
KD16729,Nevada,Male,College,6645.93,21144,86.0,0,Personal Auto,Two-Door Car,391.45
WO17738,Oregon,Female,High School or Below,8717.85,36645,112.0,0,Corporate Auto,Four-Door Car,614.08
VB22338,Nevada,Male,High School or Below,4110.62,31842,108.0,0,Special Auto,SUV,406.35
JU66696,California,Female,Master,9810.41,0,131.0,0,Corporate Auto,Luxury,628.8
AE60813,Oregon,Female,College,4993.03,75090,63.0,1,Personal Auto,Four-Door Car,101.34
AS99827,Oregon,Female,Bachelor,4463.61,0,62.0,0,Personal Auto,Four-Door Car,567.34
XQ80738,Oregon,Female,High School or Below,2895.21,72014,72.0,0,Personal Auto,Four-Door Car,188.2
KX82226,Arizona,Male,High School or Below,3185.17,13512,92.0,0,Personal Auto,Two-Door Car,441.6
MA43940,Oregon,Male,High School or Below,9343.2,75909,117.0,0,Special Auto,Luxury,561.6
JL93248,Oregon,Female,High School or Below,7296.54,18884,64.0,0,Personal Auto,Four-Door Car,307.2
PY98628,Arizona,Male,High School or Below,5568.95,0,79.0,1,Personal Auto,Two-Door Car,407.44
GX32768,Oregon,Female,Bachelor,7627.03,0,74.0,1,Corporate Auto,Four-Door Car,807.28
AM89558,Nevada,Male,College,4636.55,26802,66.0,1,Corporate Auto,Two-Door Car,316.8
EL41362,California,Female,College,5329.13,99839,66.0,0,Personal Auto,Four-Door Car,468.2
XK91603,California,Female,College,2478.24,24186,64.0,0,Personal Auto,Four-Door Car,307.2
MG77033,California,Male,College,5522.77,46971,69.0,0,Corporate Auto,Four-Door Car,120.11
OM70085,Oregon,Female,Bachelor,8586.53,0,83.0,0,Personal Auto,Four-Door Car,483.58
NB57112,Oregon,Female,Bachelor,8104.5,0,117.0,1,Personal Auto,Luxury,842.4
WH60140,Arizona,Male,Bachelor,2356.7,0,69.0,0,Personal Auto,Two-Door Car,496.8
FV92759,Oregon,Female,College,2004.35,0,66.0,4,Personal Auto,Four-Door Car,316.8
YW85018,Nevada,Male,Bachelor,2810.46,26790,71.0,0,Personal Auto,Two-Door Car,340.8
BY84257,Arizona,Male,College,2379.61,0,71.0,0,Special Auto,Four-Door Car,747.11
JT69863,Arizona,Male,Bachelor,2410.11,16258,64.0,0,Personal Auto,Two-Door Car,307.2
OE15600,California,Male,College,2544.97,91169,65.0,0,Personal Auto,Two-Door Car,139.75
BU81591,California,Male,College,10153.89,0,90.0,0,Corporate Auto,Four-Door Car,432.0
XL44677,California,Male,Bachelor,2300.69,25905,63.0,0,Personal Auto,Four-Door Car,302.4
No73821,Oregon,Male,High School or Below,10145.44,44577,131.0,0,Personal Auto,SUV,640.49
VJ24328,Oregon,Male,High School or Below,2599.04,53021,68.0,4,Personal Auto,Four-Door Car,326.4
XW63353,Oregon,Male,High School or Below,6689.02,56980,84.0,0,Personal Auto,Two-Door Car,599.0
JZ31045,California,Female,College,2721.59,97719,67.0,0,Personal Auto,Four-Door Car,318.66
UM27359,Arizona,Male,Bachelor,7524.88,49530,63.0,0,Personal Auto,Four-Door Car,278.24
ND71187,Arizona,Male,Master,9487.72,56233,79.0,0,Corporate Auto,Four-Door Car,558.75
YR63096,Nevada,Female,High School or Below,5977.79,79140,74.0,0,Corporate Auto,Four-Door Car,487.93
SN21895,Arizona,Female,Bachelor,6411.12,13088,82.0,0,Personal Auto,Four-Door Car,393.6
FY90924,Arizona,Female,High School or Below,2944.18,73601,73.0,0,Personal Auto,Four-Door Car,339.94
CN30964,California,Female,Bachelor,6685.8,31517,84.0,2,Personal Auto,Two-Door Car,604.8
BN14307,Oregon,Male,College,4692.66,0,69.0,0,Personal Auto,Two-Door Car,549.27
XG35514,California,Male,High School or Below,4502.67,0,69.0,2,Personal Auto,Four-Door Car,496.8
RL28918,California,Male,High School or Below,16504.96,42148,104.0,0,Personal Auto,SUV,366.98
SR74929,Oregon,Female,High School or Below,9460.18,0,133.0,0,Personal Auto,SUV,1443.46
HK93338,Washington,Female,High School or Below,7931.72,23769,69.0,0,Personal Auto,Four-Door Car,470.1
QR53727,Arizona,Female,High School or Below,7974.39,0,109.0,0,Personal Auto,SUV,523.2
SQ35375,Oregon,Female,Doctor,5054.33,22241,63.0,0,Personal Auto,Four-Door Car,343.16
UD77728,Arizona,Female,Bachelor,5657.81,23550,72.0,0,Personal Auto,Four-Door Car,222.75
GP13187,California,Female,Master,14917.33,0,190.0,0,Personal Auto,Luxury,1368.0
AQ70619,California,Male,High School or Below,13046.65,71024,65.0,1,Corporate Auto,Four-Door Car,266.64
IP65887,Oregon,Female,Bachelor,38410.6,71644,105.0,0,Corporate Auto,SUV,504.0
KS98084,California,Female,Master,5069.07,50363,63.0,0,Personal Auto,Four-Door Car,12.74
QU55718,California,Female,Bachelor,10978.78,92914,136.0,0,Personal Auto,Luxury,979.2
TS31417,Washington,Male,College,39769.56,16645,117.0,0,Personal Auto,SUV,696.96
QG83213,California,Male,College,6559.35,0,94.0,0,Personal Auto,Four-Door Car,451.2
SA40041,Washington,Female,Bachelor,5749.88,22814,73.0,0,Personal Auto,Four-Door Car,360.77
MC36247,Oregon,Male,Bachelor,16473.17,22828,106.0,0,Personal Auto,SUV,508.8
FO13070,California,Male,High School or Below,5780.18,51066,74.0,0,Personal Auto,Four-Door Car,787.99
VL97142,Oregon,Male,College,26200.83,68507,110.0,0,Personal Auto,SUV,140.2
CI57475,Arizona,Female,College,3272.01,0,87.0,0,Personal Auto,Four-Door Car,626.4
KJ19260,Arizona,Male,College,4682.25,37929,61.0,0,Corporate Auto,Four-Door Car,120.44
GN93462,California,Male,Bachelor,6496.2,89285,81.0,0,Personal Auto,Four-Door Car,109.03
QB86817,Oregon,Female,High School or Below,7446.81,98235,93.0,0,Personal Auto,Four-Door Car,377.42
AZ68072,Oregon,Female,Bachelor,4549.34,23650,61.0,2,Personal Auto,Four-Door Car,14.1
MZ43298,California,Female,Bachelor,5200.08,90167,131.0,0,Corporate Auto,SUV,523.73
KS12490,Oregon,Male,High School or Below,10594.13,64669,131.0,0,Personal Auto,Luxury,628.8
TL18087,Washington,Male,Bachelor,3059.28,65083,77.0,0,Personal Auto,Four-Door Car,369.6
ZT18953,Oregon,Female,Bachelor,8181.72,0,109.0,0,Corporate Auto,SUV,523.2
EF13716,Oregon,Male,College,2697.33,60462,68.0,1,Personal Auto,Four-Door Car,216.93
RN87402,California,Female,College,10369.39,0,69.0,0,Corporate Auto,Four-Door Car,454.36
RJ40995,Arizona,Male,Doctor,2491.32,36631,62.0,0,Personal Auto,Four-Door Car,67.53
GB47529,Oregon,Female,High School or Below,5396.37,40308,136.0,0,Corporate Auto,Luxury,652.8
MB63131,Oregon,Female,Bachelor,4652.89,0,64.0,1,Corporate Auto,Four-Door Car,307.2
KN57002,Arizona,Male,Bachelor,9015.92,0,130.0,0,Corporate Auto,SUV,936.0
DR68556,Oregon,Male,High School or Below,7857.36,85067,65.0,0,Personal Auto,Four-Door Car,256.24
CS70768,California,Female,High School or Below,6763.18,0,64.0,0,Personal Auto,Four-Door Car,460.8
XY33610,Washington,Male,College,15695.54,97750,65.0,0,Personal Auto,Four-Door Car,303.0
LO17953,Oregon,Female,Doctor,5219.2,38704,65.0,0,Personal Auto,Four-Door Car,9.72
LZ35469,California,Female,Bachelor,2582.41,76731,64.0,0,Personal Auto,Four-Door Car,201.46
BM27144,California,Female,College,7653.28,57446,64.0,0,Personal Auto,Four-Door Car,77.45
EA14700,California,Male,Bachelor,4966.74,0,73.0,0,Personal Auto,Two-Door Car,525.6
FQ70521,California,Female,High School or Below,8927.13,96768,111.0,2,Personal Auto,Four-Door Car,2.55
OA99158,California,Male,Bachelor,21423.64,0,65.0,0,Corporate Auto,Two-Door Car,312.0
YS84064,Arizona,Male,Bachelor,15481.25,0,180.0,3,Corporate Auto,SUV,1296.0
YD45065,Oregon,Female,College,8714.92,0,118.0,0,Personal Auto,SUV,566.4
OC88207,California,Male,Master,5577.24,77265,69.0,0,Special Auto,Two-Door Car,170.69
IL47644,Oregon,Female,High School or Below,8860.65,48736,111.0,0,Personal Auto,SUV,285.85
CW27031,Washington,Female,High School or Below,13450.96,0,126.0,0,Corporate Auto,SUV,907.2
XX44146,California,Female,High School or Below,6464.42,0,89.0,0,Personal Auto,Two-Door Car,640.8
LH26131,Nevada,Female,High School or Below,3876.77,0,108.0,0,Personal Auto,Two-Door Car,1099.23
HU94030,Arizona,Female,High School or Below,10103.66,46667,129.0,1,Corporate Auto,SUV,59.53
GP39118,Washington,Male,High School or Below,4996.55,71600,63.0,0,Personal Auto,Two-Door Car,46.16
QL80658,Arizona,Male,High School or Below,3934.71,84229,98.0,0,Personal Auto,Four-Door Car,470.4
LU63980,Nevada,Male,College,2220.0,0,62.0,0,Personal Auto,Two-Door Car,297.6
HQ41200,Oregon,Female,College,7974.95,26118,101.0,0,Personal Auto,Four-Door Car,484.8
DZ81394,Oregon,Female,High School or Below,8708.02,0,118.0,0,Personal Auto,SUV,1380.11
IN41344,Washington,Male,College,2907.36,24049,74.0,0,Personal Auto,Four-Door Car,491.45
QJ22615,Arizona,Female,Master,4881.3,37998,61.0,0,Special Auto,Four-Door Car,292.8
FJ24418,Arizona,Female,Doctor,3652.67,0,95.0,0,Personal Auto,Four-Door Car,456.0
JR45097,Oregon,Male,College,12779.9,0,184.0,0,Personal Auto,Luxury,1394.85
DT82702,Arizona,Female,College,7200.66,0,66.0,0,Personal Auto,Four-Door Car,316.8
ME87834,Oregon,Male,Bachelor,4219.02,62396,107.0,0,Personal Auto,SUV,693.41
DB91647,California,Male,College,5816.71,99239,74.0,0,Personal Auto,Four-Door Car,379.38
UM44109,Oregon,Male,College,7908.45,94303,65.0,0,Personal Auto,Four-Door Car,149.69
RT22532,Arizona,Male,Bachelor,3954.34,18375,103.0,0,Personal Auto,Luxury,535.08
DU60004,Nevada,Female,College,3560.63,76769,88.0,0,Corporate Auto,Four-Door Car,170.11
XR17548,Oregon,Male,High School or Below,5064.13,78735,63.0,1,Personal Auto,Four-Door Car,225.56
VR14881,Oregon,Male,Bachelor,8489.84,0,130.0,0,Personal Auto,Luxury,624.0
FS81127,California,Female,Bachelor,2425.3,0,67.0,1,Corporate Auto,Four-Door Car,426.01
VD19899,California,Female,Doctor,27542.37,50494,114.0,0,Personal Auto,Two-Door Car,491.32
SP93911,California,Female,High School or Below,8828.93,86721,110.0,1,Corporate Auto,Two-Door Car,372.59
GH49378,California,Female,Bachelor,5059.33,67371,63.0,0,Personal Auto,Four-Door Car,86.6
MZ30958,Nevada,Male,High School or Below,6715.59,21835,90.0,0,Corporate Auto,Two-Door Car,432.0
FU55433,Arizona,Male,High School or Below,2671.82,62452,67.0,0,Corporate Auto,Two-Door Car,407.78
SZ14518,California,Female,College,8098.97,0,72.0,0,Personal Auto,Four-Door Car,518.4
XI58886,California,Male,High School or Below,2795.55,69809,70.0,0,Personal Auto,Two-Door Car,111.82
NL17031,Washington,Male,High School or Below,2972.46,0,84.0,0,Personal Auto,Two-Door Car,604.8
OB32861,Nevada,Male,High School or Below,6288.16,0,84.0,0,Special Auto,Two-Door Car,403.2
AZ84403,Oregon,Female,College,61850.19,0,238.0,0,Personal Auto,Luxury,1142.4
PU34934,Arizona,Female,College,10394.36,22601,88.0,0,Personal Auto,Four-Door Car,633.6
WX87964,Washington,Male,High School or Below,4935.19,29560,62.0,0,Personal Auto,Four-Door Car,297.6
VI12468,Oregon,Female,Bachelor,35013.54,0,133.0,0,Personal Auto,SUV,532.75
RC44077,California,Male,Bachelor,2810.46,26790,71.0,0,Personal Auto,Two-Door Car,340.8
ZQ48144,California,Female,Bachelor,3636.94,34986,91.0,0,Corporate Auto,Four-Door Car,73.84
MA83261,Arizona,Male,High School or Below,2785.42,66378,71.0,0,Corporate Auto,Two-Door Car,158.0
ER63193,California,Female,High School or Below,7715.1,48784,96.0,0,Corporate Auto,Four-Door Car,252.08
XZ34917,Washington,Male,Bachelor,5643.8,41043,72.0,0,Personal Auto,Four-Door Car,345.6
WH36754,Oregon,Female,College,19088.34,32775,61.0,0,Personal Auto,Four-Door Car,251.89
ZG90341,Oregon,Male,Bachelor,9156.27,61200,118.0,0,Personal Auto,Four-Door Car,566.4
KR82385,California,Male,Master,5454.59,66334,69.0,0,Personal Auto,Two-Door Car,331.2
MC48570,Arizona,Female,Doctor,2470.44,18661,62.0,0,Personal Auto,Two-Door Car,196.88
MP13698,Oregon,Female,College,7809.86,0,111.0,0,Personal Auto,Two-Door Car,532.8
JE84351,Oregon,Male,Bachelor,6938.87,53133,91.0,0,Personal Auto,Two-Door Car,652.39
BU72276,California,Female,Bachelor,5318.9,25134,67.0,0,Personal Auto,Four-Door Car,321.6
DC78147,Arizona,Male,College,13727.8,0,126.0,0,Personal Auto,SUV,604.8
DB17162,Arizona,Male,High School or Below,5363.41,64324,67.0,0,Personal Auto,Four-Door Car,321.6
TG97744,Oregon,Female,Bachelor,3265.16,25820,82.0,0,Corporate Auto,Four-Door Car,393.6
QT26393,California,Male,Bachelor,2446.91,29152,67.0,0,Personal Auto,Two-Door Car,255.08
UG49716,Washington,Female,College,4196.69,0,114.0,0,Personal Auto,Luxury,1182.29
HF11584,Arizona,Male,Master,12913.5,62448,107.0,0,Personal Auto,SUV,513.6
MS87381,California,Female,High School or Below,23866.16,0,81.0,1,Personal Auto,Four-Door Car,388.8
YU79270,Arizona,Male,College,4633.34,27132,63.0,1,Personal Auto,Four-Door Car,302.4
HU81007,Oregon,Female,Bachelor,8196.08,21706,108.0,0,Personal Auto,SUV,518.4
XH53960,Arizona,Female,Bachelor,2167.33,0,61.0,0,Personal Auto,Four-Door Car,439.2
MM62953,Arizona,Male,High School or Below,5619.85,66620,70.0,0,Personal Auto,Four-Door Car,336.0
DA74095,Arizona,Female,Bachelor,6102.31,42800,153.0,1,Personal Auto,Luxury,734.4
QD46343,Arizona,Female,High School or Below,3919.37,66676,97.0,0,Personal Auto,Four-Door Car,558.1
FR17176,Arizona,Female,High School or Below,14944.84,0,68.0,0,Personal Auto,Four-Door Car,326.4
WY26014,California,Female,High School or Below,10820.0,37433,90.0,0,Personal Auto,Four-Door Car,410.39
RY32848,Oregon,Male,Doctor,15839.09,44930,132.0,0,Personal Auto,SUV,111.05
JG83987,Arizona,Female,Bachelor,6451.26,30857,81.0,0,Personal Auto,Two-Door Car,309.16
MQ48266,Arizona,Female,Bachelor,5564.96,46507,73.0,4,Personal Auto,Two-Door Car,325.57
EA68909,California,Male,Bachelor,2444.9,48473,63.0,0,Personal Auto,Four-Door Car,302.4
KP51068,Oregon,Male,Bachelor,2640.59,59961,68.0,0,Personal Auto,Four-Door Car,291.92
CM78608,California,Female,High School or Below,5823.16,88359,73.0,0,Personal Auto,Two-Door Car,35.92
TZ11597,California,Male,College,5755.54,97607,71.0,0,Personal Auto,Two-Door Car,60.02
GS76685,California,Male,High School or Below,10408.97,20228,101.0,1,Corporate Auto,SUV,523.82
BR40272,California,Male,College,8247.95,49009,105.0,0,Personal Auto,Four-Door Car,504.0
FX36546,Washington,Male,Master,3679.14,60804,92.0,0,Personal Auto,Four-Door Car,213.23
FY31714,Oregon,Male,Bachelor,16331.43,78374,82.0,0,Personal Auto,Four-Door Car,206.95
GL99349,California,Male,High School or Below,20474.15,95621,66.0,5,Personal Auto,Two-Door Car,351.88
HH49391,Oregon,Male,High School or Below,9414.94,15741,132.0,0,Special Auto,SUV,633.6
WG26617,Oregon,Male,Bachelor,9732.58,38279,82.0,0,Personal Auto,Two-Door Car,64.4
JL97265,Oregon,Male,Master,4611.25,0,61.0,0,Personal Auto,Four-Door Car,292.8
QQ25666,Arizona,Male,High School or Below,14510.75,60120,182.0,0,Personal Auto,Luxury,716.47
VE72838,Arizona,Female,High School or Below,13770.98,59207,116.0,0,Personal Auto,Four-Door Car,556.8
ZN27809,Oregon,Female,College,8083.54,0,116.0,0,Personal Auto,SUV,820.02
IZ71030,California,Female,College,2570.19,69446,64.0,1,Personal Auto,Four-Door Car,26.73
LU79958,Washington,Female,Bachelor,2273.62,0,73.0,4,Personal Auto,Four-Door Car,801.02
KT30737,California,Male,College,3995.36,0,119.0,0,Corporate Auto,SUV,856.8
IU32539,California,Female,Bachelor,7282.22,50886,95.0,1,Personal Auto,Two-Door Car,620.1
UI73924,Oregon,Female,Bachelor,2469.57,55257,64.0,3,Personal Auto,Two-Door Car,209.6
RZ89359,California,Female,College,2450.63,61883,62.0,0,Personal Auto,Four-Door Car,18.08
CE21829,Oregon,Male,College,10856.18,37233,136.0,0,Personal Auto,SUV,242.55
BU17847,Arizona,Male,Master,9075.77,37722,116.0,0,Personal Auto,Luxury,158.08
XA63646,California,Female,Master,4654.58,81883,114.0,0,Personal Auto,Four-Door Car,376.0
EA40332,Oregon,Male,Bachelor,15394.87,35822,197.0,0,Personal Auto,SUV,1404.87
KB75939,Oregon,Female,Bachelor,9421.1,23059,126.0,0,Corporate Auto,Luxury,95.85
PR98117,Oregon,Female,Bachelor,2640.52,97666,66.0,0,Personal Auto,Four-Door Car,136.27
ZE62067,Arizona,Male,Master,8509.85,26057,74.0,0,Corporate Auto,Four-Door Car,523.89
AU45793,Arizona,Male,Doctor,3436.13,30817,88.0,0,Corporate Auto,Four-Door Car,91.83
RE29131,Oregon,Female,College,4349.31,75648,108.0,0,Personal Auto,SUV,112.66
FZ19620,Oregon,Male,High School or Below,9672.7,0,96.0,0,Corporate Auto,Four-Door Car,1120.68
HM93220,Arizona,Female,High School or Below,15266.48,25852,135.0,1,Personal Auto,Luxury,648.0
BO94261,Arizona,Male,Doctor,7550.87,0,68.0,1,Personal Auto,Four-Door Car,100.21
TC18805,Washington,Male,Bachelor,9939.26,13207,137.0,2,Personal Auto,SUV,392.92
UQ24268,Oregon,Female,High School or Below,14962.37,0,82.0,0,Personal Auto,Four-Door Car,393.6
NF25863,Nevada,Male,High School or Below,7887.82,32150,98.0,0,Personal Auto,Two-Door Car,470.4
FD98839,Oregon,Male,College,2894.33,52674,73.0,0,Personal Auto,Two-Door Car,166.55
FN99437,California,Male,College,4397.78,91653,111.0,0,Corporate Auto,SUV,343.98
DZ35379,Arizona,Female,High School or Below,5781.02,69512,72.0,0,Personal Auto,Two-Door Car,196.98
IA67715,California,Female,High School or Below,7720.16,67332,192.0,0,Personal Auto,Luxury,921.6
JG61793,Washington,Male,High School or Below,3046.25,0,98.0,2,Personal Auto,Four-Door Car,705.6
CR41258,Nevada,Male,College,2590.32,53304,65.0,0,Personal Auto,Four-Door Car,116.32
BE75190,California,Male,College,10155.3,28754,89.0,0,Corporate Auto,Four-Door Car,427.2
EW16697,Arizona,Female,High School or Below,2552.0,50201,64.0,0,Personal Auto,Two-Door Car,99.89
HI60054,California,Female,Bachelor,9404.45,51593,80.0,2,Personal Auto,Two-Door Car,202.91
MU57098,Oregon,Female,Bachelor,5678.05,0,76.0,0,Personal Auto,Four-Door Car,364.8
WB21698,California,Female,High School or Below,3723.11,31974,92.0,0,Personal Auto,Four-Door Car,388.14
MU75490,Oregon,Male,Bachelor,8417.1,31756,107.0,0,Corporate Auto,SUV,415.85
UA44429,California,Female,College,2520.03,0,68.0,0,Personal Auto,Four-Door Car,326.4
PP64004,Nevada,Female,Bachelor,8186.31,20369,105.0,0,Personal Auto,SUV,1126.66
FI77477,Washington,Male,College,4229.92,0,126.0,0,Personal Auto,SUV,907.2
NT40494,California,Female,High School or Below,5074.25,66933,63.0,0,Personal Auto,Four-Door Car,160.52
YM98727,California,Female,High School or Below,12981.53,39843,109.0,1,Personal Auto,Four-Door Car,523.2
NT77164,Arizona,Male,Doctor,2744.17,16686,71.0,0,Personal Auto,Four-Door Car,125.51
IL91509,Oregon,Female,Bachelor,13226.22,0,190.0,1,Special Auto,Luxury,1398.02
PS47550,California,Female,High School or Below,13178.43,80237,108.0,0,Personal Auto,SUV,776.6
PK66498,California,Male,High School or Below,8793.52,72897,73.0,0,Personal Auto,Two-Door Car,507.71
NG93751,California,Male,Bachelor,3245.33,46435,82.0,0,Corporate Auto,Two-Door Car,350.33
KL84615,Arizona,Male,High School or Below,4624.62,0,68.0,2,Personal Auto,Four-Door Car,469.28
AP27994,Oregon,Female,High School or Below,4372.49,23124,112.0,0,Special Auto,Luxury,537.6
TP20456,Arizona,Male,High School or Below,9090.27,45310,229.0,0,Personal Auto,Luxury,1550.38
OB21477,Oregon,Male,College,10777.57,53437,91.0,0,Personal Auto,Two-Door Car,436.8
LH80781,Washington,Female,College,5007.22,0,73.0,1,Personal Auto,Four-Door Car,655.79
UU70820,Arizona,Female,College,5867.13,27880,74.0,0,Personal Auto,Four-Door Car,199.44
ER66372,California,Female,Bachelor,14914.53,45963,63.0,2,Personal Auto,Four-Door Car,302.4
XD81935,Oregon,Female,Bachelor,5107.16,35625,65.0,1,Personal Auto,Four-Door Car,288.57
AT30076,Nevada,Female,High School or Below,3536.65,31727,92.0,0,Personal Auto,Four-Door Car,495.75
EW34576,Arizona,Female,High School or Below,2839.8,53071,72.0,0,Corporate Auto,Four-Door Car,386.23
XC14741,California,Male,High School or Below,2939.94,97735,73.0,0,Corporate Auto,Four-Door Car,188.67
PG84165,California,Male,High School or Below,2776.63,0,77.0,0,Personal Auto,Four-Door Car,554.4
CN16311,Oregon,Female,Master,5476.53,52218,68.0,0,Corporate Auto,Four-Door Car,33.78
TZ19823,California,Female,Bachelor,3265.16,25820,82.0,0,Personal Auto,Four-Door Car,393.6
NC34154,California,Female,High School or Below,8066.07,17950,71.0,2,Special Auto,Two-Door Car,340.8
LQ50657,Arizona,Female,High School or Below,3644.83,82477,90.0,0,Personal Auto,Two-Door Car,432.0
JL16084,Arizona,Female,College,6611.12,0,95.0,0,Personal Auto,Four-Door Car,564.3
CJ81391,Oregon,Male,College,7582.11,64801,64.0,0,Personal Auto,Four-Door Car,268.47
WQ89892,Washington,Female,College,2607.82,0,70.0,1,Special Auto,Two-Door Car,336.0
JW70372,Arizona,Female,Doctor,7124.2,61233,89.0,2,Personal Auto,Four-Door Car,181.29
AW17574,Nevada,Female,Bachelor,9435.54,0,129.0,0,Corporate Auto,SUV,628.37
GL66847,Arizona,Female,Bachelor,8256.3,62902,69.0,0,Personal Auto,Two-Door Car,159.38
DC62428,Arizona,Male,High School or Below,5091.1,20244,65.0,0,Personal Auto,Four-Door Car,312.0
KR54589,California,Female,High School or Below,5881.81,86812,73.0,0,Personal Auto,Four-Door Car,45.47
BC47264,California,Female,College,7684.89,62192,98.0,0,Special Auto,Two-Door Car,243.29
SN58128,Oregon,Female,College,10396.53,34948,130.0,0,Personal Auto,SUV,443.79
TD97297,Oregon,Male,Bachelor,8545.61,35456,109.0,0,Personal Auto,Luxury,505.08
TK13024,Oregon,Male,College,4408.07,80640,111.0,0,Personal Auto,SUV,313.27
LR97507,Arizona,Male,High School or Below,2562.84,0,74.0,0,Corporate Auto,Four-Door Car,663.42
KC14861,Oregon,Male,High School or Below,14886.71,91193,185.0,1,Personal Auto,Luxury,1.59
DC37886,Arizona,Female,High School or Below,24338.51,73692,67.0,0,Personal Auto,Two-Door Car,24.84
SP56326,Arizona,Female,High School or Below,7453.0,12195,101.0,0,Personal Auto,Four-Door Car,670.58
OQ99704,Washington,Female,Bachelor,3981.78,52801,100.0,0,Personal Auto,SUV,475.2
GQ92754,Nevada,Male,College,16060.07,0,87.0,0,Personal Auto,Four-Door Car,417.6
DX28320,California,Female,High School or Below,5111.36,0,72.0,2,Personal Auto,Four-Door Car,594.68
BM83544,Arizona,Female,Bachelor,7439.98,0,108.0,0,Personal Auto,SUV,518.4
YB96664,Washington,Male,Bachelor,4974.8,75644,65.0,3,Corporate Auto,Two-Door Car,467.8
RO90746,California,Female,High School or Below,17816.68,60192,220.0,0,Personal Auto,Luxury,1056.0
UV46349,Oregon,Female,Bachelor,6238.05,0,90.0,2,Personal Auto,Four-Door Car,134.44
MY32188,Oregon,Male,Bachelor,2682.91,0,74.0,0,Corporate Auto,Two-Door Car,355.2
OV87950,California,Male,College,2837.16,29242,73.0,0,Personal Auto,Two-Door Car,350.4
ZG82132,Oregon,Female,Bachelor,4118.59,69379,103.0,0,Personal Auto,Two-Door Car,494.4
LZ31103,Oregon,Female,College,2472.47,63860,62.0,0,Personal Auto,Four-Door Car,208.6
HO79663,Arizona,Female,Doctor,4139.53,45281,104.0,1,Personal Auto,Luxury,65.03
RS57109,Arizona,Female,Bachelor,4100.47,51193,104.0,2,Personal Auto,Two-Door Car,97.31
NA21420,Oregon,Female,Bachelor,5278.2,62074,67.0,0,Corporate Auto,Four-Door Car,49.44
MY98825,California,Female,Bachelor,8056.9,64304,68.0,0,Corporate Auto,Two-Door Car,65.47
VW73816,Oregon,Male,Bachelor,9185.03,73795,116.0,1,Personal Auto,SUV,501.72
FN66189,Oregon,Female,College,15417.73,84376,96.0,0,Personal Auto,Four-Door Car,43.58
HU75748,Arizona,Female,High School or Below,6829.41,0,66.0,1,Personal Auto,Two-Door Car,470.69
OS11465,Oregon,Male,High School or Below,8500.91,79153,106.0,0,Special Auto,SUV,508.8
UY61913,Oregon,Male,College,8847.44,17950,118.0,0,Personal Auto,SUV,425.49
OD70577,Arizona,Female,College,2840.9,0,80.0,1,Personal Auto,Two-Door Car,962.53
DC91024,Oregon,Male,Bachelor,15984.53,0,69.0,0,Personal Auto,Two-Door Car,331.2
VQ67172,Oregon,Female,College,18542.3,0,72.0,0,Corporate Auto,Four-Door Car,622.99
MF23895,Arizona,Female,College,2609.83,58139,65.0,1,Corporate Auto,Four-Door Car,33.17
AA10041,California,Male,High School or Below,7901.74,0,113.0,0,Personal Auto,SUV,1258.33
DV36320,California,Female,High School or Below,17995.87,80991,223.0,0,Personal Auto,Luxury,937.33
UE72026,California,Female,College,5021.69,69678,126.0,0,Personal Auto,Luxury,306.82
SE78641,Arizona,Male,Bachelor,4654.84,0,67.0,0,Personal Auto,Two-Door Car,577.39
YC69616,Arizona,Female,College,2719.51,14030,72.0,0,Personal Auto,Two-Door Car,345.6
SM10254,Oregon,Female,Bachelor,4726.87,13037,124.0,0,Personal Auto,SUV,839.35
AG45299,California,Male,College,8595.73,76763,108.0,0,Personal Auto,SUV,186.46
KS45476,Washington,Female,High School or Below,15626.28,50461,131.0,0,Personal Auto,Luxury,810.07
No69427,California,Male,High School or Below,2797.67,69604,70.0,0,Corporate Auto,Four-Door Car,112.34
BA52133,California,Male,Master,5344.99,22908,68.0,0,Personal Auto,Four-Door Car,387.77
WT59944,California,Female,College,17557.54,68273,146.0,0,Personal Auto,Luxury,76.48
XV30885,California,Male,College,4595.52,95550,116.0,1,Personal Auto,SUV,381.57
LU79865,Nevada,Male,Bachelor,5794.1,88370,74.0,1,Personal Auto,Four-Door Car,355.2
BL29046,Oregon,Female,Doctor,5332.46,68931,66.0,0,Corporate Auto,Four-Door Car,309.58
AM34581,Oregon,Female,Bachelor,6680.15,24432,87.0,3,Corporate Auto,Two-Door Car,71.11
YN75239,Oregon,Male,College,7910.87,77577,199.0,1,Personal Auto,Luxury,35.77
OJ84485,California,Male,High School or Below,12516.92,12607,110.0,0,Personal Auto,SUV,528.0
JA12995,Oregon,Female,College,2325.26,0,63.0,0,Personal Auto,Four-Door Car,302.4
OD85990,Oregon,Female,Bachelor,3964.15,23474,102.0,0,Corporate Auto,SUV,489.6
NZ57264,California,Male,Bachelor,7486.09,0,113.0,0,Personal Auto,SUV,813.6
OL39995,Oregon,Male,Bachelor,6707.99,0,65.0,0,Personal Auto,Four-Door Car,360.48
LK51620,California,Male,High School or Below,12902.09,98478,106.0,0,Corporate Auto,Four-Door Car,508.8
ZB91993,Arizona,Male,College,5926.73,23091,96.0,5,Personal Auto,Four-Door Car,460.8
SZ60342,Arizona,Male,College,5148.65,51071,65.0,0,Personal Auto,Two-Door Car,312.0
WE80653,Oregon,Female,Bachelor,6827.18,0,103.0,2,Personal Auto,SUV,2.46
EE28119,Arizona,Female,Bachelor,4670.06,69921,118.0,2,Personal Auto,Two-Door Car,373.23
GA49547,Washington,Male,High School or Below,5363.08,36357,68.0,0,Personal Auto,Four-Door Car,17.27
BA92673,Oregon,Female,High School or Below,6961.95,0,63.0,0,Personal Auto,Four-Door Car,40.62
PT70350,Oregon,Male,High School or Below,28511.03,27607,104.0,0,Corporate Auto,Four-Door Car,640.58
KL29678,Oregon,Female,Master,8624.92,43610,106.0,0,Personal Auto,Luxury,508.8
HL84679,Oregon,Female,Bachelor,3382.22,0,91.0,0,Personal Auto,Four-Door Car,436.8
GH94657,California,Male,Bachelor,2319.82,14660,61.0,0,Personal Auto,Four-Door Car,396.61
EZ71780,Arizona,Female,High School or Below,8807.49,26864,78.0,0,Special Auto,Four-Door Car,374.4
BW76745,Oregon,Male,Doctor,2491.32,36631,62.0,0,Personal Auto,Four-Door Car,67.53
TN64240,California,Female,Bachelor,7853.96,42582,99.0,0,Corporate Auto,Four-Door Car,629.34
AE23906,Arizona,Male,College,9816.53,37256,62.0,0,Personal Auto,Four-Door Car,128.97
CX20455,Arizona,Male,College,22103.51,0,102.0,0,Corporate Auto,SUV,489.6
KX18446,Washington,Male,High School or Below,6689.02,56980,84.0,0,Corporate Auto,Two-Door Car,599.0
NR66922,Oregon,Male,Master,11323.36,98254,94.0,3,Corporate Auto,Four-Door Car,229.71
PQ27923,Washington,Male,Master,6333.03,71737,79.0,0,Personal Auto,Two-Door Car,338.8
No81415,Arizona,Male,Bachelor,3139.17,31177,79.0,0,Personal Auto,Four-Door Car,905.7
OI48534,California,Female,High School or Below,2617.18,98338,65.0,0,Personal Auto,Four-Door Car,35.6
FH83537,California,Female,High School or Below,3732.57,0,106.0,0,Personal Auto,Luxury,879.43
VH94792,California,Female,Bachelor,4433.69,0,65.0,0,Special Auto,Four-Door Car,312.0
VD37089,Washington,Male,College,3478.89,29938,90.0,0,Corporate Auto,Four-Door Car,562.43
UW68708,California,Female,Bachelor,5009.6,0,69.0,0,Personal Auto,Four-Door Car,496.8
PV39600,California,Male,Bachelor,8417.0,24285,111.0,0,Personal Auto,Two-Door Car,1257.53
ZD42919,California,Male,Master,4483.84,32983,113.0,0,Personal Auto,SUV,466.82
ZX68434,California,Female,Doctor,5124.98,0,134.0,0,Personal Auto,SUV,643.2
CH81088,Oregon,Female,Bachelor,3721.06,71333,93.0,0,Personal Auto,Four-Door Car,343.76
SV68939,Arizona,Female,Master,9988.79,33157,124.0,0,Personal Auto,SUV,286.0
WI81695,Oregon,Female,College,3342.18,0,91.0,0,Personal Auto,Four-Door Car,436.8
OU50429,California,Male,Bachelor,7524.74,36580,64.0,1,Personal Auto,Four-Door Car,460.8
TE44937,Oregon,Female,High School or Below,13466.92,11432,119.0,0,Personal Auto,SUV,571.2
GC29421,California,Female,High School or Below,2949.28,78596,73.0,0,Personal Auto,Four-Door Car,106.27
RF71693,Arizona,Female,Bachelor,5179.89,35143,65.0,0,Corporate Auto,Four-Door Car,171.18
JZ22920,Arizona,Male,Master,3225.4,29606,81.0,0,Personal Auto,Four-Door Car,438.28
ZL68596,Arizona,Male,Master,8849.69,53228,73.0,0,Special Auto,Four-Door Car,137.2
GV91160,Oregon,Female,High School or Below,2886.45,10312,78.0,0,Personal Auto,Four-Door Car,486.28
PC80039,Oregon,Female,Bachelor,2359.42,19864,63.0,0,Personal Auto,Four-Door Car,352.39
RH72839,Nevada,Female,High School or Below,4669.23,76157,116.0,0,Personal Auto,Two-Door Car,556.8
SV15363,California,Male,High School or Below,6366.23,44368,80.0,0,Personal Auto,Two-Door Car,384.0
CN17219,Oregon,Male,College,25581.61,27961,72.0,0,Personal Auto,Two-Door Car,345.6
ZM84839,California,Female,College,8146.27,92777,68.0,2,Personal Auto,Two-Door Car,158.04
ZO31878,Oregon,Female,Master,5412.46,55992,67.0,0,Personal Auto,Four-Door Car,191.41
BU70181,Arizona,Male,Master,5757.44,88997,72.0,0,Personal Auto,Four-Door Car,174.04
RN20799,Arizona,Female,High School or Below,4755.19,21926,63.0,0,Personal Auto,Four-Door Car,302.4
VF58561,Oregon,Female,Bachelor,4995.21,82413,62.0,0,Personal Auto,Four-Door Car,297.6
HU26687,California,Male,Bachelor,2824.85,48008,73.0,4,Personal Auto,Four-Door Car,137.08
VT84289,California,Female,College,5907.91,87796,74.0,0,Personal Auto,Four-Door Car,355.2
ZG17326,Oregon,Male,Bachelor,4988.58,38928,64.0,0,Personal Auto,Four-Door Car,326.66
ZR84007,Arizona,Male,Bachelor,7405.27,58779,64.0,1,Personal Auto,Four-Door Car,307.2
WM17695,Washington,Female,Doctor,16553.23,98912,135.0,0,Personal Auto,SUV,714.83
YR76491,Oregon,Female,College,15102.23,0,137.0,0,Personal Auto,SUV,32.98
NY93341,Arizona,Female,High School or Below,9118.93,33882,114.0,0,Personal Auto,SUV,272.84
BC87161,Oregon,Male,Bachelor,2759.98,92296,69.0,0,Personal Auto,Two-Door Car,331.2
PW23851,Oregon,Female,Bachelor,15251.58,63287,127.0,0,Personal Auto,SUV,617.2
UM73815,Arizona,Female,High School or Below,14517.44,74871,178.0,0,Personal Auto,SUV,854.4
HW19506,Arizona,Female,High School or Below,5597.12,37995,139.0,0,Personal Auto,SUV,667.2
JF90784,California,Female,High School or Below,19323.24,0,139.0,1,Personal Auto,SUV,1389.14
OW15518,Washington,Female,College,15950.02,0,87.0,1,Personal Auto,Two-Door Car,46.04
BR28896,Nevada,Male,High School or Below,3176.36,64706,81.0,0,Personal Auto,Two-Door Car,372.91
PD32943,Oregon,Male,Bachelor,4526.13,0,64.0,1,Personal Auto,Four-Door Car,307.2
GM83516,Arizona,Male,College,2573.72,29500,67.0,0,Corporate Auto,Four-Door Car,321.6
BK15048,Arizona,Male,College,6656.71,0,69.0,1,Personal Auto,Four-Door Car,496.8
RA27021,Nevada,Female,Bachelor,27564.74,26410,91.0,0,Corporate Auto,Four-Door Car,184.52
JW15941,California,Male,Master,3842.79,97832,95.0,0,Personal Auto,Two-Door Car,107.66
GP20408,Oregon,Female,College,3808.12,94903,94.0,0,Personal Auto,Two-Door Car,451.2
AM57175,Oregon,Female,High School or Below,15000.84,62473,76.0,1,Personal Auto,Four-Door Car,507.56
RI40862,Nevada,Male,College,5573.11,85704,69.0,0,Personal Auto,Four-Door Car,325.4
EY86980,Oregon,Male,Bachelor,6222.21,74270,78.0,0,Corporate Auto,Two-Door Car,122.49
FG24850,Oregon,Female,Master,5096.67,22886,65.0,0,Personal Auto,Four-Door Car,312.0
JB39997,California,Female,College,6183.19,36464,78.0,0,Personal Auto,Four-Door Car,93.52
CG43444,California,Female,Bachelor,9388.98,33599,80.0,0,Personal Auto,Four-Door Car,111.27
ZG69918,Oregon,Male,College,8168.71,20819,73.0,1,Special Auto,Four-Door Car,206.86
GM70734,California,Female,College,13561.2,29095,91.0,1,Corporate Auto,Two-Door Car,280.8
PM14429,California,Male,College,6699.28,30852,88.0,0,Personal Auto,Four-Door Car,318.87
FD55376,California,Male,High School or Below,20230.97,48448,74.0,1,Corporate Auto,Four-Door Car,355.2
PS25185,Washington,Female,Bachelor,4097.37,20079,110.0,0,Corporate Auto,Two-Door Car,528.0
YE70791,California,Male,High School or Below,5169.5,12430,73.0,0,Personal Auto,Four-Door Car,350.4
UN52560,Arizona,Male,Bachelor,6278.76,47669,80.0,0,Personal Auto,Four-Door Car,384.0
SS95187,Arizona,Male,Bachelor,3343.93,40794,87.0,0,Personal Auto,Four-Door Car,334.45
OU62959,California,Male,Bachelor,15531.79,95340,198.0,2,Personal Auto,Luxury,808.84
ZV36800,Oregon,Male,Bachelor,4236.84,14476,113.0,0,Corporate Auto,Luxury,542.4
XF83901,Arizona,Female,College,3692.58,0,105.0,0,Personal Auto,Four-Door Car,756.0
RE12758,California,Male,High School or Below,6782.56,26116,85.0,0,Personal Auto,Four-Door Car,612.0
CH97666,California,Male,Bachelor,3683.47,12454,100.0,0,Personal Auto,Luxury,720.0
NU25698,Oregon,Female,High School or Below,13995.69,48245,121.0,3,Personal Auto,SUV,580.8
ZV80216,Oregon,Male,High School or Below,5619.69,0,153.0,0,Personal Auto,SUV,1027.0
PB47955,Oregon,Female,Bachelor,8331.65,0,119.0,0,Personal Auto,SUV,856.8
BD36887,Nevada,Female,College,4171.19,37478,105.0,0,Personal Auto,Luxury,653.69
JG65202,Oregon,Male,High School or Below,7873.57,0,74.0,0,Personal Auto,Two-Door Car,568.8
YV76240,Oregon,Female,College,10677.25,45732,134.0,0,Corporate Auto,SUV,611.92
LN28900,California,Male,Bachelor,14687.08,0,85.0,0,Personal Auto,Four-Door Car,612.0
IN77241,Washington,Male,Bachelor,5394.7,65978,67.0,0,Corporate Auto,Two-Door Car,251.8
DI42246,Arizona,Male,College,2230.76,0,62.0,0,Personal Auto,Four-Door Car,325.89
SE86346,Nevada,Female,College,7771.02,58467,65.0,0,Corporate Auto,Four-Door Car,452.92
FK46365,Washington,Female,College,4103.85,82427,102.0,0,Personal Auto,SUV,489.6
XW93623,Nevada,Male,Bachelor,7221.15,33811,184.0,0,Personal Auto,Luxury,587.38
FJ62579,Oregon,Male,High School or Below,12285.05,0,183.0,2,Personal Auto,Luxury,878.4
ZZ22193,California,Female,Master,5704.68,37675,71.0,0,Personal Auto,Four-Door Car,380.92
ZY77695,Arizona,Male,Bachelor,2433.91,0,72.0,0,Personal Auto,Two-Door Car,345.6
ZJ65064,California,Female,College,4921.75,0,70.0,0,Personal Auto,Four-Door Car,336.0
FA59186,California,Male,High School or Below,4660.01,0,67.0,0,Personal Auto,Two-Door Car,482.4
XS74336,Washington,Female,High School or Below,2541.52,0,71.0,0,Personal Auto,Four-Door Car,511.2
RT80802,Nevada,Male,College,11658.6,19851,102.0,0,Personal Auto,Luxury,220.04
KN65809,Washington,Female,High School or Below,11131.57,0,99.0,0,Personal Auto,Four-Door Car,475.2
QF17381,Arizona,Female,Bachelor,4733.51,0,62.0,0,Corporate Auto,Four-Door Car,740.84
JF16897,Oregon,Female,High School or Below,8776.36,28360,73.0,0,Personal Auto,Four-Door Car,863.91
PB90912,California,Male,High School or Below,7804.02,70833,193.0,0,Personal Auto,Luxury,926.4
CH50339,Arizona,Female,Master,2522.26,0,69.0,1,Corporate Auto,Four-Door Car,470.28
GU41198,California,Female,Bachelor,9536.34,62421,80.0,2,Corporate Auto,Four-Door Car,384.0
CT96082,Oregon,Female,Bachelor,4711.08,13933,62.0,0,Corporate Auto,Two-Door Car,49.36
KP26590,Nevada,Female,Bachelor,3801.28,40513,96.0,1,Personal Auto,Four-Door Car,151.59
ZQ51896,Oregon,Male,College,21159.3,0,108.0,0,Special Auto,SUV,777.6
BI34286,Oregon,Male,Master,6515.03,47259,81.0,0,Corporate Auto,Four-Door Car,388.8
XJ97760,California,Male,Master,4739.86,35039,61.0,0,Personal Auto,Four-Door Car,254.31
CO71128,California,Female,College,21240.94,0,190.0,0,Personal Auto,Luxury,1368.0
SJ88799,Washington,Male,High School or Below,3980.84,92539,101.0,0,Personal Auto,Four-Door Car,707.41
RC74014,Oregon,Female,College,4990.34,0,71.0,0,Special Auto,Two-Door Car,849.67
CP66511,Oregon,Male,High School or Below,2562.6,92038,65.0,2,Personal Auto,Two-Door Car,178.41
JG13893,Nevada,Male,Bachelor,7355.35,51789,61.0,0,Corporate Auto,Two-Door Car,435.84
ER49844,Arizona,Male,College,5041.45,61972,64.0,2,Personal Auto,Four-Door Car,138.96
AU91447,Oregon,Male,Doctor,12731.95,40870,105.0,0,Special Auto,SUV,504.0
SK58227,California,Female,High School or Below,8879.79,52583,113.0,0,Personal Auto,SUV,528.2
HG23705,Arizona,Female,Bachelor,2872.67,79681,73.0,1,Personal Auto,Four-Door Car,9.16
MV93555,Oregon,Female,High School or Below,11058.22,69792,137.0,0,Personal Auto,SUV,696.76
VQ20924,Arizona,Female,High School or Below,7138.17,19794,93.0,0,Corporate Auto,Two-Door Car,603.08
AR59416,Oregon,Male,High School or Below,29037.48,0,113.0,0,Personal Auto,SUV,542.4
DF65548,California,Female,Master,8613.46,26680,106.0,0,Personal Auto,Two-Door Car,508.8
PA28328,California,Female,College,3861.49,93272,95.0,0,Corporate Auto,Four-Door Car,281.11
WY31530,Oregon,Male,Doctor,2482.92,0,68.0,0,Personal Auto,Two-Door Car,87.27
LV89056,California,Female,Bachelor,3133.02,0,91.0,1,Personal Auto,Four-Door Car,655.2
KC49055,Oregon,Male,Bachelor,7123.08,21835,92.0,0,Personal Auto,Two-Door Car,621.62
RA62150,Arizona,Female,College,28435.64,0,116.0,0,Personal Auto,SUV,899.64
OY70124,Washington,Female,Bachelor,12741.85,73054,106.0,1,Personal Auto,SUV,419.37
OT94107,Oregon,Female,Bachelor,3176.87,35551,81.0,1,Personal Auto,Four-Door Car,565.11
CF27806,California,Female,Bachelor,5470.06,54507,138.0,0,Personal Auto,SUV,702.99
EK50729,Oregon,Male,Bachelor,4582.65,0,67.0,0,Personal Auto,Four-Door Car,321.6
TF53472,Oregon,Female,Bachelor,5350.21,41336,68.0,0,Personal Auto,Four-Door Car,263.09
PG50529,California,Female,High School or Below,5580.92,31972,70.0,0,Personal Auto,Four-Door Car,416.26
QT46509,Oregon,Male,College,7048.54,20416,93.0,0,Personal Auto,Four-Door Car,446.4
LI72489,Nevada,Male,Bachelor,15306.22,46338,193.0,0,Corporate Auto,SUV,19.46
MF74413,Oregon,Male,High School or Below,9657.58,0,131.0,0,Personal Auto,SUV,628.8
SI58884,California,Male,College,3985.32,17220,105.0,0,Personal Auto,SUV,504.0
KG53604,Oregon,Male,College,9816.53,37256,62.0,0,Personal Auto,Four-Door Car,128.97
XB97091,Arizona,Female,High School or Below,37243.63,53602,115.0,0,Personal Auto,Luxury,295.34
JS12902,Oregon,Female,High School or Below,4122.96,24732,107.0,0,Corporate Auto,Luxury,72.77
LL14393,Oregon,Male,High School or Below,2556.61,23867,65.0,0,Personal Auto,Four-Door Car,312.0
UJ71101,California,Male,High School or Below,17253.73,0,124.0,0,Personal Auto,Luxury,928.82
ZY95807,California,Male,Bachelor,36181.03,0,180.0,0,Corporate Auto,Luxury,864.0
GA72966,Oregon,Female,Bachelor,8427.17,46503,215.0,1,Personal Auto,Luxury,1032.0
WS36101,Oregon,Male,High School or Below,2348.03,0,63.0,0,Personal Auto,Four-Door Car,453.6
GY88677,Oregon,Female,Bachelor,23675.03,46268,199.0,1,Personal Auto,Luxury,842.0
XT45580,Oregon,Female,College,4089.46,60759,104.0,0,Corporate Auto,SUV,499.2
RY23571,California,Female,Bachelor,2483.67,75615,65.0,5,Personal Auto,Four-Door Car,156.55
NB82190,Oregon,Male,College,5278.18,73742,68.0,0,Personal Auto,Two-Door Car,27.21
XG14438,Arizona,Male,College,13727.8,0,126.0,0,Personal Auto,SUV,604.8
TQ84956,California,Male,High School or Below,10963.96,55687,276.0,0,Corporate Auto,Luxury,1324.8
FV58292,Oregon,Male,Bachelor,5555.83,74015,72.0,0,Personal Auto,Four-Door Car,471.44
EF52334,Washington,Male,Bachelor,3261.02,0,93.0,0,Personal Auto,Four-Door Car,669.6
ZV17267,Oregon,Female,Bachelor,11029.93,37056,92.0,0,Personal Auto,Four-Door Car,441.6
RH71877,Arizona,Female,College,4770.55,12964,65.0,0,Personal Auto,Two-Door Car,362.77
GS23406,California,Female,High School or Below,2734.33,30916,70.0,0,Personal Auto,Four-Door Car,21.14
VZ66567,California,Male,Bachelor,3748.14,0,106.0,0,Personal Auto,SUV,508.8
VP57785,Oregon,Female,College,4770.55,12964,65.0,0,Personal Auto,Two-Door Car,362.77
NS51605,Oregon,Male,Master,8509.85,26057,74.0,0,Personal Auto,Four-Door Car,523.89
QV48556,Arizona,Female,Master,5421.05,29981,71.0,0,Corporate Auto,Two-Door Car,340.8
PR10005,Oregon,Male,Bachelor,2916.42,85210,74.0,0,Personal Auto,Four-Door Car,100.52
IF80474,Washington,Male,College,13363.52,86653,111.0,0,Personal Auto,Four-Door Car,277.2
NE73773,Oregon,Male,High School or Below,3974.86,0,113.0,0,Personal Auto,SUV,542.4
WM72573,California,Male,College,14710.43,22872,131.0,2,Personal Auto,SUV,754.85
NX71501,California,Female,Doctor,5936.34,42889,74.0,0,Personal Auto,Four-Door Car,177.32
LR79755,California,Male,College,2862.18,74034,72.0,0,Personal Auto,Four-Door Car,267.42
KC26486,Arizona,Female,Bachelor,8427.17,46503,215.0,1,Personal Auto,Luxury,1032.0
DY22077,Arizona,Male,Bachelor,8622.84,97361,73.0,0,Corporate Auto,Four-Door Car,350.4
UV54104,Oregon,Male,Bachelor,2300.69,25905,63.0,0,Personal Auto,Four-Door Car,302.4
SG66076,Arizona,Male,Bachelor,10056.51,16097,139.0,0,Personal Auto,Luxury,1000.8
GW52309,Nevada,Female,High School or Below,9118.15,56446,114.0,0,Personal Auto,SUV,547.2
DC46965,Nevada,Male,Master,5507.24,11343,72.0,0,Personal Auto,Four-Door Car,154.75
JK57654,California,Male,Doctor,10972.07,24164,137.0,0,Personal Auto,Luxury,657.6
QO62792,Oregon,Male,College,7840.17,58414,210.0,2,Personal Auto,Luxury,1008.0
XI56955,Washington,Female,Bachelor,5504.14,0,73.0,0,Personal Auto,Four-Door Car,350.4
NR99710,Arizona,Female,High School or Below,4792.81,24395,62.0,0,Personal Auto,Two-Door Car,357.11
QH90382,Oregon,Female,Master,4187.78,52471,103.0,0,Personal Auto,Two-Door Car,163.96
SI30451,Arizona,Female,College,2718.38,30009,68.0,0,Personal Auto,Four-Door Car,317.43
UM39817,Oregon,Female,Bachelor,8257.67,23815,73.0,0,Personal Auto,Four-Door Car,424.33
YG98004,Oregon,Female,Master,12663.6,27739,104.0,0,Corporate Auto,Four-Door Car,3.2
KF80172,Nevada,Male,College,2647.52,37876,69.0,0,Personal Auto,Four-Door Car,300.06
LD95617,California,Male,Bachelor,4830.91,0,72.0,0,Corporate Auto,Four-Door Car,345.6
YJ24476,Nevada,Female,Bachelor,4558.43,14665,61.0,0,Personal Auto,Four-Door Car,292.8
LM67096,Oregon,Female,Bachelor,2127.92,0,61.0,1,Corporate Auto,Four-Door Car,31.48
FB21121,California,Female,Bachelor,2546.87,86595,63.0,0,Corporate Auto,Two-Door Car,445.62
LW91009,Washington,Male,College,4992.92,24368,68.0,1,Personal Auto,Four-Door Car,326.4
RD28560,Washington,Female,Bachelor,12741.85,73054,106.0,1,Corporate Auto,SUV,419.37
DD22139,Washington,Female,College,7863.03,0,72.0,0,Corporate Auto,Two-Door Car,732.35
LN50415,Oregon,Male,Bachelor,5131.36,50994,128.0,0,Corporate Auto,SUV,346.39
OP62891,Oregon,Female,High School or Below,2275.4,0,64.0,0,Personal Auto,Two-Door Car,460.8
JT47995,Arizona,Female,College,60556.19,0,204.0,0,Personal Auto,Luxury,979.2
AG39150,Oregon,Male,Bachelor,2356.07,0,63.0,0,Personal Auto,Four-Door Car,302.4
QJ65440,California,Female,Bachelor,28824.06,0,87.0,1,Corporate Auto,Four-Door Car,626.4
IJ40048,California,Male,Bachelor,4978.95,28695,64.0,0,Corporate Auto,Four-Door Car,221.24
PX86841,Arizona,Female,College,6521.37,72608,82.0,3,Special Auto,Four-Door Car,393.6
ES87355,Oregon,Female,Bachelor,7564.61,48381,63.0,0,Personal Auto,Two-Door Car,302.4
EZ85603,Arizona,Female,College,11631.88,0,152.0,0,Personal Auto,SUV,1082.81
YJ96611,Arizona,Female,High School or Below,7180.28,0,104.0,0,Special Auto,Luxury,1210.25
UB18338,Oregon,Male,Bachelor,12168.74,14973,115.0,0,Personal Auto,SUV,828.0
TF67147,Oregon,Female,Bachelor,2248.45,24910,63.0,1,Personal Auto,Four-Door Car,347.86
FY83287,Washington,Male,Doctor,2530.33,50577,63.0,0,Personal Auto,Two-Door Car,12.44
JO11457,Oregon,Male,High School or Below,4653.09,0,70.0,1,Personal Auto,Two-Door Car,585.48
BS94221,Arizona,Female,College,2354.32,26184,62.0,0,Special Auto,Two-Door Car,297.6
CB64729,Nevada,Male,Bachelor,8417.16,20215,112.0,0,Personal Auto,Four-Door Car,537.6
XB32430,California,Male,Bachelor,5717.74,68342,72.0,0,Personal Auto,Four-Door Car,148.74
LN43251,Oregon,Male,High School or Below,4623.54,0,133.0,0,Personal Auto,SUV,957.6
BX20227,Oregon,Female,College,6521.37,72608,82.0,3,Personal Auto,Four-Door Car,393.6
PC12390,Nevada,Male,Master,5507.16,74960,69.0,1,Corporate Auto,Four-Door Car,107.99
XQ44462,Oregon,Male,College,2674.73,56342,69.0,0,Corporate Auto,Four-Door Car,331.2
GF59560,Oregon,Female,College,5817.83,86824,72.0,0,Personal Auto,Four-Door Car,189.1
FE67098,Nevada,Male,College,4646.39,37530,117.0,0,Personal Auto,SUV,561.6
LO98108,Oregon,Male,Bachelor,2226.59,0,62.0,0,Personal Auto,Two-Door Car,297.6
SP94430,California,Female,Bachelor,7651.1,53330,65.0,0,Personal Auto,Four-Door Car,224.09
SH44158,Oregon,Male,Bachelor,2305.06,0,63.0,0,Special Auto,Four-Door Car,327.69
WY41435,Nevada,Female,College,11960.48,52436,76.0,0,Personal Auto,Four-Door Car,109.48
MR77933,Arizona,Female,Bachelor,11315.2,11885,101.0,0,Personal Auto,Four-Door Car,484.8
WJ38827,Oregon,Male,High School or Below,7212.52,0,97.0,0,Corporate Auto,Two-Door Car,498.78
TM33419,Washington,Female,College,5255.58,44536,137.0,1,Personal Auto,SUV,46.95
QF91596,Nevada,Female,Bachelor,4794.96,82763,61.0,0,Personal Auto,Four-Door Car,245.16
DB16336,Nevada,Female,College,2659.71,0,87.0,3,Corporate Auto,Four-Door Car,420.04
BX35013,Arizona,Female,Master,27643.24,63401,113.0,0,Personal Auto,SUV,52.34
JB20891,Arizona,Female,High School or Below,10083.49,11828,90.0,0,Personal Auto,Four-Door Car,571.48
WE68750,Oregon,Male,Bachelor,5687.9,99747,72.0,0,Corporate Auto,Two-Door Car,61.54
RN65450,California,Male,College,3059.43,0,88.0,0,Personal Auto,Four-Door Car,633.6
BW79345,Nevada,Female,High School or Below,4945.07,78796,61.0,0,Personal Auto,Two-Door Car,292.8
OZ64384,Oregon,Female,Bachelor,8609.16,79090,107.0,0,Personal Auto,SUV,289.04
KV99077,Nevada,Male,College,5157.05,43906,65.0,0,Personal Auto,Two-Door Car,468.0
NY24020,Arizona,Male,High School or Below,3748.99,82189,94.0,0,Personal Auto,Two-Door Car,354.08
CJ81799,Oregon,Female,College,7462.93,70263,93.0,0,Personal Auto,Two-Door Car,7.35
QI69873,Washington,Male,Master,15063.5,19132,207.0,0,Personal Auto,Luxury,1008.57
VC70716,Arizona,Male,High School or Below,9657.58,0,131.0,0,Corporate Auto,SUV,628.8
ZB88708,Nevada,Male,Master,2799.47,78127,69.0,0,Personal Auto,Four-Door Car,136.17
XG64081,Arizona,Male,Bachelor,2759.98,92296,69.0,0,Personal Auto,Two-Door Car,331.2
ZZ35218,Oregon,Male,Doctor,5392.5,0,74.0,0,Corporate Auto,Two-Door Car,317.11
KA95976,California,Female,High School or Below,5392.5,80550,68.0,3,Personal Auto,Four-Door Car,265.52
TF23305,Arizona,Female,College,3574.99,51950,89.0,0,Personal Auto,Two-Door Car,429.17
TU72516,Oregon,Female,College,5608.17,20392,73.0,0,Personal Auto,Four-Door Car,350.4
DM16101,Washington,Female,College,4754.65,30886,61.0,0,Special Auto,Four-Door Car,8.32
UF93725,Oregon,Male,Bachelor,2239.65,0,66.0,0,Personal Auto,Four-Door Car,475.2
IH62666,California,Female,Bachelor,7356.38,33089,61.0,0,Personal Auto,Four-Door Car,292.8
FG23952,Oregon,Male,College,13283.86,0,132.0,0,Personal Auto,SUV,950.4
NH85248,Arizona,Male,College,6893.17,0,68.0,0,Corporate Auto,Two-Door Car,326.4
XO75323,California,Male,College,3966.13,72439,100.0,1,Personal Auto,SUV,480.0
FX78901,Oregon,Female,Bachelor,16548.86,81639,82.0,0,Special Auto,Four-Door Car,47.95
KG40352,Oregon,Female,College,5447.2,68815,68.0,0,Personal Auto,Four-Door Car,114.74
GX27974,California,Female,College,4644.9,0,63.0,0,Personal Auto,Four-Door Car,94.96
ST31207,California,Female,Bachelor,5318.9,25134,67.0,0,Personal Auto,Four-Door Car,321.6
VC64410,Arizona,Female,High School or Below,2491.26,25965,65.0,0,Personal Auto,Four-Door Car,329.21
YO49328,Arizona,Male,High School or Below,12296.5,55193,105.0,1,Personal Auto,SUV,504.0
KP10993,California,Female,College,6273.91,18577,86.0,0,Personal Auto,Four-Door Car,412.8
FR15853,Nevada,Male,High School or Below,6366.23,44368,80.0,0,Corporate Auto,Two-Door Car,384.0
BR13613,Oregon,Male,College,6005.85,13528,86.0,0,Personal Auto,Four-Door Car,412.8
MM27192,Oregon,Female,Master,11981.98,21514,62.0,0,Personal Auto,Two-Door Car,257.25
HI36042,California,Male,High School or Below,11885.97,0,105.0,0,Personal Auto,SUV,756.0
GT89774,Arizona,Female,Bachelor,17109.39,87139,213.0,0,Personal Auto,Luxury,363.87
SB83749,California,Male,High School or Below,4717.63,20355,61.0,1,Personal Auto,Four-Door Car,439.2
WE77831,California,Male,Bachelor,4778.68,0,73.0,2,Personal Auto,Four-Door Car,350.4
HM21382,Washington,Male,Bachelor,2402.33,46210,61.0,3,Personal Auto,Two-Door Car,439.2
ML10022,Nevada,Female,College,13197.93,0,68.0,3,Personal Auto,Four-Door Car,326.4
QJ65472,California,Male,High School or Below,29232.69,28613,114.0,0,Personal Auto,Four-Door Car,820.8
TZ71391,Oregon,Male,Master,8509.85,26057,74.0,0,Personal Auto,Four-Door Car,523.89
AS62048,Arizona,Male,Bachelor,4774.38,0,73.0,0,Personal Auto,Four-Door Car,525.6
PL14941,Nevada,Female,High School or Below,9113.69,76700,112.0,0,Personal Auto,Four-Door Car,322.05
LK87874,Nevada,Female,Bachelor,7663.87,0,109.0,0,Personal Auto,SUV,523.2
NK53938,Oregon,Male,Master,2599.97,45181,65.0,0,Personal Auto,Four-Door Car,312.0
VF96109,Oregon,Male,High School or Below,8819.02,99845,110.0,1,Personal Auto,SUV,528.0
IV32877,Oregon,Male,Bachelor,6857.52,0,101.0,0,Personal Auto,SUV,1021.72
EE96187,Oregon,Female,High School or Below,7109.34,92423,88.0,0,Personal Auto,Four-Door Car,404.24
FJ31683,Washington,Female,Doctor,2842.82,43793,71.0,0,Personal Auto,Four-Door Car,16.15
ON90223,Washington,Male,College,12846.45,93210,107.0,2,Personal Auto,SUV,513.6
SC70396,Oregon,Male,Bachelor,3498.77,58484,88.0,1,Personal Auto,Two-Door Car,43.54
WF44706,Oregon,Male,High School or Below,6005.21,26876,76.0,0,Personal Auto,Four-Door Car,364.8
CF15252,Arizona,Female,Bachelor,4344.52,48054,109.0,0,Personal Auto,SUV,523.2
DG51590,Arizona,Female,Bachelor,25401.52,36800,91.0,0,Personal Auto,Two-Door Car,236.64
LE12782,Arizona,Male,College,4466.98,28663,61.0,4,Personal Auto,Four-Door Car,292.8
LD98568,California,Female,College,7849.13,54431,97.0,0,Personal Auto,Four-Door Car,284.5
WX92363,Washington,Female,Bachelor,4250.78,27608,108.0,0,Personal Auto,SUV,308.95
KX57885,California,Male,Bachelor,6073.24,22103,89.0,1,Personal Auto,Four-Door Car,427.2
XI30683,Arizona,Male,College,6729.87,0,103.0,0,Personal Auto,SUV,741.6
TM13510,Arizona,Male,Doctor,2588.86,46168,65.0,0,Personal Auto,Four-Door Car,312.0
LU95652,Oregon,Male,College,7305.94,83221,91.0,0,Personal Auto,Four-Door Car,14.39
OD45969,California,Male,Bachelor,8531.4,98677,105.0,0,Personal Auto,Four-Door Car,108.03
MU96709,California,Female,High School or Below,8618.3,46379,72.0,0,Corporate Auto,Four-Door Car,345.6
KX55910,Oregon,Female,College,4957.03,62803,62.0,0,Personal Auto,Two-Door Car,400.96
KE10223,California,Male,Bachelor,12255.12,0,177.0,0,Personal Auto,SUV,1274.4
QS29824,Nevada,Male,College,9624.94,0,134.0,0,Personal Auto,SUV,964.8
OF12725,California,Female,Bachelor,7080.13,28139,97.0,2,Personal Auto,Four-Door Car,465.6
WE52840,Arizona,Female,College,7053.3,52982,89.0,0,Corporate Auto,Four-Door Car,31.36
OJ65117,Oregon,Female,Bachelor,5365.54,77095,68.0,1,Personal Auto,Four-Door Car,461.84
FC52000,Oregon,Female,College,4306.56,26322,111.0,2,Corporate Auto,SUV,180.35
IN57582,California,Female,College,5970.82,25125,81.0,1,Corporate Auto,Four-Door Car,583.2
UY13430,Oregon,Female,High School or Below,8879.79,52583,113.0,0,Special Auto,SUV,528.2
PD66941,Arizona,Male,Bachelor,4458.11,17622,65.0,1,Personal Auto,Four-Door Car,312.0
IB36843,California,Male,Master,5565.89,90607,70.0,0,Personal Auto,Four-Door Car,311.51
VE51810,Arizona,Male,Bachelor,5813.24,42795,73.0,0,Personal Auto,Four-Door Car,350.4
RX50446,Arizona,Female,High School or Below,8365.96,27042,110.0,0,Personal Auto,Four-Door Car,1263.33
TK22471,Oregon,Male,College,7275.92,27984,62.0,1,Personal Auto,Four-Door Car,445.36
YR85283,Nevada,Female,High School or Below,15083.78,26021,126.0,0,Personal Auto,SUV,331.85
WH83589,Arizona,Female,High School or Below,8458.91,25448,71.0,0,Personal Auto,Four-Door Car,345.02
NM40177,California,Male,Bachelor,8010.97,52009,68.0,0,Personal Auto,Four-Door Car,250.42
UV44069,Oregon,Female,High School or Below,2514.43,23504,69.0,0,Corporate Auto,Two-Door Car,374.4
CO25601,Washington,Male,High School or Below,4112.63,0,71.0,3,Personal Auto,Four-Door Car,569.76
IS58493,Oregon,Male,Master,4369.7,40774,110.0,1,Personal Auto,Luxury,394.97
YF54705,Nevada,Male,College,7356.01,36812,92.0,1,Personal Auto,Two-Door Car,392.7
ES66762,Oregon,Female,Bachelor,10656.88,72540,88.0,0,Personal Auto,Two-Door Car,631.74
CX85598,Arizona,Male,Bachelor,5365.98,51240,70.0,2,Personal Auto,Four-Door Car,283.85
QF74806,California,Male,College,6047.03,20396,76.0,1,Personal Auto,Four-Door Car,364.8
LO17461,Arizona,Female,High School or Below,2885.74,35654,72.0,0,Personal Auto,Two-Door Car,515.12
KW95891,Oregon,Female,High School or Below,2635.15,93884,65.0,0,Personal Auto,Four-Door Car,312.0
YR45605,Oregon,Female,Bachelor,2413.89,0,68.0,0,Personal Auto,Four-Door Car,379.21
OW83209,Nevada,Male,Bachelor,8341.93,30344,107.0,0,Personal Auto,SUV,342.83
AT86990,Arizona,Female,Bachelor,2487.26,28738,62.0,0,Personal Auto,Two-Door Car,81.61
CW80905,Nevada,Male,High School or Below,9212.61,70958,115.0,0,Personal Auto,Luxury,115.4
TK65222,California,Male,Bachelor,16407.66,22103,109.0,0,Personal Auto,Four-Door Car,160.34
FQ89652,Oregon,Female,College,7017.15,0,103.0,0,Special Auto,SUV,741.6
PH70685,California,Female,Bachelor,5481.5,70795,68.0,0,Corporate Auto,Four-Door Car,177.95
AP34711,Arizona,Female,Master,10382.38,32821,129.0,0,Personal Auto,SUV,25.9
AZ31562,Arizona,Male,College,5498.94,22520,73.0,0,Personal Auto,Four-Door Car,350.4
VU87728,Nevada,Male,High School or Below,4846.32,0,72.0,0,Personal Auto,Four-Door Car,518.4
XX34879,Oregon,Male,College,14718.12,56263,93.0,0,Corporate Auto,Four-Door Car,446.4
GG91020,Nevada,Male,Bachelor,9656.76,0,72.0,0,Personal Auto,Four-Door Car,345.6
RO58812,California,Male,College,4466.1,0,64.0,0,Personal Auto,Four-Door Car,307.2
GU29647,Oregon,Male,Bachelor,21423.64,0,65.0,0,Personal Auto,Two-Door Car,312.0
QF66202,Nevada,Male,College,2531.74,31993,66.0,1,Personal Auto,Four-Door Car,39.63
GB44176,Arizona,Male,College,8378.36,40994,106.0,0,Personal Auto,Four-Door Car,60.23
RH70194,Nevada,Male,Bachelor,5093.01,29638,64.0,0,Personal Auto,Four-Door Car,307.2
TL40288,Oregon,Female,College,13352.56,0,119.0,0,Personal Auto,Four-Door Car,729.6
VZ70667,Oregon,Female,College,14206.98,26056,73.0,0,Personal Auto,Four-Door Car,355.56
GK21260,Oregon,Female,Doctor,10232.85,22821,131.0,0,Personal Auto,SUV,740.06
GS92994,Washington,Female,College,15435.69,84581,96.0,0,Personal Auto,Four-Door Car,4.33
KI91500,California,Female,High School or Below,8641.05,22193,74.0,0,Personal Auto,Two-Door Car,415.54
TL51969,Washington,Male,Bachelor,7334.92,30969,63.0,1,Personal Auto,Two-Door Car,358.23
NR16284,California,Female,College,7462.93,70263,93.0,0,Personal Auto,Two-Door Car,7.35
MA68039,California,Male,High School or Below,3635.03,35056,96.0,3,Personal Auto,Two-Door Car,460.8
ZI51939,Oregon,Male,College,5525.84,73435,69.0,0,Corporate Auto,Two-Door Car,331.2
NX93393,Oregon,Male,High School or Below,4335.35,86096,108.0,0,Corporate Auto,Two-Door Car,518.4
SE30128,California,Male,High School or Below,4832.12,0,139.0,0,Personal Auto,SUV,1000.8
VT78222,Oregon,Male,Master,9267.92,55808,116.0,0,Personal Auto,SUV,551.41
AH17051,California,Male,Bachelor,14700.5,29695,94.0,0,Personal Auto,Four-Door Car,554.14
NC76877,California,Female,Bachelor,4905.13,88043,61.0,0,Corporate Auto,Four-Door Car,188.72
JD71348,California,Male,College,7289.3,60875,92.0,0,Personal Auto,Four-Door Car,410.85
DR88293,Arizona,Male,Bachelor,8478.82,0,77.0,0,Personal Auto,Four-Door Car,12.6
ZB23962,Oregon,Male,High School or Below,7952.84,0,118.0,0,Personal Auto,SUV,849.6
JO90877,Washington,Female,Bachelor,2870.0,70974,71.0,0,Personal Auto,Four-Door Car,340.8
IR45546,Oregon,Female,Bachelor,10529.85,37518,131.0,0,Special Auto,Luxury,472.85
LO99872,Oregon,Male,College,5497.66,28128,70.0,0,Personal Auto,Two-Door Car,336.0
CW16221,Oregon,Female,Bachelor,7090.47,45254,93.0,3,Corporate Auto,Four-Door Car,446.4
UU92753,Oregon,Female,Doctor,26416.25,85537,108.0,0,Personal Auto,SUV,285.28
WH63678,Oregon,Male,Master,2727.68,74608,68.0,1,Corporate Auto,Four-Door Car,407.68
TE31876,California,Female,High School or Below,11814.53,41004,102.0,3,Personal Auto,Luxury,489.6
MU59158,Arizona,Female,Master,4090.75,38884,102.0,0,Personal Auto,Two-Door Car,423.82
LV57595,California,Female,Master,5181.62,97131,64.0,0,Corporate Auto,Four-Door Car,307.2
GY99495,Oregon,Male,Master,6172.39,0,84.0,0,Corporate Auto,Four-Door Car,403.2
FN67085,California,Male,College,2487.36,22331,64.0,0,Corporate Auto,Four-Door Car,61.21
US82470,Arizona,Male,Bachelor,13094.2,37541,109.0,0,Corporate Auto,SUV,96.21
UN53508,Oregon,Female,Bachelor,4688.46,27357,61.0,0,Corporate Auto,Four-Door Car,292.8
FK37308,Oregon,Female,Doctor,2703.47,0,72.0,0,Corporate Auto,Two-Door Car,41.93
EW34780,California,Female,Bachelor,11315.2,11885,101.0,0,Personal Auto,Four-Door Car,484.8
HG97353,Oregon,Female,Bachelor,8679.84,52717,109.0,0,Corporate Auto,Four-Door Car,60.15
FM31768,Arizona,Female,High School or Below,5979.72,57693,76.0,0,Personal Auto,Four-Door Car,547.2
DO18118,Oregon,Female,High School or Below,10996.71,0,104.0,0,Personal Auto,SUV,748.8
BC31913,Arizona,Female,Bachelor,11718.42,73903,73.0,0,Corporate Auto,Four-Door Car,439.36
HB29169,Washington,Female,Bachelor,42462.97,0,281.0,1,Personal Auto,Luxury,1499.81
KO86181,Oregon,Female,College,6941.87,0,111.0,3,Personal Auto,SUV,532.8
NT38409,California,Male,College,2551.31,79452,65.0,0,Corporate Auto,Four-Door Car,187.68
IP77666,Nevada,Female,Bachelor,10656.88,72540,88.0,0,Personal Auto,Two-Door Car,631.74
KL80110,Arizona,Female,College,9333.33,89513,116.0,0,Personal Auto,SUV,232.95
KR35099,Washington,Male,College,7507.46,60920,64.0,0,Personal Auto,Two-Door Car,231.2
YP41539,Oregon,Female,High School or Below,5320.08,88669,66.0,1,Personal Auto,Four-Door Car,213.57
MM10866,California,Female,Bachelor,8609.16,79090,107.0,0,Personal Auto,SUV,289.04
WD88264,Washington,Male,High School or Below,12298.69,17101,113.0,0,Corporate Auto,SUV,542.4
XN18885,Oregon,Male,High School or Below,7285.03,44788,61.0,0,Personal Auto,Four-Door Car,386.03
VB94165,Nevada,Male,Master,6714.07,0,93.0,1,Special Auto,Two-Door Car,604.27
FG71665,Arizona,Male,Bachelor,2810.46,26790,71.0,0,Personal Auto,Two-Door Car,340.8
IV98398,California,Male,Bachelor,15320.37,81955,126.0,0,Corporate Auto,SUV,720.05
YN39714,Oregon,Female,High School or Below,8488.56,80213,70.0,0,Personal Auto,Two-Door Car,440.27
WL92199,Arizona,Male,Doctor,2379.2,0,66.0,0,Personal Auto,Four-Door Car,90.99
KC36987,Oregon,Male,Bachelor,13334.27,47950,170.0,1,Personal Auto,SUV,780.99
JW24212,Oregon,Male,Bachelor,3123.08,0,101.0,4,Personal Auto,SUV,960.12
OG57342,Washington,Male,Doctor,2382.71,0,65.0,0,Corporate Auto,Four-Door Car,312.0
SN49269,Oregon,Male,High School or Below,7812.89,72353,66.0,0,Personal Auto,Two-Door Car,316.8
RE52529,California,Female,High School or Below,14024.36,81872,115.0,0,Corporate Auto,Four-Door Car,256.44
EQ68292,Arizona,Male,Bachelor,5334.78,74606,68.0,0,Corporate Auto,Two-Door Car,109.11
KF88603,Oregon,Male,High School or Below,9700.35,0,138.0,0,Personal Auto,SUV,993.6
JR62870,California,Male,High School or Below,5703.29,41438,72.0,0,Personal Auto,Two-Door Car,323.84
NN40477,Arizona,Female,Bachelor,4280.75,52679,110.0,2,Personal Auto,Luxury,528.0
JP40952,Arizona,Male,High School or Below,3398.05,0,101.0,0,Personal Auto,SUV,1183.78
FG24548,Oregon,Male,Bachelor,11044.11,44524,70.0,0,Personal Auto,Four-Door Car,200.77
DZ89536,Oregon,Male,Master,3238.0,60244,83.0,3,Corporate Auto,Four-Door Car,326.28
GH64274,California,Male,High School or Below,25805.27,22711,82.0,0,Personal Auto,Two-Door Car,393.6
NX62002,Oregon,Male,College,17497.52,0,73.0,0,Corporate Auto,Two-Door Car,350.4
CV57391,Arizona,Female,Bachelor,22261.02,50398,71.0,0,Personal Auto,Four-Door Car,339.42
ZN36983,California,Male,College,9006.6,0,86.0,1,Personal Auto,Four-Door Car,412.8
OT40088,Oregon,Female,High School or Below,9904.98,0,66.0,0,Personal Auto,Four-Door Car,475.2
CD56261,California,Female,High School or Below,7432.2,0,102.0,0,Corporate Auto,SUV,1037.27
OG72448,Arizona,Male,Bachelor,8150.57,0,114.0,0,Personal Auto,Four-Door Car,1310.46
IH64929,California,Male,High School or Below,4956.25,87197,63.0,0,Personal Auto,Two-Door Car,247.4
FD20455,California,Male,Bachelor,6537.05,0,100.0,0,Personal Auto,Luxury,720.0
ET89070,California,Female,High School or Below,9448.83,85221,117.0,0,Personal Auto,Luxury,516.91
DY87071,Arizona,Male,High School or Below,7519.13,96306,95.0,1,Personal Auto,Four-Door Car,185.36
AX10148,California,Female,Bachelor,2409.37,0,66.0,0,Personal Auto,Four-Door Car,316.8
DB28487,California,Female,High School or Below,17041.44,22249,64.0,0,Personal Auto,Four-Door Car,455.19
KU92052,California,Female,High School or Below,4398.05,0,62.0,0,Personal Auto,Four-Door Car,382.07
FB17016,Oregon,Female,Bachelor,5470.06,54507,138.0,0,Personal Auto,SUV,702.99
BM45823,Oregon,Male,College,3173.03,0,101.0,4,Personal Auto,Four-Door Car,484.8
NN53003,California,Male,College,13258.18,20754,184.0,0,Personal Auto,Luxury,1324.8
LF94873,California,Female,College,13045.37,0,190.0,1,Personal Auto,SUV,1654.2
VB57504,California,Male,High School or Below,2560.69,30027,65.0,0,Personal Auto,Four-Door Car,312.0
NT25078,Nevada,Male,Bachelor,3387.78,23156,88.0,2,Special Auto,Four-Door Car,422.4
FH86704,California,Male,High School or Below,6439.33,0,93.0,0,Personal Auto,Four-Door Car,669.6
KX32370,California,Male,College,7078.95,23222,90.0,0,Corporate Auto,Two-Door Car,252.94
NN76284,California,Female,College,2417.76,0,65.0,0,Corporate Auto,Four-Door Car,468.0
LJ43988,California,Female,Master,20492.74,27317,102.0,0,Personal Auto,Four-Door Car,489.6
MM44301,California,Female,College,7805.31,21073,106.0,1,Corporate Auto,SUV,508.8
ED63600,California,Male,College,22062.55,0,225.0,0,Corporate Auto,Luxury,1620.0
RT37588,Arizona,Female,High School or Below,11218.44,69268,93.0,0,Personal Auto,Two-Door Car,19.17
LF19061,Arizona,Female,High School or Below,5427.48,74561,68.0,1,Personal Auto,Two-Door Car,234.39
EW73451,Arizona,Male,High School or Below,2592.44,72421,65.0,0,Personal Auto,Four-Door Car,312.0
UC29668,Oregon,Female,Master,2601.35,0,71.0,0,Corporate Auto,Two-Door Car,17.03
ZC32761,Arizona,Male,Bachelor,8433.23,57961,72.0,0,Personal Auto,Two-Door Car,38.51
FQ22639,California,Male,College,2967.67,35205,76.0,0,Personal Auto,Four-Door Car,178.84
YZ60434,Oregon,Male,Master,5380.09,0,74.0,0,Personal Auto,Four-Door Car,59.03
MJ45965,Oregon,Male,High School or Below,8059.89,72309,68.0,0,Personal Auto,Four-Door Car,244.73
IS95398,Nevada,Female,Bachelor,8444.84,76352,109.0,2,Personal Auto,SUV,501.84
LZ81665,Washington,Male,High School or Below,9655.44,0,100.0,2,Personal Auto,SUV,720.0
OP43389,California,Female,College,8178.24,29057,102.0,0,Corporate Auto,SUV,489.6
PI98333,Oregon,Female,Bachelor,2353.18,0,66.0,0,Personal Auto,Four-Door Car,501.15
YX67409,California,Male,Bachelor,8058.66,25595,101.0,0,Personal Auto,SUV,484.8
XR85926,Oregon,Male,Bachelor,8012.37,58058,67.0,0,Personal Auto,Four-Door Car,355.2
MJ54807,Nevada,Male,Bachelor,16473.17,22828,106.0,0,Personal Auto,SUV,508.8
AX36597,Arizona,Female,College,5907.15,0,81.0,0,Personal Auto,Four-Door Car,390.16
IC94434,California,Female,Bachelor,8257.67,23815,73.0,0,Corporate Auto,Four-Door Car,424.33
ZX56541,California,Male,Bachelor,4954.29,45329,65.0,3,Personal Auto,Two-Door Car,312.0
RI76571,Washington,Male,Master,43026.52,59349,119.0,0,Personal Auto,SUV,222.03
YL78930,Oregon,Male,College,3794.96,19794,105.0,0,Personal Auto,Four-Door Car,504.0
ZX17330,Arizona,Male,Bachelor,2537.38,92401,64.0,0,Personal Auto,Four-Door Car,50.36
MK92016,Oregon,Male,Bachelor,8026.05,0,109.0,0,Corporate Auto,SUV,898.43
KH93541,Nevada,Female,College,7786.68,83000,97.0,1,Corporate Auto,Four-Door Car,378.56
UG12132,Washington,Female,College,5256.92,77693,65.0,0,Personal Auto,Four-Door Car,225.05
BV35683,Arizona,Female,Bachelor,8256.3,62902,69.0,0,Personal Auto,Two-Door Car,159.38
PN69476,Nevada,Male,Master,2453.34,0,70.0,2,Personal Auto,Two-Door Car,449.6
HB70063,Washington,Male,College,4312.77,43386,111.0,0,Personal Auto,SUV,413.0
CR59224,California,Male,Bachelor,5556.91,29120,72.0,0,Corporate Auto,Two-Door Car,345.6
RH97231,Washington,Male,Bachelor,8694.0,48893,110.0,0,Personal Auto,SUV,787.89
FY67942,California,Female,College,11830.95,92931,146.0,0,Personal Auto,SUV,503.14
HG68775,Washington,Female,College,4506.49,15462,115.0,0,Corporate Auto,Four-Door Car,611.94
ED28429,Washington,Male,Bachelor,4159.59,0,62.0,0,Personal Auto,Two-Door Car,446.4
IH17933,Washington,Male,College,4462.45,70088,112.0,0,Personal Auto,SUV,536.48
NE67816,Oregon,Male,College,2515.26,25558,63.0,0,Personal Auto,Four-Door Car,453.6
QJ65091,Arizona,Female,High School or Below,8007.4,0,112.0,0,Corporate Auto,Luxury,537.6
TR75465,Washington,Male,Master,9901.28,0,134.0,0,Personal Auto,SUV,643.2
LM12349,Washington,Female,Bachelor,12282.84,36328,155.0,0,Corporate Auto,SUV,388.15
XZ62712,Washington,Female,High School or Below,44468.02,32948,127.0,1,Personal Auto,SUV,1428.97
SL70555,California,Male,Bachelor,8184.59,69114,103.0,0,Personal Auto,SUV,162.2
XI31845,Oregon,Female,High School or Below,16007.95,45302,133.0,0,Personal Auto,SUV,638.4
DQ34772,Arizona,Male,High School or Below,6361.85,0,88.0,0,Personal Auto,Four-Door Car,110.53
XU57332,California,Female,College,8736.5,53173,112.0,0,Personal Auto,SUV,1169.41
SJ87108,Arizona,Female,Bachelor,4334.06,23904,123.0,3,Corporate Auto,SUV,590.4
PL33465,Arizona,Female,Bachelor,4376.36,63774,111.0,0,Personal Auto,Four-Door Car,60.04
XL80761,California,Male,College,9294.09,67544,116.0,0,Corporate Auto,SUV,556.8
SB41594,California,Male,College,2543.0,26691,65.0,0,Personal Auto,Four-Door Car,312.0
UB51030,Washington,Female,High School or Below,6582.45,0,62.0,0,Special Auto,Four-Door Car,297.6
KT46283,California,Male,College,4686.47,58089,118.0,0,Corporate Auto,SUV,566.4
WZ65217,Nevada,Male,Bachelor,14325.15,0,136.0,0,Personal Auto,SUV,652.8
JB11283,California,Male,Bachelor,12743.35,99583,64.0,0,Personal Auto,Four-Door Car,99.67
TM13014,California,Male,Bachelor,2434.09,0,68.0,0,Personal Auto,Four-Door Car,271.49
QS81789,Oregon,Female,Bachelor,25107.1,24410,73.0,0,Corporate Auto,Four-Door Car,350.4
FP78531,California,Female,Bachelor,13432.0,68956,118.0,2,Personal Auto,SUV,118.54
RN41087,California,Female,High School or Below,2753.78,0,73.0,0,Personal Auto,Four-Door Car,298.67
WJ88394,Nevada,Female,College,8653.3,20588,113.0,0,Personal Auto,SUV,586.39
LH94971,Oregon,Male,Bachelor,7057.89,37840,90.0,0,Corporate Auto,Four-Door Car,432.0
VW34309,Oregon,Female,Bachelor,5906.94,43440,74.0,0,Personal Auto,Four-Door Car,128.21
XH47320,Nevada,Female,Master,2937.42,83195,73.0,1,Personal Auto,Two-Door Car,332.69
GX13549,California,Female,High School or Below,4974.24,0,70.0,0,Personal Auto,Four-Door Car,336.0
VY32314,Oregon,Male,High School or Below,4268.62,43209,110.0,0,Personal Auto,Luxury,528.0
TF65501,California,Female,High School or Below,4601.91,37308,115.0,0,Personal Auto,SUV,552.0
EO24423,Arizona,Male,Master,2404.63,22239,62.0,0,Personal Auto,Four-Door Car,297.6
LA79102,California,Female,Doctor,7638.44,66106,95.0,1,Personal Auto,Two-Door Car,250.32
FT74388,Nevada,Male,High School or Below,4623.62,97065,117.0,0,Personal Auto,SUV,561.6
ZE59592,Oregon,Male,College,5470.18,24910,69.0,0,Personal Auto,Two-Door Car,746.11
JU64043,Oregon,Male,Master,4999.35,49414,68.0,5,Personal Auto,Four-Door Car,159.63
TR96772,Arizona,Female,High School or Below,15956.52,61148,132.0,0,Personal Auto,Luxury,98.21
DQ35195,Arizona,Female,Bachelor,9275.68,52494,119.0,0,Corporate Auto,Two-Door Car,571.2
No74162,Arizona,Male,High School or Below,7595.34,20538,104.0,0,Personal Auto,SUV,499.2
XP52012,Arizona,Male,High School or Below,24258.71,0,89.0,0,Personal Auto,Two-Door Car,538.69
HQ16068,Washington,Male,High School or Below,24636.97,73716,103.0,0,Special Auto,Luxury,162.66
QM78112,Washington,Male,Bachelor,2810.46,26790,71.0,0,Personal Auto,Two-Door Car,340.8
GI30974,Oregon,Male,Bachelor,2337.36,0,65.0,0,Corporate Auto,Four-Door Car,468.0
NM51858,Oregon,Male,High School or Below,4668.04,53252,117.0,0,Personal Auto,SUV,561.6
ZL37444,California,Male,Doctor,10972.07,24164,137.0,0,Personal Auto,Luxury,657.6
CI60365,California,Female,High School or Below,34611.38,20090,109.0,0,Special Auto,Luxury,523.2
IX45386,Arizona,Male,College,2478.83,81721,63.0,0,Personal Auto,Four-Door Car,133.9
ZO29478,Washington,Female,High School or Below,26197.41,18495,113.0,0,Personal Auto,SUV,542.4
NG34818,California,Male,Bachelor,6282.08,42314,80.0,0,Personal Auto,Four-Door Car,56.39
EE95568,California,Female,Bachelor,10954.38,89892,135.0,0,Personal Auto,SUV,526.25
LM84166,California,Male,Bachelor,3164.38,0,92.0,1,Personal Auto,Two-Door Car,662.4
RO32883,Oregon,Female,Bachelor,7804.6,0,117.0,4,Personal Auto,Four-Door Car,91.06
OI68331,California,Female,Doctor,5207.2,21576,65.0,0,Personal Auto,Four-Door Car,312.0
PW95813,Oregon,Female,High School or Below,2886.45,10312,78.0,0,Personal Auto,Four-Door Car,486.28
LM50087,Arizona,Female,College,2483.64,50632,62.0,0,Corporate Auto,Two-Door Car,54.96
JD82896,California,Female,High School or Below,4896.26,0,139.0,0,Personal Auto,SUV,1000.8
KA62636,Oregon,Male,High School or Below,4928.0,97917,67.0,5,Personal Auto,Two-Door Car,279.18
VG85511,Arizona,Male,College,8759.59,28280,116.0,0,Personal Auto,Luxury,556.8
GT18023,California,Female,High School or Below,11281.52,86195,139.0,0,Special Auto,SUV,601.67
VI35467,Nevada,Female,Master,4315.67,89797,106.0,0,Personal Auto,SUV,70.96
LF75926,Arizona,Male,College,4491.91,0,63.0,0,Personal Auto,Four-Door Car,302.4
SS13550,Nevada,Male,High School or Below,6745.25,0,192.0,0,Personal Auto,Luxury,1921.25
AA34092,California,Male,College,28799.95,33635,240.0,0,Personal Auto,Luxury,1152.0
GQ15708,Oregon,Male,Bachelor,14503.02,29790,194.0,0,Personal Auto,Luxury,931.2
JR72064,Arizona,Male,High School or Below,8270.63,44656,70.0,0,Personal Auto,Two-Door Car,336.0
AN79079,Arizona,Male,Doctor,12731.95,40870,105.0,0,Personal Auto,SUV,504.0
DS45844,California,Male,College,4167.09,0,117.0,0,Corporate Auto,Luxury,94.94
QJ90136,California,Female,High School or Below,10455.49,28363,133.0,0,Personal Auto,Luxury,638.4
OS95734,California,Female,Bachelor,7074.4,94508,88.0,0,Personal Auto,Four-Door Car,491.38
KT21352,Oregon,Male,High School or Below,7046.48,0,64.0,0,Personal Auto,Four-Door Car,324.7
CG33085,Oregon,Male,Doctor,13357.45,0,124.0,0,Personal Auto,SUV,696.03
IU94124,Arizona,Male,College,18708.76,0,77.0,1,Personal Auto,Four-Door Car,554.4
HW93117,California,Female,Bachelor,8169.33,0,116.0,0,Corporate Auto,Luxury,835.2
ON63161,Oregon,Female,High School or Below,8583.27,18017,114.0,0,Personal Auto,Four-Door Car,547.2
HT64629,Washington,Female,High School or Below,12234.36,0,117.0,0,Personal Auto,SUV,930.59
XE59612,Nevada,Male,High School or Below,7185.67,63741,91.0,0,Corporate Auto,Four-Door Car,36.98
VZ39362,Oregon,Female,High School or Below,9060.2,57078,113.0,1,Personal Auto,Luxury,542.4
SL71970,Oregon,Female,High School or Below,2336.18,0,67.0,0,Special Auto,Four-Door Car,458.66
YO29244,Oregon,Female,Bachelor,7995.41,25239,100.0,0,Personal Auto,SUV,150.96
TN85931,Oregon,Female,High School or Below,5897.56,29227,74.0,0,Special Auto,Two-Door Car,421.19
PP92749,California,Female,Bachelor,3939.01,60021,99.0,0,Special Auto,Four-Door Car,882.87
MB54287,Oregon,Female,Bachelor,2695.35,0,73.0,0,Personal Auto,Four-Door Car,780.57
JQ93340,Nevada,Male,High School or Below,5459.22,83208,68.0,0,Special Auto,Four-Door Car,325.87
LN20978,Oregon,Female,Bachelor,10721.61,25983,90.0,0,Corporate Auto,Four-Door Car,432.0
ZD59913,Oregon,Female,High School or Below,2491.26,25965,65.0,0,Corporate Auto,Four-Door Car,329.21
BG80246,Arizona,Female,College,5570.18,22679,72.0,0,Personal Auto,Two-Door Car,345.6
VP48253,Arizona,Male,High School or Below,5100.74,41186,70.0,4,Personal Auto,Four-Door Car,242.32
BR39076,California,Female,High School or Below,7633.82,0,67.0,0,Personal Auto,Four-Door Car,445.7
ZD29731,California,Male,College,4656.67,29070,61.0,2,Personal Auto,Two-Door Car,292.8
QR88427,Nevada,Female,Bachelor,4363.2,0,63.0,0,Personal Auto,Four-Door Car,302.4
WN69789,California,Female,College,2526.73,33485,63.0,0,Personal Auto,Four-Door Car,343.71
LZ39487,Washington,Female,High School or Below,5122.72,58206,64.0,0,Personal Auto,Four-Door Car,454.19
GO42840,Oregon,Male,High School or Below,2483.54,87492,62.0,0,Personal Auto,Two-Door Car,264.46
SR96970,Oregon,Male,Bachelor,3489.28,0,98.0,0,Personal Auto,Four-Door Car,705.6
ED90879,Nevada,Male,Bachelor,7325.92,20757,102.0,3,Corporate Auto,Four-Door Car,216.43
SS69401,Oregon,Female,College,4841.06,23449,61.0,0,Corporate Auto,Four-Door Car,292.8
VF32335,Arizona,Male,College,19964.4,0,192.0,0,Personal Auto,Luxury,921.6
WX14028,Nevada,Female,College,32450.39,60455,104.0,0,Personal Auto,SUV,499.2
FP99321,Washington,Male,High School or Below,2628.17,0,89.0,4,Personal Auto,Four-Door Car,640.8
QF21628,California,Male,High School or Below,3095.63,53588,77.0,0,Personal Auto,Four-Door Car,369.6
OR40901,California,Male,Doctor,12731.95,40870,105.0,0,Corporate Auto,SUV,504.0
NF82527,Arizona,Male,Bachelor,2631.56,0,71.0,0,Personal Auto,Two-Door Car,340.8
GD84658,Nevada,Female,High School or Below,35984.1,0,129.0,0,Corporate Auto,Luxury,1267.55
PA14842,Washington,Female,High School or Below,2906.89,45128,72.0,0,Special Auto,Four-Door Car,66.67
SA45648,California,Male,Bachelor,10628.06,90874,137.0,4,Personal Auto,SUV,459.79
IQ37561,Arizona,Female,High School or Below,7590.96,52823,95.0,0,Personal Auto,Two-Door Car,125.77
TP34946,California,Male,College,5108.04,26784,67.0,0,Corporate Auto,Four-Door Car,482.4
TL20040,Oregon,Male,College,13989.85,22354,118.0,0,Personal Auto,SUV,775.53
JM96431,Oregon,Male,College,3115.7,54420,80.0,0,Personal Auto,Four-Door Car,576.0
LN10007,Oregon,Female,College,13369.44,50800,112.0,0,Corporate Auto,Luxury,621.22
WY17451,Oregon,Female,College,8621.19,0,87.0,1,Personal Auto,Four-Door Car,417.6
XS30210,Arizona,Male,College,10359.02,84583,65.0,0,Corporate Auto,Four-Door Car,238.87
UD27331,Nevada,Male,Bachelor,3241.84,33701,88.0,3,Personal Auto,Four-Door Car,460.82
HC52114,California,Female,Bachelor,4344.99,0,63.0,0,Corporate Auto,Four-Door Car,462.64
WG50184,Arizona,Female,Doctor,5332.46,68931,66.0,0,Corporate Auto,Four-Door Car,309.58
BQ99053,Oregon,Male,College,7692.46,0,105.0,0,Personal Auto,Four-Door Car,504.0
IY77611,Arizona,Male,High School or Below,26223.81,0,115.0,1,Corporate Auto,SUV,828.0
ER24015,Arizona,Male,College,6930.63,29318,198.0,5,Personal Auto,SUV,1386.82
SG71810,Oregon,Female,College,11610.25,41503,73.0,0,Personal Auto,Two-Door Car,15.0
OQ10108,Oregon,Male,High School or Below,8937.12,0,126.0,0,Personal Auto,SUV,604.8
ON45263,California,Female,Bachelor,2462.86,0,69.0,0,Personal Auto,Two-Door Car,427.25
RD15786,Oregon,Male,Bachelor,2300.69,25905,63.0,0,Personal Auto,Four-Door Car,302.4
TU64352,Oregon,Female,College,4078.02,0,116.0,0,Personal Auto,Luxury,835.2
CR12479,Nevada,Female,College,2868.6,40046,73.0,0,Personal Auto,Four-Door Car,118.51
AW36627,California,Female,High School or Below,4428.03,58577,110.0,0,Personal Auto,SUV,303.87
UD31660,California,Male,Bachelor,4061.59,70129,103.0,1,Personal Auto,Four-Door Car,130.5
QL18084,Nevada,Male,Master,18504.28,91268,229.0,0,Corporate Auto,Luxury,737.74
DJ11965,California,Female,College,4904.89,12902,139.0,0,Personal Auto,Luxury,667.2
LT16517,Oregon,Female,High School or Below,10827.87,62053,134.0,0,Personal Auto,SUV,614.03
JG77605,Nevada,Female,Bachelor,5745.12,30389,73.0,0,Personal Auto,Four-Door Car,278.93
PD94851,Nevada,Male,Bachelor,2423.26,15585,65.0,0,Personal Auto,Two-Door Car,67.62
NK27819,Arizona,Male,College,5926.73,23091,96.0,5,Personal Auto,Four-Door Car,460.8
PL28709,California,Female,College,4605.04,22571,63.0,0,Personal Auto,Four-Door Car,302.4
DY35560,Oregon,Male,High School or Below,2132.77,0,61.0,0,Personal Auto,Four-Door Car,691.68
LX23185,Oregon,Female,College,2643.72,0,82.0,3,Personal Auto,Two-Door Car,393.6
NA39347,California,Male,College,5824.22,73976,73.0,0,Personal Auto,Four-Door Car,338.53
SI32097,Oregon,Female,Bachelor,6889.62,30814,87.0,0,Personal Auto,Four-Door Car,417.6
JD50909,Arizona,Female,Bachelor,3008.1,80681,74.0,0,Corporate Auto,Four-Door Car,355.2
FB55024,Oregon,Female,High School or Below,3286.17,60934,82.0,0,Personal Auto,Two-Door Car,393.6
NQ51389,Oregon,Male,High School or Below,13552.78,0,62.0,2,Corporate Auto,Two-Door Car,446.4
EA23961,California,Female,College,5166.19,80797,64.0,0,Personal Auto,Four-Door Car,300.94
RQ78687,Oregon,Male,College,2946.0,89410,74.0,0,Personal Auto,Four-Door Car,96.0
ZE42703,Nevada,Male,Bachelor,4863.47,52728,127.0,1,Corporate Auto,SUV,609.6
LZ34164,Nevada,Female,Bachelor,4892.62,43199,61.0,0,Personal Auto,Four-Door Car,334.01
CO44659,Arizona,Female,Bachelor,3337.59,43510,83.0,0,Personal Auto,Four-Door Car,238.09
YQ53901,Washington,Female,Bachelor,5246.28,28909,66.0,0,Personal Auto,Two-Door Car,456.7
LX46285,Oregon,Female,Master,9031.21,0,122.0,0,Personal Auto,Luxury,650.52
GH90738,Oregon,Female,Bachelor,3580.08,71176,91.0,2,Personal Auto,Two-Door Car,278.07
FK10455,California,Male,Bachelor,9802.55,84429,123.0,0,Personal Auto,SUV,115.07
GJ77362,California,Male,Bachelor,4825.65,61613,61.0,1,Special Auto,Four-Door Car,40.56
WJ26538,California,Male,Master,3203.3,68370,80.0,0,Personal Auto,Four-Door Car,244.16
IN67175,California,Female,College,5659.14,52389,72.0,1,Personal Auto,Four-Door Car,345.6
LA52988,Oregon,Female,High School or Below,4144.87,64478,103.0,0,Personal Auto,SUV,8.28
ZH89968,Washington,Female,High School or Below,13770.98,59207,116.0,0,Personal Auto,Four-Door Car,556.8
YA17061,Nevada,Female,High School or Below,3716.48,17162,96.0,0,Corporate Auto,Four-Door Car,460.8
NT76210,Nevada,Male,Bachelor,3123.08,0,101.0,4,Personal Auto,SUV,960.12
XL58577,California,Male,Bachelor,12168.74,14973,115.0,0,Personal Auto,SUV,828.0
WJ57919,California,Male,College,2674.73,56342,69.0,0,Special Auto,Four-Door Car,331.2
FG77231,Oregon,Female,Bachelor,12741.85,73054,106.0,1,Personal Auto,SUV,419.37
UH32376,Nevada,Male,Bachelor,4037.55,21586,106.0,0,Personal Auto,Two-Door Car,1056.29
RA43827,Oregon,Female,High School or Below,8628.3,0,117.0,0,Special Auto,SUV,842.4
WA67245,Oregon,Female,High School or Below,22093.62,24193,185.0,0,Personal Auto,Luxury,785.37
GT65478,Oregon,Female,College,8217.43,84815,68.0,0,Personal Auto,Four-Door Car,280.0
SZ35936,Oregon,Female,High School or Below,26197.41,18495,113.0,0,Corporate Auto,SUV,542.4
AT41276,California,Male,Bachelor,8110.54,36554,70.0,1,Personal Auto,Two-Door Car,433.39
JD94356,Oregon,Female,Bachelor,4766.37,0,68.0,0,Personal Auto,Four-Door Car,656.96
PU88199,Oregon,Male,High School or Below,8819.02,99845,110.0,1,Corporate Auto,SUV,528.0
OR33365,California,Female,College,5171.27,0,69.0,0,Corporate Auto,Two-Door Car,344.47
KQ36942,California,Male,Bachelor,3896.57,10853,104.0,0,Corporate Auto,SUV,350.31
LN62857,California,Female,Master,6005.03,23749,77.0,0,Personal Auto,Four-Door Car,151.55
GY99465,Oregon,Female,College,6869.19,0,69.0,2,Corporate Auto,Four-Door Car,331.2
JV58396,California,Male,Bachelor,3054.54,0,88.0,0,Personal Auto,Four-Door Car,422.4
WC83553,Oregon,Male,College,4874.22,92783,61.0,0,Personal Auto,Two-Door Car,6.67
CB95310,Arizona,Female,Doctor,2747.43,83502,68.0,0,Personal Auto,Four-Door Car,368.96
YY71144,Oregon,Male,College,8717.05,83846,74.0,3,Personal Auto,Four-Door Car,355.2
TP96247,Oregon,Female,High School or Below,4099.66,18606,110.0,1,Personal Auto,SUV,568.84
HC16500,Arizona,Male,Doctor,8189.97,72191,68.0,0,Personal Auto,Four-Door Car,209.39
AM29546,Oregon,Male,College,5225.03,57733,66.0,0,Personal Auto,Two-Door Car,393.53
ZM31116,Arizona,Male,Doctor,7949.28,63688,99.0,0,Personal Auto,Four-Door Car,475.2
VG40704,California,Female,College,3135.41,55855,79.0,0,Personal Auto,Four-Door Car,273.0
PJ73790,Oregon,Female,Bachelor,3939.01,60021,99.0,0,Special Auto,Four-Door Car,882.87
KE36052,Arizona,Male,High School or Below,5325.72,0,73.0,0,Corporate Auto,Two-Door Car,496.47
HW97280,California,Male,High School or Below,19483.24,74300,122.0,0,Personal Auto,SUV,354.55
WX10701,Washington,Male,Bachelor,3459.23,0,96.0,0,Corporate Auto,Four-Door Car,460.8
CC16034,Oregon,Female,High School or Below,17103.79,51747,71.0,0,Personal Auto,Four-Door Car,340.8
YA83600,Arizona,Female,High School or Below,2753.31,28887,73.0,2,Personal Auto,Four-Door Car,425.82
UE10014,Arizona,Male,High School or Below,12866.89,0,189.0,0,Personal Auto,Luxury,1415.58
NV11692,Nevada,Female,Bachelor,4420.25,0,68.0,3,Personal Auto,Four-Door Car,546.42
XJ52902,Nevada,Male,High School or Below,2756.47,43540,70.0,0,Corporate Auto,Two-Door Car,117.59
EI89831,Nevada,Female,Bachelor,7743.92,96961,64.0,0,Corporate Auto,Two-Door Car,81.38
ZY57929,Arizona,Female,College,8169.75,32799,104.0,0,Personal Auto,SUV,499.2
KI70852,Nevada,Female,Bachelor,3569.86,0,101.0,0,Personal Auto,SUV,1201.09
WD38067,California,Female,Bachelor,10656.88,72540,88.0,0,Personal Auto,Two-Door Car,631.74
NQ45562,California,Male,Master,7092.64,35173,180.0,2,Personal Auto,Luxury,415.33
RU75129,Washington,Female,High School or Below,2777.34,65431,69.0,0,Personal Auto,Four-Door Car,331.2
KC16062,Arizona,Female,High School or Below,7550.42,0,100.0,0,Corporate Auto,SUV,480.0
VK57280,Washington,Male,Bachelor,4727.35,0,72.0,0,Personal Auto,Four-Door Car,345.6
AP90638,Arizona,Male,High School or Below,14274.55,0,84.0,0,Personal Auto,Four-Door Car,604.8
GF12712,California,Female,High School or Below,9559.34,40672,121.0,0,Corporate Auto,SUV,580.8
QQ26855,California,Female,High School or Below,8879.79,52583,113.0,0,Personal Auto,SUV,528.2
ZJ90079,Arizona,Female,College,5525.47,64816,69.0,0,Corporate Auto,Four-Door Car,331.2
CE75354,California,Female,Bachelor,5923.21,36685,74.0,0,Corporate Auto,Four-Door Car,355.2
CP38401,Oregon,Male,High School or Below,8501.65,0,136.0,3,Personal Auto,Luxury,979.2
ZZ42291,California,Female,Master,40235.97,77143,125.0,3,Personal Auto,SUV,176.01
EI57866,Arizona,Male,Master,2584.82,60942,64.0,0,Special Auto,Two-Door Car,288.21
KL39986,Arizona,Female,High School or Below,19278.82,0,61.0,0,Personal Auto,Two-Door Car,366.6
PL18921,Oregon,Female,Master,11981.98,21514,62.0,0,Personal Auto,Two-Door Car,257.25
SR71068,Washington,Male,High School or Below,3933.81,25927,103.0,0,Personal Auto,SUV,674.97
JM47657,Oregon,Female,High School or Below,2491.26,25965,65.0,0,Personal Auto,Four-Door Car,329.21
JZ54775,Arizona,Female,Bachelor,7431.66,27688,92.0,0,Personal Auto,Four-Door Car,572.35
LO57469,Oregon,Female,High School or Below,7865.18,75490,97.0,0,Corporate Auto,Four-Door Car,43.08
DA99797,Oregon,Female,Bachelor,15978.91,33871,136.0,0,Personal Auto,SUV,933.62
WA63124,Nevada,Female,College,2113.86,0,65.0,2,Personal Auto,Four-Door Car,468.0
YV97407,California,Male,College,8661.74,85470,109.0,0,Personal Auto,SUV,523.2
UQ71296,Washington,Male,College,5625.31,97095,70.0,0,Personal Auto,Four-Door Car,208.04
LY14687,Washington,Female,College,4592.15,73604,114.0,0,Personal Auto,SUV,184.22
AM32820,California,Male,Bachelor,3709.92,0,112.0,0,Personal Auto,SUV,1082.9
ZP47993,California,Female,Bachelor,8208.93,40646,103.0,0,Personal Auto,Four-Door Car,494.4
WN13366,Arizona,Female,High School or Below,5595.39,74454,71.0,0,Personal Auto,Four-Door Car,340.8
MK87221,Arizona,Female,High School or Below,3413.62,18168,87.0,0,Personal Auto,Two-Door Car,417.6
BC77846,Nevada,Male,High School or Below,6325.03,0,89.0,0,Personal Auto,Two-Door Car,614.57
YL27602,Oregon,Male,Master,6393.87,0,66.0,2,Personal Auto,Four-Door Car,316.8
QS70017,Arizona,Male,Bachelor,8738.4,43597,110.0,0,Personal Auto,Two-Door Car,528.0
PZ80067,Oregon,Male,High School or Below,4836.39,0,140.0,0,Personal Auto,SUV,672.0
FV62588,Oregon,Male,High School or Below,24967.76,66825,69.0,0,Personal Auto,Four-Door Car,70.03
IN56924,California,Female,High School or Below,5409.96,0,62.0,5,Personal Auto,Four-Door Car,297.6
IX67925,California,Male,Bachelor,2344.23,0,74.0,1,Personal Auto,Four-Door Car,532.8
IS58553,Oregon,Female,High School or Below,15173.97,22448,126.0,0,Personal Auto,SUV,604.8
AB78984,Oregon,Male,College,11124.21,42596,96.0,0,Personal Auto,Four-Door Car,42.29
WN13947,Oregon,Male,Bachelor,4863.27,0,70.0,0,Corporate Auto,Four-Door Car,646.79
VA91846,Arizona,Male,College,5577.54,97868,70.0,1,Special Auto,Two-Door Car,267.79
KM58067,California,Female,High School or Below,4526.95,92921,112.0,0,Personal Auto,SUV,109.29
EL42453,Washington,Male,Bachelor,2519.57,41372,64.0,0,Personal Auto,Four-Door Car,307.2
TP10619,California,Female,High School or Below,4892.42,26660,63.0,0,Personal Auto,Two-Door Car,453.6
AH41065,Washington,Male,High School or Below,18943.27,58851,79.0,1,Personal Auto,Four-Door Car,494.19
SS63511,California,Male,High School or Below,8564.77,95697,107.0,0,Corporate Auto,Luxury,178.01
NE21279,California,Female,Master,4419.54,0,112.0,0,Personal Auto,SUV,537.6
TN71995,Arizona,Male,Bachelor,5637.74,0,84.0,1,Personal Auto,Four-Door Car,403.2
OM13505,Washington,Male,Bachelor,5047.48,81741,64.0,0,Corporate Auto,Four-Door Car,186.45
KI83797,Oregon,Female,College,4913.12,48295,63.0,0,Personal Auto,Four-Door Car,290.3
SH60585,Nevada,Female,High School or Below,5799.06,65538,72.0,0,Personal Auto,Four-Door Car,261.34
GU33167,Oregon,Male,College,5568.98,53997,69.0,0,Personal Auto,Four-Door Car,345.16
BX20846,Oregon,Female,College,3861.49,93272,95.0,0,Personal Auto,Four-Door Car,281.11
VK69632,California,Female,Bachelor,2912.91,68899,74.0,0,Personal Auto,Two-Door Car,66.1
RU72450,California,Male,Bachelor,6980.33,0,67.0,0,Corporate Auto,Four-Door Car,321.6
KN15789,Nevada,Female,High School or Below,6769.32,0,97.0,0,Personal Auto,Four-Door Car,698.4
GG29821,Oregon,Male,Bachelor,8193.56,54950,103.0,0,Corporate Auto,SUV,480.58
RN98239,California,Male,High School or Below,7519.13,96306,95.0,1,Personal Auto,Four-Door Car,185.36
NE83217,Nevada,Female,Bachelor,3746.03,70342,96.0,1,Personal Auto,Four-Door Car,685.91
YU72630,Arizona,Male,High School or Below,2592.44,72421,65.0,0,Personal Auto,Four-Door Car,312.0
EZ80325,California,Female,Bachelor,4548.29,0,132.0,3,Personal Auto,Luxury,950.4
CE41738,Oregon,Female,College,2885.0,77748,72.0,0,Personal Auto,Two-Door Car,7.21
HF15113,Oregon,Female,Bachelor,4883.55,19096,64.0,0,Personal Auto,Two-Door Car,374.9
WZ83320,Arizona,Female,Master,9061.06,73876,112.0,0,Personal Auto,Four-Door Car,419.3
XX31571,Washington,Male,High School or Below,16728.34,0,237.0,0,Personal Auto,Luxury,1706.4
US90854,Oregon,Male,Bachelor,11177.75,20742,100.0,0,Personal Auto,SUV,455.85
FX55357,Arizona,Male,College,4364.31,44804,114.0,0,Corporate Auto,SUV,778.35
LR32149,Arizona,Female,Bachelor,22940.38,52993,64.0,0,Personal Auto,Four-Door Car,304.7
UK66803,Oregon,Female,Bachelor,4926.28,49185,61.0,0,Corporate Auto,Two-Door Car,126.95
VO87159,Oregon,Female,High School or Below,23086.36,69240,194.0,0,Personal Auto,Luxury,744.77
QK23524,Oregon,Female,Bachelor,5149.3,26877,131.0,0,Personal Auto,SUV,628.8
ZQ37164,Arizona,Female,Bachelor,8016.75,82828,67.0,1,Personal Auto,Four-Door Car,217.47
FG47217,California,Male,Bachelor,2538.86,99824,63.0,0,Special Auto,Four-Door Car,302.4
FQ46354,California,Male,Bachelor,10498.93,30352,89.0,0,Personal Auto,Four-Door Car,146.11
AG56998,Oregon,Male,College,2448.65,0,69.0,0,Corporate Auto,Two-Door Car,331.2
KG23128,Oregon,Male,Bachelor,6057.07,27681,83.0,0,Personal Auto,Two-Door Car,398.4
NX34811,Nevada,Female,Bachelor,8295.84,85478,103.0,0,Personal Auto,Two-Door Car,224.16
PY79729,Oregon,Female,High School or Below,2786.66,94310,70.0,4,Corporate Auto,Four-Door Car,430.77
VJ64329,Oregon,Female,College,25464.82,13663,97.0,0,Corporate Auto,Four-Door Car,465.6
CO71312,Arizona,Female,High School or Below,11469.63,10384,151.0,0,Personal Auto,SUV,914.43
VG83453,California,Male,Doctor,3557.37,17272,93.0,0,Personal Auto,Two-Door Car,446.4
JD78271,Nevada,Female,College,8317.3,64367,104.0,0,Personal Auto,SUV,96.43
XM69101,Oregon,Male,Bachelor,7601.95,47519,96.0,0,Personal Auto,Two-Door Car,245.25
HK30754,Arizona,Male,College,9426.97,26263,85.0,0,Special Auto,Two-Door Car,475.16
WJ47053,Oregon,Male,Bachelor,6418.85,0,63.0,0,Personal Auto,Two-Door Car,556.86
HX36471,California,Female,High School or Below,6788.08,0,93.0,0,Personal Auto,Two-Door Car,855.34
HS66275,California,Female,High School or Below,3358.66,77309,83.0,0,Personal Auto,Two-Door Car,596.32
MB75636,Oregon,Female,College,2439.93,50876,61.0,0,Personal Auto,Four-Door Car,171.25
KB35786,Oregon,Male,Bachelor,4505.85,20284,65.0,1,Personal Auto,Four-Door Car,532.81
LX42787,California,Male,College,2309.6,22567,69.0,0,Personal Auto,Four-Door Car,496.8
SS34897,California,Male,Bachelor,2541.52,63546,64.0,0,Personal Auto,Four-Door Car,131.81
ZQ92997,Nevada,Male,High School or Below,6414.08,0,89.0,0,Personal Auto,Four-Door Car,640.8
OB66874,Oregon,Female,College,2585.21,28137,65.0,0,Personal Auto,Two-Door Car,312.0
LE74625,California,Male,Master,2961.31,22608,77.0,0,Personal Auto,Four-Door Car,369.6
QN60028,California,Male,Bachelor,2759.98,92296,69.0,0,Corporate Auto,Two-Door Car,331.2
GV19121,Oregon,Male,College,3341.68,0,69.0,5,Personal Auto,Two-Door Car,331.2
PS43764,Washington,Male,High School or Below,5169.5,12430,73.0,0,Special Auto,Four-Door Car,350.4
YW60802,Oregon,Female,High School or Below,4117.37,0,116.0,0,Personal Auto,SUV,1301.8
UI80897,Washington,Male,High School or Below,5552.6,50470,71.0,0,Corporate Auto,Two-Door Car,377.5
VV35420,Arizona,Male,High School or Below,7285.03,44788,61.0,0,Personal Auto,Four-Door Car,386.03
RW61528,Nevada,Female,College,13916.93,52423,119.0,1,Corporate Auto,Four-Door Car,571.2
LT60268,Nevada,Female,College,11044.43,29696,139.0,0,Personal Auto,SUV,478.11
VA77345,Oregon,Female,College,3531.04,26884,89.0,0,Special Auto,Four-Door Car,238.13
WG15595,California,Male,College,2759.62,64388,69.0,0,Personal Auto,Two-Door Car,331.2
FZ45665,Oregon,Female,Bachelor,6500.41,0,61.0,0,Personal Auto,Four-Door Car,292.8
MM90239,Oregon,Male,High School or Below,6369.26,34498,83.0,0,Personal Auto,Two-Door Car,398.4
UG18431,Arizona,Male,Bachelor,13083.49,73060,108.0,0,Special Auto,SUV,518.4
BE78308,Oregon,Male,Bachelor,2150.91,0,63.0,0,Personal Auto,Two-Door Car,453.6
EM29019,Arizona,Female,Bachelor,8447.89,61337,105.0,0,Personal Auto,SUV,2.54
SK37917,Nevada,Male,College,5075.42,0,73.0,0,Corporate Auto,Two-Door Car,350.4
DD68171,Arizona,Female,Bachelor,3527.85,59496,88.0,0,Personal Auto,Four-Door Car,189.14
NF20746,Oregon,Female,Bachelor,13061.52,0,180.0,0,Personal Auto,Luxury,1474.27
PY48656,Arizona,Female,Master,6259.51,37813,78.0,1,Corporate Auto,Four-Door Car,39.78
AO42003,Oregon,Female,College,16681.33,55907,104.0,0,Corporate Auto,SUV,499.2
DK41858,Arizona,Female,College,5791.61,80480,72.0,0,Personal Auto,Four-Door Car,242.84
TY20016,Oregon,Male,Bachelor,7980.49,72734,66.0,0,Personal Auto,Two-Door Car,195.22
OH76118,Washington,Female,High School or Below,2767.5,0,72.0,0,Personal Auto,Four-Door Car,22.33
IZ79227,Arizona,Male,Bachelor,2975.26,36548,76.0,0,Personal Auto,Four-Door Car,547.2
HN10814,Arizona,Male,Master,4178.59,62113,104.0,0,Personal Auto,SUV,5.89
OD25312,Arizona,Male,College,4734.26,0,67.0,0,Personal Auto,Four-Door Car,747.46
ZR32858,California,Female,Bachelor,4315.79,41252,109.0,0,Personal Auto,SUV,514.06
FC68244,Oregon,Male,High School or Below,6126.57,61139,76.0,0,Personal Auto,Four-Door Car,364.8
VS86041,Arizona,Female,Bachelor,2694.6,26744,68.0,0,Corporate Auto,Two-Door Car,326.4
EQ82942,California,Female,Bachelor,9338.08,0,132.0,0,Personal Auto,SUV,950.4
ZE82255,California,Female,College,18680.99,74640,66.0,0,Corporate Auto,Four-Door Car,375.51
DA79544,Oregon,Male,Bachelor,2551.35,88126,64.0,1,Personal Auto,Four-Door Car,151.97
WG33213,California,Female,Bachelor,2808.08,55005,70.0,1,Personal Auto,Four-Door Car,336.0
DP97298,California,Male,High School or Below,9710.29,33190,123.0,0,Personal Auto,Luxury,40.95
JH73645,California,Male,High School or Below,15190.65,0,71.0,4,Personal Auto,Four-Door Car,839.59
SK98708,Oregon,Female,College,4069.78,0,117.0,0,Corporate Auto,Four-Door Car,609.8
ZZ62245,Oregon,Female,High School or Below,6612.22,0,97.0,2,Personal Auto,Four-Door Car,669.4
AU46604,California,Male,Bachelor,2030.78,0,64.0,1,Personal Auto,Four-Door Car,731.48
HD44279,Arizona,Female,Bachelor,5090.45,25226,71.0,1,Personal Auto,Four-Door Car,340.8
LS99940,California,Female,Master,3353.38,63398,83.0,0,Personal Auto,Four-Door Car,292.21
EY27917,Oregon,Male,Master,8532.99,30092,108.0,0,Personal Auto,SUV,192.27
ZJ22033,Washington,Male,College,2647.52,37876,69.0,0,Corporate Auto,Four-Door Car,300.06
TZ60132,Oregon,Female,High School or Below,6071.91,12201,84.0,0,Corporate Auto,Four-Door Car,604.8
XG74199,Oregon,Male,College,9061.77,37970,115.0,0,Personal Auto,SUV,124.97
YM74115,Nevada,Male,Bachelor,2531.59,28898,67.0,0,Corporate Auto,Four-Door Car,82.81
LO48126,Oregon,Female,High School or Below,2467.13,23845,61.0,0,Personal Auto,Four-Door Car,292.8
NM37561,California,Male,High School or Below,7408.17,62810,187.0,1,Corporate Auto,Luxury,32.87
HW19141,Oregon,Female,Bachelor,3452.41,65773,89.0,4,Corporate Auto,Four-Door Car,245.31
OD21455,California,Male,Bachelor,4481.39,0,69.0,0,Personal Auto,Four-Door Car,232.18
WN14477,California,Male,Bachelor,21235.45,0,86.0,0,Personal Auto,Four-Door Car,568.75
YK88644,Nevada,Male,Master,3370.07,0,95.0,1,Personal Auto,Four-Door Car,476.9
YO41331,Oregon,Female,College,3746.75,41479,94.0,1,Personal Auto,Two-Door Car,19.58
PB39857,California,Male,Master,5129.61,72433,126.0,0,Personal Auto,SUV,343.14
NW67881,Oregon,Male,Bachelor,12300.0,74586,103.0,0,Personal Auto,SUV,494.4
BN13780,California,Female,Bachelor,18065.27,0,234.0,0,Personal Auto,Luxury,1135.14
EZ70847,Washington,Female,College,19644.76,67326,69.0,0,Corporate Auto,Four-Door Car,331.2
YR75102,Arizona,Male,College,35900.08,25285,114.0,0,Personal Auto,SUV,547.2
RS30611,Arizona,Male,High School or Below,6838.77,15871,89.0,0,Personal Auto,Four-Door Car,427.2
QT61438,Oregon,Male,Master,6519.29,38795,82.0,1,Corporate Auto,Two-Door Car,393.6
MD44130,Oregon,Male,High School or Below,5712.38,24882,72.0,0,Corporate Auto,Two-Door Car,345.6
MS78828,Nevada,Female,College,5126.54,33169,128.0,0,Personal Auto,SUV,614.4
DG31826,California,Male,Bachelor,4984.62,86305,62.0,0,Corporate Auto,Four-Door Car,80.73
WW67905,Oregon,Male,High School or Below,4102.2,0,112.0,0,Corporate Auto,SUV,537.6
LS92540,California,Female,College,4111.2,32210,103.0,0,Corporate Auto,SUV,494.4
RP92511,Nevada,Male,Bachelor,11085.88,69090,139.0,0,Personal Auto,Luxury,387.22
LK63879,California,Female,High School or Below,4745.68,0,63.0,0,Personal Auto,Four-Door Car,523.34
BT20606,Arizona,Male,Doctor,5837.53,83308,73.0,1,Personal Auto,Four-Door Car,419.47
WW31823,Oregon,Female,High School or Below,19190.32,39034,68.0,0,Personal Auto,Four-Door Car,466.45
MN79082,Oregon,Male,College,6444.08,46750,82.0,1,Corporate Auto,Two-Door Car,672.03
ID89933,Oregon,Female,Doctor,7255.58,39786,91.0,1,Personal Auto,Four-Door Car,365.84
NM77390,Nevada,Male,High School or Below,8197.71,56788,108.0,5,Special Auto,SUV,579.71
NN79124,Nevada,Male,Bachelor,4554.91,90156,114.0,0,Personal Auto,SUV,388.35
DF97701,Oregon,Female,Bachelor,7069.74,63867,89.0,1,Corporate Auto,Four-Door Car,432.36
EJ73184,California,Female,Bachelor,4743.69,83413,118.0,0,Personal Auto,SUV,134.8
GE43335,Nevada,Male,College,4019.38,0,118.0,0,Personal Auto,SUV,566.4
HB68898,Oregon,Female,Bachelor,20239.38,36116,171.0,2,Corporate Auto,SUV,158.13
UP80657,Washington,Male,College,2674.73,56342,69.0,0,Corporate Auto,Four-Door Car,331.2
PR13091,Oregon,Female,College,9206.43,55542,117.0,0,Personal Auto,Luxury,310.65
YV73432,Oregon,Male,College,23187.15,58466,66.0,1,Personal Auto,Two-Door Car,316.8
CG90504,Oregon,Female,College,4770.55,12964,65.0,0,Personal Auto,Two-Door Car,362.77
SH12501,Washington,Male,High School or Below,3768.09,43412,94.0,0,Personal Auto,Two-Door Car,509.72
ZR58728,Nevada,Male,Master,2893.74,82611,74.0,1,Personal Auto,Four-Door Car,355.2
NS57426,Arizona,Male,Bachelor,11611.95,28915,76.0,0,Personal Auto,Four-Door Car,364.8
HU99414,Oregon,Male,High School or Below,14246.15,0,207.0,0,Personal Auto,Luxury,1490.4
LP86596,Arizona,Female,High School or Below,2554.55,0,70.0,0,Personal Auto,Four-Door Car,336.0
HR92775,California,Female,College,3226.52,91774,81.0,0,Personal Auto,Four-Door Car,285.02
DQ69331,Washington,Male,High School or Below,2227.07,27972,61.0,0,Personal Auto,Four-Door Car,292.8
SP41790,California,Male,Bachelor,10623.41,0,96.0,0,Personal Auto,Four-Door Car,460.8
YA52900,Oregon,Male,College,8304.69,0,122.0,2,Corporate Auto,SUV,681.33
RQ88363,California,Female,College,5155.53,77857,64.0,0,Personal Auto,Four-Door Car,160.63
OZ37864,Oregon,Female,Bachelor,4407.77,0,62.0,0,Personal Auto,Four-Door Car,114.1
EH27304,California,Female,Doctor,2955.5,56502,74.0,0,Personal Auto,Four-Door Car,355.2
CR37971,Oregon,Male,Bachelor,3900.91,95018,97.0,0,Personal Auto,Four-Door Car,315.88
KL54950,Oregon,Male,Bachelor,4531.37,23705,122.0,4,Personal Auto,SUV,585.6
DS75515,California,Male,Bachelor,2813.31,72333,70.0,0,Personal Auto,Two-Door Car,177.22
YW72997,Arizona,Male,High School or Below,7196.72,0,107.0,0,Personal Auto,SUV,770.4
MR13691,Arizona,Male,Bachelor,6301.1,47622,80.0,0,Personal Auto,Four-Door Car,305.54
PP20957,Nevada,Female,Bachelor,7799.44,0,105.0,0,Personal Auto,SUV,504.0
KJ41153,Oregon,Male,College,8292.63,79632,106.0,1,Personal Auto,SUV,344.05
WX49215,Oregon,Male,Master,18534.61,16154,62.0,1,Personal Auto,Four-Door Car,91.36
CH78309,Oregon,Male,College,2906.3,72211,73.0,0,Personal Auto,Four-Door Car,44.91
UF54329,California,Male,College,6089.77,70892,76.0,0,Corporate Auto,Two-Door Car,206.71
CQ59706,Washington,Female,College,5016.14,49367,63.0,0,Personal Auto,Four-Door Car,69.23
KP77095,Arizona,Female,Bachelor,15470.6,68086,194.0,0,Corporate Auto,SUV,218.34
PP14656,Washington,Male,Master,5680.47,90353,70.0,0,Personal Auto,Two-Door Car,72.62
QM74025,Oregon,Female,High School or Below,4582.16,49558,115.0,0,Personal Auto,SUV,552.0
RW67951,Washington,Male,Bachelor,8663.55,93485,72.0,0,Personal Auto,Four-Door Car,127.1
ED13353,Oregon,Male,High School or Below,5274.2,10629,74.0,0,Personal Auto,Four-Door Car,532.8
LG49010,California,Male,Bachelor,2620.6,10237,72.0,0,Personal Auto,Two-Door Car,253.64
UA74474,Oregon,Female,College,4515.18,87517,112.0,1,Corporate Auto,Four-Door Car,802.28
AC79024,Nevada,Male,Bachelor,5533.23,23241,70.0,0,Personal Auto,Two-Door Car,504.0
SD61306,Arizona,Male,High School or Below,5216.91,60861,66.0,0,Personal Auto,Four-Door Car,65.43
PF88939,Nevada,Male,Doctor,7860.09,21726,104.0,0,Personal Auto,SUV,697.01
FG64765,Arizona,Male,Bachelor,5016.55,36313,67.0,2,Personal Auto,Four-Door Car,300.38
DC79319,California,Female,Bachelor,3351.57,29160,87.0,0,Personal Auto,Two-Door Car,417.6
HS45195,California,Male,High School or Below,6732.2,0,99.0,0,Personal Auto,Two-Door Car,712.8
VN73653,Oregon,Male,College,6423.74,0,188.0,0,Corporate Auto,Luxury,1621.56
WL72919,California,Female,College,4974.87,48139,63.0,0,Personal Auto,Four-Door Car,329.49
DO31181,Oregon,Female,College,4739.3,0,76.0,5,Personal Auto,Two-Door Car,38.79
WY23230,Oregon,Female,College,6086.43,13688,84.0,0,Personal Auto,Two-Door Car,403.2
SK89479,California,Male,College,5016.64,0,73.0,0,Corporate Auto,Four-Door Car,525.6
BM30720,Nevada,Female,High School or Below,7341.79,27649,63.0,0,Personal Auto,Four-Door Car,302.4
XG92008,Arizona,Female,Master,3215.2,24191,80.0,0,Personal Auto,Four-Door Car,103.75
CJ46674,Oregon,Male,High School or Below,2533.8,0,71.0,0,Corporate Auto,Four-Door Car,517.06
UJ31096,Oregon,Female,High School or Below,5340.54,58493,67.0,0,Personal Auto,Four-Door Car,321.6
GS44464,California,Female,High School or Below,3644.83,82477,90.0,0,Personal Auto,Two-Door Car,432.0
XP35430,Oregon,Female,College,6382.05,88663,79.0,0,Special Auto,Four-Door Car,379.2
QI51950,Nevada,Female,High School or Below,4303.64,74057,109.0,0,Personal Auto,SUV,523.2
PL88841,Arizona,Male,Bachelor,4228.73,0,63.0,2,Corporate Auto,Two-Door Car,302.4
ZW51790,Arizona,Female,College,10426.09,52342,66.0,3,Personal Auto,Two-Door Car,316.8
MY80820,California,Male,Bachelor,2484.75,42012,63.0,0,Corporate Auto,Four-Door Car,40.75
NE13752,Arizona,Male,Bachelor,8232.76,56021,69.0,0,Personal Auto,Four-Door Car,279.51
VL51487,California,Male,High School or Below,21768.7,35124,137.0,0,Personal Auto,SUV,986.4
DD97473,Oregon,Female,High School or Below,2160.92,0,62.0,1,Personal Auto,Four-Door Car,439.0
QJ89807,Nevada,Female,High School or Below,4423.69,0,125.0,0,Personal Auto,SUV,900.0
GK24074,Arizona,Female,College,3691.77,37202,93.0,0,Personal Auto,Two-Door Car,322.53
DL61016,Oregon,Male,College,4940.51,65985,71.0,5,Special Auto,Four-Door Car,42.43
EV60177,California,Female,High School or Below,8503.94,87771,74.0,4,Personal Auto,Four-Door Car,355.2
OS96036,Arizona,Female,College,41143.09,63624,115.0,2,Personal Auto,SUV,306.34
AF37776,California,Female,Bachelor,10419.17,80192,129.0,0,Personal Auto,SUV,200.66
NC78961,Oregon,Male,Bachelor,4139.9,35945,105.0,0,Personal Auto,SUV,756.0
YA15471,Oregon,Male,College,7627.66,93004,63.0,0,Corporate Auto,Four-Door Car,205.96
KX80728,Washington,Male,High School or Below,6162.37,0,89.0,0,Personal Auto,Four-Door Car,941.35
VV47792,California,Female,College,25807.06,71210,214.0,1,Personal Auto,Luxury,1027.2
GE80842,Oregon,Female,College,15506.93,99159,190.0,0,Personal Auto,Luxury,912.0
QA93530,Nevada,Female,College,5757.49,81491,72.0,0,Personal Auto,Four-Door Car,61.72
GA27295,California,Female,Master,39365.3,99875,108.0,0,Personal Auto,SUV,114.97
EL55611,California,Female,High School or Below,5555.49,51705,139.0,0,Personal Auto,SUV,545.29
TL39050,Arizona,Female,Bachelor,23893.3,39837,201.0,0,Corporate Auto,Luxury,381.31
ZQ96022,Oregon,Female,College,9594.78,31421,81.0,0,Personal Auto,Two-Door Car,388.8
OM69210,Arizona,Male,Bachelor,5411.94,81531,135.0,0,Personal Auto,SUV,420.43
VU72280,California,Female,Bachelor,5318.9,25134,67.0,0,Corporate Auto,Four-Door Car,321.6
WC21189,California,Female,College,7731.71,37386,97.0,0,Corporate Auto,Four-Door Car,465.6
JX50334,California,Female,College,2004.35,0,66.0,4,Corporate Auto,Four-Door Car,316.8
GB70736,Oregon,Female,College,5510.97,99553,68.0,0,Corporate Auto,Four-Door Car,111.59
PU21485,Arizona,Female,Bachelor,11158.13,0,161.0,0,Corporate Auto,SUV,1159.2
MF49636,Arizona,Male,High School or Below,5390.27,70705,69.0,2,Personal Auto,Two-Door Car,272.02
TG29325,Nevada,Female,College,2658.22,22724,69.0,0,Personal Auto,Four-Door Car,9.42
MW83318,Oregon,Female,College,8826.61,26320,111.0,0,Corporate Auto,SUV,603.82
LM54297,Nevada,Male,Bachelor,4713.4,0,69.0,0,Personal Auto,Four-Door Car,806.53
NI78185,California,Male,College,2393.92,0,70.0,0,Personal Auto,Four-Door Car,425.27
HL14274,California,Female,College,11895.18,88218,99.0,0,Personal Auto,Two-Door Car,50.32
SF86727,Nevada,Male,Master,5580.96,25180,70.0,0,Personal Auto,Four-Door Car,235.9
EM89554,Oregon,Female,Bachelor,8617.55,48091,108.0,0,Personal Auto,SUV,132.04
XP50892,Oregon,Male,High School or Below,3940.12,92539,100.0,0,Corporate Auto,SUV,25.71
VH77056,Arizona,Female,Bachelor,2448.77,40658,61.0,1,Personal Auto,Four-Door Car,38.38
JF19701,Arizona,Male,Bachelor,4439.68,75453,112.0,0,Special Auto,SUV,163.95
JN49891,Oregon,Male,College,2534.95,94003,64.0,0,Personal Auto,Four-Door Car,307.2
CX65318,Arizona,Male,Master,17420.57,31737,218.0,0,Personal Auto,Luxury,1046.4
HL35876,Washington,Male,College,2393.92,0,70.0,0,Personal Auto,Four-Door Car,425.27
RD87161,Washington,Female,High School or Below,2681.33,0,71.0,1,Personal Auto,Four-Door Car,340.8
CF50291,California,Female,College,4272.81,0,114.0,0,Personal Auto,Four-Door Car,1343.62
VF35858,California,Male,Bachelor,15284.33,48885,190.0,0,Personal Auto,Luxury,1090.12
XG55762,Nevada,Female,Bachelor,20186.35,0,79.0,0,Corporate Auto,Four-Door Car,379.2
EC28314,California,Male,Bachelor,4984.62,86305,62.0,0,Personal Auto,Four-Door Car,80.73
GR53936,Oregon,Female,Bachelor,5246.28,28909,66.0,0,Corporate Auto,Two-Door Car,456.7
DV51398,California,Male,High School or Below,8827.23,0,123.0,1,Personal Auto,SUV,1088.38
YF81002,Oregon,Male,College,3269.01,26140,84.0,1,Personal Auto,Two-Door Car,403.2
YM20358,Oregon,Male,Bachelor,16979.8,35095,73.0,0,Personal Auto,Two-Door Car,525.6
AZ75509,Arizona,Female,Bachelor,2479.92,31678,63.0,0,Personal Auto,Two-Door Car,76.63
No93155,Arizona,Male,Master,7200.57,28245,62.0,0,Personal Auto,Two-Door Car,297.6
FG21322,Oregon,Female,Bachelor,7917.12,0,72.0,0,Personal Auto,Four-Door Car,345.6
GO44613,Nevada,Female,High School or Below,24061.11,19168,106.0,1,Personal Auto,SUV,508.8
ZW93288,California,Female,Master,19160.99,22705,239.0,0,Personal Auto,Luxury,1294.7
MS67230,Nevada,Female,College,23295.06,86481,65.0,0,Corporate Auto,Two-Door Car,189.97
FQ32742,Arizona,Male,Doctor,7553.94,38008,68.0,4,Personal Auto,Four-Door Car,321.79
YF30946,California,Male,College,2405.62,63032,61.0,0,Personal Auto,Four-Door Car,404.55
TH69908,Washington,Female,College,4865.37,27228,129.0,4,Personal Auto,Luxury,238.26
QA78691,Nevada,Female,Bachelor,16388.1,0,68.0,1,Personal Auto,Four-Door Car,483.58
NL44360,Oregon,Female,Bachelor,2611.15,13424,71.0,0,Personal Auto,Four-Door Car,340.8
HO77809,Oregon,Female,College,8688.75,59098,110.0,0,Personal Auto,SUV,665.93
MC30750,Oregon,Female,Master,13736.13,16181,181.0,0,Personal Auto,SUV,1261.32
HU41273,Oregon,Male,High School or Below,8564.77,95697,107.0,0,Personal Auto,Luxury,178.01
VS73599,Arizona,Male,College,7019.18,26806,63.0,0,Personal Auto,Four-Door Car,302.4
TO74000,Oregon,Male,High School or Below,8114.41,30595,69.0,0,Corporate Auto,Four-Door Car,446.08
MS45259,Nevada,Male,College,4864.38,88079,61.0,0,Personal Auto,Two-Door Car,121.89
LI45265,Oregon,Female,Bachelor,8569.42,99803,71.0,0,Personal Auto,Four-Door Car,189.14
LK70293,Nevada,Female,High School or Below,17793.61,0,118.0,0,Personal Auto,Four-Door Car,1118.99
FY24370,Oregon,Male,Bachelor,12944.19,0,191.0,0,Personal Auto,Luxury,1375.2
YE64125,Oregon,Female,College,2649.21,36283,68.0,1,Personal Auto,Four-Door Car,291.41
QT39025,Arizona,Female,Bachelor,4582.9,66991,115.0,0,Personal Auto,SUV,399.62
LO15516,California,Male,Bachelor,2691.7,34322,70.0,2,Corporate Auto,Four-Door Car,336.0
FM47139,Oregon,Female,College,2466.38,44855,63.0,1,Personal Auto,Four-Door Car,103.61
LW59140,Arizona,Male,Bachelor,9277.47,97729,115.0,1,Personal Auto,Four-Door Car,221.05
JA26024,Oregon,Female,High School or Below,4142.56,48263,104.0,0,Personal Auto,Two-Door Car,674.86
YF16441,California,Female,Bachelor,27990.27,68343,79.0,0,Personal Auto,Two-Door Car,379.2
QT43282,Oregon,Male,Master,9409.14,76847,118.0,0,Corporate Auto,SUV,31.59
NL17964,Oregon,Male,High School or Below,2581.02,35795,65.0,0,Personal Auto,Four-Door Car,312.0
CD27895,California,Female,Bachelor,7637.11,0,71.0,0,Personal Auto,Four-Door Car,340.8
CF62992,Oregon,Female,High School or Below,2471.08,53074,61.0,0,Personal Auto,Two-Door Car,268.77
QK23742,California,Female,College,2302.82,0,63.0,0,Corporate Auto,Four-Door Car,732.64
UV64489,Arizona,Female,Bachelor,8716.37,28743,112.0,0,Personal Auto,SUV,537.6
ED65109,California,Female,College,5207.99,81839,65.0,1,Personal Auto,Four-Door Car,74.67
SC40169,Oregon,Female,College,2719.51,14030,72.0,0,Personal Auto,Two-Door Car,345.6
PW88443,Oregon,Female,College,2452.73,32764,61.0,0,Personal Auto,Two-Door Car,292.95
YZ38778,Oregon,Male,Master,3829.09,74775,95.0,0,Personal Auto,Four-Door Car,676.66
EO77382,Arizona,Female,Bachelor,8873.53,53503,114.0,0,Personal Auto,Four-Door Car,547.2
SM42728,California,Male,College,15925.06,34455,135.0,0,Personal Auto,SUV,648.0
PX31667,Washington,Male,High School or Below,2952.36,52198,74.0,0,Personal Auto,Two-Door Car,355.2
NC35008,Oregon,Female,College,15923.96,64429,133.0,2,Personal Auto,SUV,222.08
XC77244,Oregon,Male,High School or Below,7285.03,44788,61.0,0,Personal Auto,Four-Door Car,386.03
UM52895,California,Female,Bachelor,13104.3,30130,110.0,0,Personal Auto,SUV,528.0
WV39838,Arizona,Female,College,2436.84,0,65.0,0,Personal Auto,Two-Door Car,149.24
IT92328,Nevada,Male,High School or Below,9350.87,0,275.0,1,Corporate Auto,Luxury,1980.0
QD86074,Oregon,Female,High School or Below,9035.67,34337,113.0,0,Corporate Auto,Four-Door Car,542.4
WH80404,California,Male,High School or Below,17250.75,22276,111.0,1,Personal Auto,SUV,783.21
XH20787,California,Male,College,2549.08,52980,64.0,0,Personal Auto,Four-Door Car,191.95
ZU50513,California,Female,Bachelor,8954.84,97736,74.0,0,Personal Auto,Four-Door Car,60.09
TW42649,Washington,Female,College,2467.98,0,67.0,0,Corporate Auto,Two-Door Car,222.9
QH46481,Washington,Female,High School or Below,7700.62,0,73.0,1,Corporate Auto,Four-Door Car,792.87
MQ73697,Nevada,Female,College,3776.67,68727,94.0,0,Corporate Auto,Two-Door Car,386.52
UG48681,Nevada,Male,Bachelor,8044.87,71391,67.0,0,Personal Auto,Four-Door Car,284.0
ID58230,California,Female,College,5029.67,62271,63.0,0,Personal Auto,Four-Door Car,25.48
DY35486,California,Male,High School or Below,19957.79,0,187.0,0,Personal Auto,Luxury,1346.4
EP64833,California,Female,High School or Below,6179.7,0,86.0,0,Corporate Auto,Four-Door Car,412.8
MC69755,Washington,Female,Bachelor,5678.05,0,76.0,0,Personal Auto,Four-Door Car,364.8
ZZ41158,Washington,Male,College,4089.43,28506,104.0,0,Personal Auto,SUV,499.2
QM59790,Arizona,Female,High School or Below,3142.88,0,86.0,0,Personal Auto,Four-Door Car,412.8
LL67008,California,Female,Bachelor,22895.35,0,94.0,0,Corporate Auto,Four-Door Car,676.8
ZU69163,California,Female,Doctor,5586.89,94161,69.0,0,Personal Auto,Four-Door Car,108.99
EB72052,Oregon,Male,College,12105.29,33345,102.0,0,Personal Auto,SUV,694.08
WA60547,California,Female,College,11971.98,64195,158.0,4,Personal Auto,SUV,618.29
RV97631,Oregon,Female,College,15328.46,0,138.0,0,Corporate Auto,SUV,688.83
SS20130,Oregon,Female,Bachelor,5424.26,67414,68.0,0,Personal Auto,Four-Door Car,148.78
ZI72165,Arizona,Male,High School or Below,4981.83,33176,63.0,0,Corporate Auto,Four-Door Car,302.4
HD29166,Oregon,Female,Bachelor,14635.45,0,139.0,0,Personal Auto,SUV,667.2
NP30139,Oregon,Male,College,6862.87,56779,86.0,0,Corporate Auto,Four-Door Car,435.39
FV54537,California,Male,College,13745.05,40810,114.0,0,Personal Auto,SUV,780.38
SG62327,Nevada,Male,High School or Below,8111.65,30622,68.0,0,Corporate Auto,Four-Door Car,326.4
FX26050,Oregon,Male,Doctor,22712.02,14119,67.0,0,Special Auto,Two-Door Car,68.02
DU50092,Oregon,Female,College,56675.94,77237,283.0,0,Personal Auto,Luxury,1358.4
EU48798,Nevada,Female,College,8160.59,24980,71.0,0,Personal Auto,Two-Door Car,511.2
WE93328,Nevada,Female,High School or Below,3919.37,66676,97.0,0,Corporate Auto,Four-Door Car,558.1
KP83069,California,Female,High School or Below,7286.16,0,69.0,1,Personal Auto,Four-Door Car,669.72
GO56075,Oregon,Male,High School or Below,7589.63,0,69.0,0,Personal Auto,Four-Door Car,331.2
DI19952,Arizona,Female,Bachelor,9032.37,0,82.0,0,Personal Auto,Four-Door Car,157.21
SV58690,California,Male,Bachelor,5555.56,41853,71.0,0,Personal Auto,Two-Door Car,155.51
RF35142,Nevada,Female,Bachelor,8257.67,23815,73.0,0,Personal Auto,Four-Door Car,424.33
CU69816,California,Male,Bachelor,2721.75,22885,73.0,0,Corporate Auto,Four-Door Car,386.25
JM67025,Nevada,Male,High School or Below,5230.09,32630,66.0,0,Personal Auto,Four-Door Car,202.96
OB69329,California,Female,College,6273.91,18577,86.0,0,Personal Auto,Four-Door Car,412.8
GF19726,Oregon,Male,High School or Below,5866.07,75952,73.0,0,Personal Auto,Two-Door Car,350.4
FH39427,Nevada,Male,Bachelor,8802.19,96390,73.0,0,Corporate Auto,Two-Door Car,316.98
VM69145,California,Female,College,8722.9,25680,73.0,0,Personal Auto,Two-Door Car,332.41
GN76399,Nevada,Male,Bachelor,8178.52,0,112.0,0,Personal Auto,Four-Door Car,806.4
IV94496,Nevada,Male,High School or Below,43217.22,51504,220.0,0,Personal Auto,Luxury,2552.34
NM91640,Oregon,Male,High School or Below,2442.22,0,74.0,3,Personal Auto,Four-Door Car,532.8
DS46955,California,Female,Master,2919.71,41456,73.0,0,Personal Auto,Four-Door Car,257.38
LU82585,Nevada,Male,High School or Below,6366.23,44368,80.0,0,Personal Auto,Two-Door Car,384.0
QX31376,Oregon,Female,Master,17114.33,70961,85.0,0,Corporate Auto,Four-Door Car,408.0
SQ36805,Oregon,Female,Doctor,2395.57,21986,63.0,0,Personal Auto,Two-Door Car,333.7
UY57856,Oregon,Female,College,2987.95,0,83.0,0,Corporate Auto,Four-Door Car,708.69
OG84541,Arizona,Female,Master,12780.28,33514,105.0,0,Personal Auto,Luxury,265.22
NT66759,Arizona,Female,College,3906.67,60230,98.0,0,Personal Auto,Four-Door Car,8.13
PR74307,California,Male,High School or Below,2594.59,0,70.0,1,Corporate Auto,Four-Door Car,494.2
PW15144,Washington,Male,College,5267.85,40818,66.0,0,Personal Auto,Four-Door Car,316.8
KS89479,Oregon,Male,College,9095.05,37937,116.0,0,Personal Auto,SUV,556.8
QA22158,Arizona,Female,College,7122.27,64571,89.0,0,Corporate Auto,Four-Door Car,452.12
MK32733,California,Male,Bachelor,9117.44,0,126.0,0,Corporate Auto,SUV,421.91
WL85494,California,Male,College,41075.43,21988,209.0,0,Personal Auto,Luxury,1003.2
RZ79717,Arizona,Male,High School or Below,3486.7,0,95.0,0,Corporate Auto,Four-Door Car,684.0
NS12730,Oregon,Male,Bachelor,7297.69,24672,93.0,0,Personal Auto,Two-Door Car,669.6
YK32760,Oregon,Male,High School or Below,2502.21,0,74.0,1,Corporate Auto,Four-Door Car,355.2
SS77718,California,Male,Bachelor,9955.49,0,96.0,0,Personal Auto,Four-Door Car,460.8
QP62600,Oregon,Male,Bachelor,7094.16,72878,61.0,2,Corporate Auto,Two-Door Car,45.46
ET47892,Oregon,Male,College,12280.77,88340,102.0,0,Personal Auto,Two-Door Car,489.6
PS78418,Oregon,Male,Bachelor,5773.9,52278,73.0,0,Personal Auto,Two-Door Car,235.0
SK32629,California,Female,College,4904.89,12902,139.0,0,Personal Auto,Luxury,667.2
LQ79472,Arizona,Male,College,3423.82,99816,86.0,0,Corporate Auto,Two-Door Car,172.91
AI58500,Arizona,Female,College,2689.17,26554,68.0,1,Personal Auto,Two-Door Car,391.69
ME47990,California,Male,High School or Below,3109.01,77485,77.0,0,Corporate Auto,Four-Door Car,355.91
KU25309,Oregon,Male,College,22425.26,22537,64.0,1,Corporate Auto,Four-Door Car,307.2
RW66792,California,Female,High School or Below,5705.55,76522,71.0,0,Personal Auto,Four-Door Car,340.8
MN32305,Oregon,Female,College,2063.39,0,64.0,3,Personal Auto,Four-Door Car,602.91
XS98744,Oregon,Female,Master,5096.67,22886,65.0,0,Special Auto,Four-Door Car,312.0
SL19130,Oregon,Male,High School or Below,4101.94,0,115.0,0,Personal Auto,Two-Door Car,552.0
JG66653,Oregon,Male,High School or Below,2537.93,25506,65.0,0,Personal Auto,Two-Door Car,312.0
GQ17441,Nevada,Male,High School or Below,3651.69,0,110.0,0,Personal Auto,SUV,1265.39
WL67313,California,Female,College,10014.06,0,98.0,1,Personal Auto,Two-Door Car,705.6
LX33054,Oregon,Male,High School or Below,6758.81,0,191.0,0,Personal Auto,Luxury,2042.57
HN97052,Oregon,Female,College,5205.91,0,72.0,0,Personal Auto,Two-Door Car,345.6
EB12732,Oregon,Female,High School or Below,2847.97,96357,71.0,1,Personal Auto,Four-Door Car,238.25
KA29693,California,Male,College,11513.36,16266,100.0,0,Special Auto,SUV,1177.32
KE41602,Arizona,Male,High School or Below,7588.36,76516,95.0,0,Personal Auto,Two-Door Car,661.01
QF17193,Arizona,Female,College,2389.31,20484,61.0,0,Personal Auto,Four-Door Car,181.22
IQ63581,California,Female,Master,5066.83,40215,64.0,0,Personal Auto,Four-Door Car,98.48
MR39613,California,Male,Bachelor,36860.91,22854,122.0,0,Special Auto,Luxury,878.4
RQ22171,California,Female,High School or Below,3961.59,0,118.0,1,Corporate Auto,SUV,264.64
QV89791,California,Female,High School or Below,8476.81,55217,107.0,2,Personal Auto,Two-Door Car,696.12
MD15300,California,Male,College,10110.77,76276,86.0,0,Corporate Auto,Two-Door Car,93.31
OW33876,Washington,Female,College,2476.48,47918,62.0,0,Corporate Auto,Two-Door Car,246.26
SK12752,California,Female,Bachelor,4463.0,0,73.0,3,Corporate Auto,Two-Door Car,350.4
BW65176,Arizona,Male,College,3141.25,43499,80.0,0,Personal Auto,Four-Door Car,529.49
XV31269,Oregon,Male,High School or Below,2496.14,0,72.0,0,Corporate Auto,Two-Door Car,518.4
NV94455,Arizona,Female,College,6861.28,0,71.0,3,Personal Auto,Two-Door Car,476.2
QA32784,Oregon,Male,Bachelor,4983.18,21497,128.0,0,Personal Auto,Luxury,614.4
UH41125,Arizona,Male,High School or Below,2227.07,27972,61.0,0,Personal Auto,Four-Door Car,292.8
VS28690,Nevada,Female,Master,9670.18,20942,84.0,0,Personal Auto,Four-Door Car,403.2
SD63822,Oregon,Female,Bachelor,5088.69,0,71.0,0,Corporate Auto,Four-Door Car,511.2
QE50648,Washington,Female,High School or Below,7095.13,74298,177.0,0,Corporate Auto,Luxury,161.54
EL77795,California,Female,College,5437.91,23339,138.0,0,Corporate Auto,SUV,666.31
VK98184,Arizona,Female,College,5033.69,77031,125.0,0,Personal Auto,SUV,600.0
BR69566,Oregon,Male,College,14019.83,31739,71.0,0,Personal Auto,Two-Door Car,469.88
AI16519,Nevada,Male,High School or Below,4877.61,0,66.0,0,Personal Auto,Two-Door Car,420.39
SN67992,Washington,Female,Bachelor,3449.49,25236,89.0,0,Personal Auto,Four-Door Car,427.2
BE31382,Oregon,Female,College,3771.62,0,103.0,1,Personal Auto,SUV,685.23
ZP49970,Oregon,Male,Bachelor,5824.82,40964,74.0,0,Special Auto,Two-Door Car,355.2
OA23108,Oregon,Female,Doctor,4379.93,40896,109.0,0,Personal Auto,Luxury,319.29
LY90785,Oregon,Male,Bachelor,5793.16,95733,72.0,0,Corporate Auto,Two-Door Car,475.42
ZR66788,California,Female,High School or Below,2725.68,39161,71.0,3,Personal Auto,Four-Door Car,340.8
BL12371,Arizona,Male,Master,5790.57,84551,72.0,0,Personal Auto,Four-Door Car,28.93
GB68813,Nevada,Female,Bachelor,8502.24,12843,111.0,0,Corporate Auto,Four-Door Car,1143.49
IG90926,Arizona,Female,College,2476.59,71551,62.0,0,Personal Auto,Four-Door Car,297.6
CT86614,Arizona,Male,Bachelor,2426.96,0,71.0,0,Corporate Auto,Four-Door Car,511.2
BL13393,Oregon,Female,High School or Below,5897.99,77835,74.0,1,Personal Auto,Four-Door Car,43.62
TU33850,Washington,Female,Bachelor,4617.39,16764,61.0,0,Personal Auto,Four-Door Car,292.8
IL25109,Nevada,Male,High School or Below,12521.42,39007,105.0,0,Personal Auto,Two-Door Car,1023.84
OP67672,Washington,Female,Master,9079.82,20290,113.0,0,Personal Auto,SUV,766.52
NW73460,Arizona,Female,High School or Below,7777.2,46182,65.0,0,Corporate Auto,Two-Door Car,2.57
LW57693,Oregon,Female,College,5601.68,11920,74.0,0,Personal Auto,Four-Door Car,355.2
JD81426,Arizona,Male,High School or Below,3459.04,97162,86.0,0,Personal Auto,Four-Door Car,32.72
AM99192,Arizona,Male,College,9061.95,42743,117.0,1,Personal Auto,SUV,101.29
LQ31287,Oregon,Female,College,6866.09,0,64.0,0,Personal Auto,Two-Door Car,40.45
ZU25563,California,Female,College,2659.71,0,87.0,3,Personal Auto,Four-Door Car,420.04
RU75949,Oregon,Male,College,12332.52,85789,105.0,2,Personal Auto,Luxury,122.3
DV85764,California,Male,High School or Below,21172.39,0,82.0,0,Personal Auto,Four-Door Car,588.27
VU33725,Oregon,Male,High School or Below,3677.91,31349,93.0,0,Corporate Auto,Four-Door Car,446.4
SV43220,Oregon,Male,College,9816.53,37256,62.0,0,Personal Auto,Four-Door Car,128.97
WL61717,Arizona,Female,Bachelor,4922.17,0,69.0,0,Personal Auto,Four-Door Car,331.2
IW17510,California,Female,High School or Below,7583.96,0,102.0,0,Personal Auto,Luxury,848.16
ZS35830,Oregon,Female,College,2685.9,58166,67.0,0,Personal Auto,Four-Door Car,91.91
TY95197,Washington,Female,College,4132.59,0,63.0,1,Personal Auto,Four-Door Car,453.6
PU73501,Arizona,Male,Bachelor,8622.84,97361,73.0,0,Personal Auto,Four-Door Car,350.4
FP65563,Washington,Male,High School or Below,15253.26,51937,193.0,0,Personal Auto,Luxury,850.39
IC44995,Oregon,Female,College,4277.56,75921,106.0,0,Personal Auto,SUV,609.68
AY55759,California,Female,High School or Below,20096.89,92766,71.0,0,Personal Auto,Two-Door Car,379.03
GO94903,Oregon,Female,College,4770.55,12964,65.0,0,Personal Auto,Two-Door Car,362.77
TF35512,Oregon,Female,College,7025.65,48117,88.0,0,Corporate Auto,Four-Door Car,422.4
HY43263,California,Female,Bachelor,8265.38,0,77.0,0,Corporate Auto,Two-Door Car,554.4
WP34496,Washington,Male,High School or Below,24552.87,0,118.0,1,Personal Auto,SUV,966.54
QE73187,Oregon,Male,High School or Below,4407.97,66152,111.0,0,Corporate Auto,SUV,532.8
WL13766,Arizona,Male,High School or Below,2482.2,31093,64.0,0,Personal Auto,Four-Door Car,274.96
VT44999,Arizona,Female,High School or Below,3858.87,0,107.0,1,Personal Auto,SUV,513.6
RZ14993,California,Female,High School or Below,11572.1,0,166.0,0,Special Auto,Luxury,1195.2
XI14610,California,Female,College,3645.46,19121,95.0,0,Personal Auto,Four-Door Car,915.19
VE31268,Oregon,Male,Bachelor,4362.77,0,65.0,0,Personal Auto,Four-Door Car,468.0
ZD13262,Oregon,Female,High School or Below,10425.99,68563,131.0,1,Personal Auto,SUV,350.1
OJ58066,Nevada,Male,High School or Below,7025.04,24726,92.0,1,Personal Auto,Four-Door Car,150.69
RK81706,Arizona,Female,College,7388.73,0,97.0,0,Personal Auto,Four-Door Car,638.37
NI18835,California,Male,Bachelor,2927.73,51991,73.0,0,Personal Auto,Four-Door Car,124.38
RA87395,California,Male,Bachelor,8356.18,0,118.0,0,Personal Auto,SUV,153.18
QN13323,Oregon,Male,High School or Below,8718.06,89096,111.0,0,Personal Auto,SUV,64.98
BC53363,Oregon,Female,High School or Below,35227.3,23031,148.0,0,Special Auto,SUV,710.4
VB26229,Arizona,Male,Bachelor,8697.88,29540,73.0,0,Personal Auto,Four-Door Car,350.4
AD28535,California,Female,Master,3554.85,58557,88.0,0,Personal Auto,Four-Door Car,55.51
SE50560,Oregon,Male,College,2818.31,88816,70.0,0,Personal Auto,Two-Door Car,164.28
YL65673,California,Female,Bachelor,19045.5,0,61.0,0,Personal Auto,Four-Door Car,439.2
WK65741,California,Female,High School or Below,2893.81,61809,72.0,0,Personal Auto,Two-Door Car,328.0
GZ77449,California,Male,College,14439.8,58452,186.0,0,Corporate Auto,Luxury,892.8
OF49789,Oregon,Female,College,5121.84,57161,127.0,0,Personal Auto,Luxury,609.6
YX54093,Arizona,Male,College,2217.66,0,65.0,0,Personal Auto,Four-Door Car,111.87
TD19026,California,Female,High School or Below,2861.72,90083,71.0,0,Personal Auto,Two-Door Car,181.69
XT67997,California,Female,High School or Below,5979.72,57693,76.0,0,Personal Auto,Four-Door Car,547.2
WP65749,Nevada,Male,College,7377.23,0,69.0,0,Personal Auto,Four-Door Car,331.2
YT91759,California,Male,High School or Below,6366.23,44368,80.0,0,Personal Auto,Two-Door Car,384.0
YH20696,Oregon,Male,College,8657.97,68727,72.0,0,Personal Auto,Four-Door Car,171.48
NS14955,Oregon,Female,Master,11726.19,40564,97.0,0,Personal Auto,Four-Door Car,85.97
UH79028,Nevada,Male,High School or Below,5780.18,51066,74.0,0,Personal Auto,Four-Door Car,787.99
JM89095,Oregon,Male,High School or Below,10058.74,0,92.0,0,Personal Auto,Two-Door Car,640.23
NK26146,Washington,Female,College,7072.93,90551,61.0,4,Corporate Auto,Four-Door Car,374.53
HE99696,Washington,Female,College,4787.21,0,67.0,0,Personal Auto,Four-Door Car,321.6
HH15953,California,Male,Bachelor,3013.44,21353,80.0,0,Personal Auto,Four-Door Car,576.0
ZO30377,California,Male,High School or Below,3472.37,0,102.0,0,Personal Auto,Four-Door Car,976.11
VZ23007,Oregon,Female,College,5380.9,55350,67.0,0,Personal Auto,Four-Door Car,321.6
DF74270,Nevada,Male,Bachelor,38230.21,80321,105.0,0,Corporate Auto,SUV,166.97
SE47384,California,Female,Bachelor,5526.44,94230,137.0,0,Special Auto,SUV,657.6
CS84396,Arizona,Male,Bachelor,4883.12,53305,63.0,0,Corporate Auto,Two-Door Car,302.4
OQ20827,California,Male,College,14203.04,55593,182.0,1,Corporate Auto,Luxury,677.64
VU47281,Oregon,Female,Bachelor,5745.42,0,165.0,0,Personal Auto,Luxury,1853.2
BN62219,Arizona,Female,College,9602.08,0,94.0,0,Personal Auto,Two-Door Car,676.8
TP39671,Arizona,Male,Bachelor,3199.75,0,87.0,0,Personal Auto,Four-Door Car,132.49
HX33134,Arizona,Male,High School or Below,2758.33,22158,74.0,0,Personal Auto,Four-Door Car,355.2
UR49989,Oregon,Female,Bachelor,2725.19,81605,67.0,0,Personal Auto,Two-Door Car,424.22
VU48786,Washington,Male,Master,5550.15,62219,69.0,0,Personal Auto,Two-Door Car,243.24
QM46642,California,Male,Bachelor,2619.17,15587,71.0,0,Special Auto,Two-Door Car,136.03
TG60853,Nevada,Female,Doctor,6265.34,0,84.0,1,Corporate Auto,Four-Door Car,481.03
CV40610,California,Male,College,12313.16,0,116.0,0,Personal Auto,Two-Door Car,835.2
HI98447,Oregon,Male,High School or Below,10552.43,28505,88.0,0,Personal Auto,Four-Door Car,422.4
QD86271,Arizona,Male,High School or Below,12022.39,25918,104.0,0,Personal Auto,SUV,996.78
ZD75163,Nevada,Male,High School or Below,9295.41,0,261.0,0,Corporate Auto,Luxury,2759.79
LB98130,Oregon,Male,Bachelor,7440.92,34137,62.0,0,Personal Auto,Two-Door Car,297.6
VZ16820,Washington,Male,Bachelor,10302.9,21839,137.0,0,Personal Auto,Luxury,657.6
YE24562,California,Male,College,3508.57,20978,98.0,1,Personal Auto,Four-Door Car,1176.28
IH78357,Oregon,Female,College,5761.32,83392,71.0,0,Personal Auto,Four-Door Car,125.96
TH96263,Nevada,Female,High School or Below,10280.81,73661,128.0,0,Personal Auto,SUV,404.33
DC31768,Arizona,Male,Bachelor,4783.92,49793,121.0,0,Personal Auto,SUV,640.84
YO81676,Oregon,Male,Bachelor,2142.89,0,65.0,0,Corporate Auto,Two-Door Car,686.77
MQ79612,California,Male,Doctor,8738.3,91890,107.0,0,Personal Auto,SUV,156.62
ZZ77357,Nevada,Male,High School or Below,4468.22,0,65.0,0,Corporate Auto,Two-Door Car,468.0
OE88763,California,Female,Bachelor,11315.2,11885,101.0,0,Corporate Auto,Four-Door Car,484.8
XP39695,Arizona,Female,Bachelor,21886.2,43000,109.0,0,Personal Auto,SUV,676.81
QC28119,Oregon,Male,High School or Below,7681.55,90043,63.0,0,Personal Auto,Four-Door Car,203.23
AZ29426,California,Male,College,16702.7,0,72.0,0,Special Auto,Four-Door Car,345.6
RI46607,California,Female,Bachelor,5015.01,48567,130.0,0,Corporate Auto,SUV,624.0
OJ63606,Arizona,Female,High School or Below,5776.34,27510,159.0,3,Corporate Auto,SUV,871.46
TQ89058,Nevada,Female,Master,2777.53,59124,70.0,2,Personal Auto,Four-Door Car,173.43
IW78492,Arizona,Female,College,4127.5,0,119.0,3,Personal Auto,Luxury,856.8
WE88728,Arizona,Female,High School or Below,6670.85,56531,170.0,3,Corporate Auto,SUV,816.0
PJ74689,Nevada,Female,Bachelor,14741.76,0,139.0,1,Personal Auto,SUV,667.2
ZI86917,Nevada,Male,Bachelor,38320.82,45277,191.0,0,Special Auto,Luxury,916.8
IJ71609,Washington,Female,Bachelor,2064.7,0,65.0,3,Personal Auto,Four-Door Car,368.83
FP17993,Arizona,Female,Bachelor,5504.14,0,73.0,0,Personal Auto,Four-Door Car,350.4
EC28398,Oregon,Female,Master,5096.67,22886,65.0,0,Corporate Auto,Four-Door Car,312.0
ZX85480,Washington,Female,High School or Below,7995.44,66685,67.0,2,Personal Auto,Two-Door Car,38.76
JP27787,Oregon,Female,College,5674.14,65775,72.0,0,Personal Auto,Four-Door Car,171.43
NH24429,Arizona,Male,Doctor,2886.23,52972,74.0,0,Special Auto,Four-Door Car,355.2
QU58523,Arizona,Male,Master,5794.68,52979,72.0,0,Personal Auto,Two-Door Car,345.6
EZ39383,Arizona,Female,Bachelor,10706.67,55436,67.0,0,Personal Auto,Four-Door Car,321.6
IR74017,Oregon,Female,College,5320.61,32116,132.0,0,Personal Auto,SUV,277.35
DH68234,California,Male,Master,20498.83,56070,74.0,0,Personal Auto,Two-Door Car,87.99
TZ37274,Arizona,Male,High School or Below,4628.28,0,62.0,0,Personal Auto,Four-Door Car,690.55
QG67362,California,Female,Bachelor,27287.5,0,116.0,1,Personal Auto,SUV,835.2
TN36916,California,Female,Bachelor,4029.72,93621,100.0,0,Personal Auto,SUV,59.86
FL74984,Oregon,Male,Bachelor,2744.08,79192,70.0,0,Personal Auto,Two-Door Car,336.0
FV15346,Arizona,Male,College,35444.31,96853,98.0,0,Personal Auto,Two-Door Car,565.5
JV12632,Washington,Female,Master,2858.99,0,83.0,4,Corporate Auto,Four-Door Car,355.39
TF64196,California,Female,College,5862.8,75121,73.0,0,Corporate Auto,Two-Door Car,171.23
PC27174,Oregon,Female,College,4031.54,0,117.0,0,Personal Auto,Four-Door Car,842.4
RL28880,Nevada,Female,Bachelor,7553.23,69959,63.0,0,Personal Auto,Two-Door Car,401.84
FG46631,Oregon,Female,Bachelor,16699.46,81400,104.0,0,Special Auto,Four-Door Car,499.2
PB29715,California,Male,High School or Below,3233.26,0,98.0,1,Corporate Auto,Two-Door Car,705.6
ZV42323,California,Male,Bachelor,5640.73,67523,72.0,0,Corporate Auto,Two-Door Car,345.24
YS49138,California,Female,High School or Below,8678.51,62366,108.0,0,Personal Auto,Four-Door Car,51.32
XJ34057,California,Male,Bachelor,10339.6,67134,131.0,1,Personal Auto,Luxury,277.45
NJ54277,California,Female,College,3746.75,41479,94.0,1,Personal Auto,Two-Door Car,19.58
RL64888,California,Female,College,2571.26,29697,66.0,4,Personal Auto,Four-Door Car,316.8
UM28580,Oregon,Female,High School or Below,4428.03,58577,110.0,0,Personal Auto,SUV,303.87
TO87218,California,Female,High School or Below,7413.39,0,106.0,0,Personal Auto,Luxury,508.8
YQ79307,Washington,Male,Bachelor,4768.96,51144,61.0,1,Personal Auto,Two-Door Car,223.31
KZ80383,Arizona,Female,High School or Below,6035.09,29587,76.0,0,Personal Auto,Four-Door Car,422.02
TS78649,Arizona,Male,High School or Below,16280.2,0,157.0,0,Personal Auto,Luxury,753.6
QX84389,California,Male,Master,9024.2,71499,112.0,0,Corporate Auto,Luxury,537.6
WC26700,California,Female,Bachelor,7495.68,0,106.0,0,Corporate Auto,Four-Door Car,763.2
JR26812,Nevada,Male,College,12520.98,0,126.0,0,Personal Auto,SUV,907.2
QD17769,Oregon,Male,High School or Below,2552.04,75740,64.0,0,Corporate Auto,Two-Door Car,128.52
VA89404,California,Male,Master,16887.8,53262,62.0,4,Corporate Auto,Four-Door Car,223.72
ZR41880,Nevada,Female,College,3038.83,75180,77.0,3,Corporate Auto,Four-Door Car,154.91
XK49057,California,Male,High School or Below,4455.52,31196,62.0,4,Corporate Auto,Two-Door Car,342.8
ZM52280,Arizona,Male,Bachelor,11972.78,0,186.0,2,Personal Auto,Luxury,1441.84
UX93878,Oregon,Female,Bachelor,8513.7,34505,106.0,0,Personal Auto,SUV,359.86
WY65854,Oregon,Female,Bachelor,9085.2,0,82.0,2,Personal Auto,Four-Door Car,146.76
ES97823,Oregon,Female,Bachelor,24096.24,0,97.0,0,Personal Auto,Four-Door Car,1154.64
CX34236,Oregon,Male,College,9095.05,37937,116.0,0,Personal Auto,SUV,556.8
CQ81839,Oregon,Female,College,21418.36,21897,139.0,0,Personal Auto,SUV,667.2
ES97399,Nevada,Male,High School or Below,10714.21,55994,92.0,2,Corporate Auto,Four-Door Car,441.6
GL44478,Oregon,Male,High School or Below,9986.66,24067,132.0,0,Corporate Auto,Luxury,633.6
ML79788,Arizona,Female,College,7908.67,43630,99.0,0,Corporate Auto,Four-Door Car,475.2
KZ67768,Nevada,Male,College,4869.6,23811,130.0,0,Personal Auto,SUV,624.0
XU67970,Washington,Male,College,2121.65,0,62.0,0,Personal Auto,Two-Door Car,446.4
IQ40799,Washington,Male,Bachelor,6328.18,0,100.0,2,Personal Auto,SUV,648.36
BV80674,Oregon,Female,Bachelor,4340.86,0,124.0,0,Personal Auto,SUV,595.2
TH72397,California,Male,Bachelor,6279.82,50562,79.0,0,Personal Auto,Four-Door Car,545.01
EC13382,Oregon,Female,Master,11981.98,21514,62.0,0,Corporate Auto,Two-Door Car,257.25
LE30774,California,Male,College,22235.01,80355,187.0,1,Corporate Auto,Luxury,897.6
RA14734,Arizona,Female,High School or Below,8646.5,64125,108.0,0,Personal Auto,SUV,369.82
IY31142,Oregon,Male,College,2444.33,83800,62.0,0,Personal Auto,Four-Door Car,196.16
CK29372,California,Female,College,5070.35,23840,64.0,0,Personal Auto,Four-Door Car,307.2
KD70601,Washington,Female,College,5647.15,54834,72.0,0,Corporate Auto,Four-Door Car,186.19
QN76596,California,Male,Bachelor,13345.14,80277,112.0,1,Corporate Auto,SUV,36.98
XI62151,Oregon,Male,College,13297.64,88430,66.0,1,Personal Auto,Four-Door Car,316.8
ZQ37702,California,Female,High School or Below,7031.79,26255,88.0,0,Personal Auto,Four-Door Car,52.75
GE13332,Nevada,Male,High School or Below,3615.89,0,95.0,0,Personal Auto,Four-Door Car,684.0
LZ84227,Arizona,Male,College,14120.04,95715,119.0,2,Personal Auto,Four-Door Car,148.98
EX97404,Oregon,Female,High School or Below,2155.21,0,70.0,3,Personal Auto,Four-Door Car,336.0
RQ99149,California,Male,Master,2748.85,32437,69.0,0,Corporate Auto,Two-Door Car,473.36
UP57305,California,Male,Bachelor,5087.02,22726,65.0,0,Personal Auto,Four-Door Car,312.0
IC82877,Arizona,Male,Bachelor,14031.7,58092,72.0,1,Personal Auto,Two-Door Car,202.24
JO63956,California,Male,College,8656.4,83365,109.0,1,Personal Auto,SUV,523.2
MD47500,California,Male,College,4861.49,12153,69.0,1,Personal Auto,Four-Door Car,438.16
OW31837,California,Female,Bachelor,19174.63,74028,118.0,0,Corporate Auto,SUV,53.08
OY20177,Oregon,Male,High School or Below,7089.68,52707,90.0,1,Corporate Auto,Four-Door Car,432.0
LZ10377,California,Male,High School or Below,6802.07,47451,87.0,1,Personal Auto,Four-Door Car,417.6
UB17669,Nevada,Female,Bachelor,2359.42,19864,63.0,0,Personal Auto,Four-Door Car,352.39
DP77737,Oregon,Female,High School or Below,15114.4,28513,100.0,1,Personal Auto,SUV,480.0
QT39597,Arizona,Male,High School or Below,2926.83,26242,74.0,0,Personal Auto,Four-Door Car,347.06
MQ74051,Arizona,Female,Bachelor,13014.23,55067,110.0,1,Personal Auto,SUV,353.1
MN98042,California,Male,College,7901.7,62291,100.0,0,Personal Auto,Luxury,480.0
XJ60303,California,Female,Bachelor,13406.92,25048,167.0,0,Personal Auto,SUV,801.6
GU42671,Arizona,Female,Bachelor,6106.94,16654,79.0,0,Personal Auto,Four-Door Car,379.2
DK26322,Washington,Male,High School or Below,12321.84,26887,113.0,0,Special Auto,SUV,542.4
NT75612,Oregon,Female,College,19338.53,22784,70.0,0,Personal Auto,Four-Door Car,224.9
AX28231,Washington,Male,High School or Below,5431.37,49345,69.0,0,Personal Auto,Two-Door Car,251.08
GA89827,Oregon,Male,College,7329.83,0,70.0,0,Personal Auto,Four-Door Car,622.38
UX91266,California,Male,Bachelor,3484.14,34307,92.0,2,Personal Auto,Four-Door Car,186.03
UC10048,Oregon,Female,College,6964.05,0,95.0,1,Corporate Auto,Four-Door Car,629.65
CY90231,Nevada,Male,Master,25253.1,44096,72.0,1,Personal Auto,Four-Door Car,345.6
QD26729,California,Male,College,2523.65,43204,64.0,3,Personal Auto,Four-Door Car,246.07
RZ98310,Nevada,Female,Bachelor,17349.03,0,92.0,0,Personal Auto,Four-Door Car,441.6
VJ73478,Oregon,Male,Bachelor,4058.67,0,117.0,0,Personal Auto,Luxury,842.4
KR29524,Oregon,Female,Bachelor,4742.62,78596,118.0,0,Personal Auto,SUV,133.91
ID58813,California,Male,Bachelor,4363.6,38925,112.0,0,Personal Auto,Luxury,241.3
SL98898,Nevada,Male,High School or Below,9048.98,0,119.0,0,Personal Auto,Luxury,571.2
LH90819,California,Male,Master,4210.1,21885,108.0,0,Corporate Auto,SUV,52.34
OL55220,California,Female,Bachelor,5241.14,48345,67.0,0,Personal Auto,Four-Door Car,212.01
YU90693,California,Female,High School or Below,2481.84,77993,62.0,0,Personal Auto,Four-Door Car,297.6
NM70181,Oregon,Male,Master,3585.94,25748,90.0,0,Personal Auto,Four-Door Car,117.87
ZU30804,California,Male,College,5498.94,22520,73.0,0,Personal Auto,Four-Door Car,350.4
ZT31931,Oregon,Male,High School or Below,10377.37,0,95.0,0,Personal Auto,Two-Door Car,579.45
BS29584,Oregon,Female,College,2589.7,0,73.0,0,Personal Auto,Four-Door Car,350.4
SX63814,Arizona,Male,High School or Below,9312.59,75986,115.0,0,Personal Auto,Four-Door Car,89.12
YL81070,Oregon,Male,High School or Below,14396.24,0,205.0,0,Personal Auto,Luxury,1476.0
RW24925,Oregon,Female,College,31920.77,58542,114.0,0,Personal Auto,SUV,129.99
FB84409,Arizona,Male,Bachelor,4921.33,43640,64.0,2,Personal Auto,Four-Door Car,1.21
YP38413,Oregon,Female,College,25805.51,86901,72.0,0,Personal Auto,Two-Door Car,313.37
ZE53116,Arizona,Male,High School or Below,5963.82,94115,74.0,0,Personal Auto,Four-Door Car,409.09
SU95720,California,Male,High School or Below,8923.11,0,125.0,0,Personal Auto,SUV,900.0
UM94104,Oregon,Male,High School or Below,5214.97,65375,65.0,0,Personal Auto,Four-Door Car,6.08
ET64307,California,Female,Bachelor,12522.54,44341,105.0,0,Personal Auto,Luxury,355.11
XD32841,Oregon,Male,Bachelor,13897.39,24378,188.0,0,Corporate Auto,SUV,902.4
SI90461,Washington,Female,High School or Below,3372.42,93489,84.0,0,Corporate Auto,Four-Door Car,104.28
RV75918,California,Female,College,7809.52,69161,97.0,0,Personal Auto,Four-Door Car,341.43
DZ64604,California,Male,High School or Below,12269.42,60774,154.0,0,Personal Auto,SUV,739.2
WF98532,California,Male,Bachelor,3123.08,0,101.0,4,Personal Auto,SUV,960.12
GQ15613,Arizona,Female,High School or Below,8004.21,54008,67.0,0,Personal Auto,Four-Door Car,370.5
XU63766,Oregon,Female,Bachelor,8105.87,0,74.0,0,Personal Auto,Four-Door Car,232.01
VU35401,Nevada,Female,High School or Below,2758.7,44619,68.0,0,Corporate Auto,Four-Door Car,283.67
NH95163,Oregon,Female,College,3707.28,16476,101.0,0,Personal Auto,Four-Door Car,313.89
CD55111,California,Male,Master,30154.68,73359,94.0,0,Corporate Auto,Two-Door Car,107.19
TQ73797,California,Male,Bachelor,8099.84,25949,104.0,0,Personal Auto,SUV,499.2
CC43119,California,Female,Bachelor,2921.49,62018,73.0,0,Corporate Auto,Two-Door Car,90.09
CD38665,California,Male,High School or Below,14510.44,41433,183.0,0,Personal Auto,Luxury,1317.6
JM30137,Washington,Female,College,16793.97,0,238.0,1,Personal Auto,Luxury,1142.4
CJ29883,Arizona,Female,Doctor,5332.46,68931,66.0,0,Personal Auto,Four-Door Car,309.58
LJ35581,Washington,Female,Bachelor,10025.92,0,141.0,0,Personal Auto,SUV,1015.2
DL11519,Oregon,Male,College,6875.61,0,104.0,0,Special Auto,SUV,748.8
AK11719,California,Male,Master,2272.31,0,64.0,0,Corporate Auto,Four-Door Car,286.12
YL91288,California,Female,Master,8923.15,98044,73.0,0,Personal Auto,Four-Door Car,347.34
XV53746,California,Female,High School or Below,16484.02,91354,68.0,0,Special Auto,Two-Door Car,361.65
HU57895,Washington,Female,College,6860.59,0,109.0,4,Corporate Auto,Luxury,605.14
MI95708,Arizona,Female,High School or Below,12947.68,15083,115.0,0,Personal Auto,Four-Door Car,552.0
AX45422,California,Female,High School or Below,13786.7,0,61.0,0,Personal Auto,Four-Door Car,370.76
KT92231,Oregon,Male,Bachelor,7706.03,0,107.0,0,Personal Auto,Luxury,1267.71
BM53580,Oregon,Female,Bachelor,8520.15,0,80.0,0,Personal Auto,Four-Door Car,69.14
ZB32409,California,Female,Bachelor,2242.23,0,67.0,3,Personal Auto,Four-Door Car,618.36
XA21742,California,Female,Bachelor,27069.5,22955,92.0,3,Personal Auto,Four-Door Car,441.6
RD22761,Washington,Male,Bachelor,20579.69,0,69.0,0,Personal Auto,Four-Door Car,566.67
PZ10136,Oregon,Male,Master,2465.62,51641,63.0,1,Personal Auto,Four-Door Car,137.09
OG62048,California,Female,Master,9052.95,10211,119.0,0,Personal Auto,SUV,571.2
IH23596,California,Female,Bachelor,2546.36,0,68.0,0,Corporate Auto,Four-Door Car,296.69
HE72629,Arizona,Female,Bachelor,3007.39,0,80.0,0,Personal Auto,Two-Door Car,16.52
KW52549,Arizona,Female,Bachelor,27789.69,33806,89.0,0,Personal Auto,Four-Door Car,395.73
OZ82391,California,Male,Master,6289.01,50269,80.0,0,Personal Auto,Two-Door Car,32.23
HH22446,Nevada,Male,Bachelor,3954.34,18375,103.0,0,Personal Auto,Luxury,535.08
HW16019,Oregon,Male,Bachelor,7583.19,24133,68.0,0,Personal Auto,Two-Door Car,76.03
IS30186,California,Female,College,6186.5,88375,77.0,0,Personal Auto,Four-Door Car,0.42
HN45134,Arizona,Male,Master,5757.44,88997,72.0,0,Personal Auto,Four-Door Car,174.04
XI79589,California,Female,High School or Below,4473.88,0,125.0,0,Personal Auto,SUV,600.0
LK57294,Oregon,Male,High School or Below,4786.01,23402,61.0,0,Personal Auto,Four-Door Car,292.8
JM88889,California,Female,High School or Below,12244.9,46396,103.0,1,Corporate Auto,Four-Door Car,384.01
EZ51276,Arizona,Female,College,7121.08,0,96.0,0,Personal Auto,Four-Door Car,460.8
JF16295,Oregon,Female,High School or Below,7547.76,0,102.0,0,Personal Auto,Four-Door Car,489.6
XU76821,California,Female,College,20380.07,33175,66.0,0,Corporate Auto,Two-Door Car,84.52
KR62128,California,Female,Master,9011.76,63885,114.0,0,Personal Auto,SUV,86.48
TG70775,California,Female,High School or Below,20096.89,92766,71.0,0,Personal Auto,Two-Door Car,379.03
XR75319,Arizona,Male,College,4786.89,45515,61.0,0,Personal Auto,Two-Door Car,236.91
QB26845,Oregon,Male,Bachelor,11578.13,0,115.0,0,Personal Auto,SUV,1163.62
No94161,California,Male,High School or Below,2719.43,37703,70.0,0,Corporate Auto,Two-Door Car,83.12
SQ87105,Oregon,Female,Bachelor,4760.94,0,68.0,0,Corporate Auto,Four-Door Car,489.6
XM14899,Oregon,Male,College,8701.36,0,122.0,0,Personal Auto,SUV,684.85
QQ51185,Nevada,Female,College,2659.5,64987,66.0,0,Personal Auto,Four-Door Car,182.93
XW51700,Arizona,Female,High School or Below,5139.56,73180,64.0,0,Personal Auto,Four-Door Car,132.54
YK60829,Oregon,Female,High School or Below,20096.89,92766,71.0,0,Corporate Auto,Two-Door Car,379.03
FB68802,Arizona,Male,College,4025.1,0,119.0,2,Personal Auto,SUV,571.2
ON67674,California,Female,College,2771.05,50071,71.0,0,Personal Auto,Two-Door Car,18.92
MS20849,California,Male,College,6745.89,53058,91.0,4,Personal Auto,Four-Door Car,209.47
VK94354,Oregon,Male,Master,9259.72,0,127.0,0,Special Auto,SUV,22.48
PZ53130,California,Female,College,8467.27,16370,74.0,0,Personal Auto,Two-Door Car,296.05
HV75704,California,Female,Bachelor,22762.21,70521,63.0,0,Corporate Auto,Four-Door Car,302.4
GU18646,Oregon,Male,Bachelor,9332.49,58007,81.0,0,Special Auto,Two-Door Car,518.35
LI77073,Oregon,Male,College,7100.33,31670,179.0,0,Corporate Auto,Luxury,1288.8
FW43809,Oregon,Female,High School or Below,8007.4,0,112.0,0,Personal Auto,Luxury,537.6
WC11515,Arizona,Female,Bachelor,19512.0,0,70.0,0,Corporate Auto,Four-Door Car,491.11
ZT52415,Oregon,Female,Bachelor,8145.99,62534,68.0,0,Personal Auto,Two-Door Car,326.4
PH83205,Oregon,Male,Bachelor,2810.46,26790,71.0,0,Corporate Auto,Two-Door Car,340.8
GI46001,California,Female,Bachelor,6846.15,0,95.0,0,Personal Auto,Two-Door Car,456.0
DY27653,Oregon,Female,High School or Below,3755.81,56178,94.0,0,Personal Auto,Four-Door Car,451.2
GB70718,Arizona,Female,High School or Below,2393.04,28646,61.0,0,Personal Auto,Four-Door Car,355.03
YE12395,Oregon,Male,High School or Below,40636.67,31267,129.0,0,Personal Auto,Luxury,619.2
MA94219,Nevada,Male,College,9067.66,78250,114.0,0,Personal Auto,Four-Door Car,547.2
FJ28407,California,Male,High School or Below,5619.69,0,153.0,0,Personal Auto,SUV,1027.0
CJ72056,California,Male,Bachelor,8013.9,65636,67.0,0,Personal Auto,Four-Door Car,321.6
QU52713,California,Male,Bachelor,4089.04,43177,103.0,0,Corporate Auto,SUV,420.97
FE20514,Oregon,Male,College,5065.49,26733,66.0,0,Personal Auto,Four-Door Car,218.72
RY43586,Oregon,Female,Master,8372.85,12590,73.0,0,Personal Auto,Two-Door Car,132.5
SK66747,Washington,Male,Bachelor,66025.75,33481,188.0,0,Personal Auto,Luxury,1194.89
SC31713,California,Female,College,8175.32,0,80.0,0,Personal Auto,Four-Door Car,384.0
TH72420,Oregon,Male,Doctor,8720.46,25752,73.0,0,Personal Auto,Two-Door Car,378.26
FD75102,California,Female,College,3237.5,27982,87.0,0,Personal Auto,Two-Door Car,14.74
LW75453,California,Male,Bachelor,5354.61,29445,68.0,0,Personal Auto,Four-Door Car,334.02
BS96517,Washington,Female,College,2375.0,47455,61.0,0,Personal Auto,Four-Door Car,278.8
SO55284,Nevada,Female,High School or Below,8646.5,64125,108.0,0,Personal Auto,SUV,369.82
SD83603,Oregon,Female,College,6672.13,56830,83.0,0,Personal Auto,Two-Door Car,319.8
JQ68425,California,Male,College,12919.42,58236,108.0,0,Corporate Auto,SUV,67.25
VM51572,Washington,Male,Bachelor,7385.36,54289,62.0,0,Personal Auto,Four-Door Car,430.09
JH58282,California,Female,College,7200.66,0,66.0,0,Personal Auto,Four-Door Car,316.8
WP23743,California,Male,College,7281.72,47482,93.0,0,Corporate Auto,Four-Door Car,594.18
DS47984,Arizona,Male,Master,3238.0,60244,83.0,3,Personal Auto,Four-Door Car,326.28
UV52613,Arizona,Male,College,2722.99,20867,71.0,0,Personal Auto,Four-Door Car,340.8
XM96138,California,Male,Master,11277.72,98138,93.0,1,Personal Auto,Four-Door Car,427.53
HF95739,California,Male,High School or Below,8555.89,0,81.0,0,Personal Auto,Four-Door Car,583.2
HG81101,Washington,Female,Bachelor,2911.92,20327,74.0,0,Personal Auto,Four-Door Car,824.25
VN27419,Oregon,Female,High School or Below,10083.49,11828,90.0,0,Personal Auto,Four-Door Car,571.48
VZ59523,Arizona,Male,Doctor,5704.98,50695,71.0,0,Personal Auto,Two-Door Car,110.57
UF91715,Nevada,Male,High School or Below,7664.81,0,107.0,0,Personal Auto,Four-Door Car,770.4
JV13438,Oregon,Male,High School or Below,4909.03,98693,61.0,0,Personal Auto,Four-Door Car,292.8
MN82687,Oregon,Female,Bachelor,5470.06,54507,138.0,0,Personal Auto,SUV,702.99
MR50410,Nevada,Male,College,5067.0,89703,126.0,0,Personal Auto,SUV,601.98
DT53270,Washington,Female,College,4896.27,0,71.0,0,Personal Auto,Four-Door Car,421.15
DA79098,California,Male,Bachelor,4572.04,0,67.0,1,Personal Auto,Two-Door Car,357.15
FY86121,Oregon,Male,College,8237.38,70882,69.0,0,Personal Auto,Four-Door Car,124.38
AA69265,Nevada,Female,Bachelor,3964.73,60817,103.0,1,Personal Auto,Four-Door Car,494.4
ZT86224,Nevada,Male,Bachelor,10901.23,72257,90.0,0,Personal Auto,Four-Door Car,408.42
GW89148,California,Male,Doctor,16304.3,90008,137.0,0,Personal Auto,SUV,406.99
EJ97834,Nevada,Female,High School or Below,2619.48,93987,65.0,0,Personal Auto,Two-Door Car,251.32
VM66678,Oregon,Female,High School or Below,14024.36,81872,115.0,0,Personal Auto,Four-Door Car,256.44
OY34553,Nevada,Female,Bachelor,24320.64,60221,67.0,0,Personal Auto,Four-Door Car,238.56
JL49772,Arizona,Female,Bachelor,24249.34,33651,69.0,1,Personal Auto,Four-Door Car,328.65
ZO44848,California,Female,College,20864.31,0,61.0,0,Special Auto,Four-Door Car,216.09
TW66679,Oregon,Male,High School or Below,8823.85,75741,109.0,0,Corporate Auto,SUV,217.19
RP98585,Arizona,Male,Master,7610.2,38086,96.0,0,Personal Auto,Two-Door Car,243.24
XK83294,California,Female,High School or Below,7486.17,38725,64.0,0,Corporate Auto,Two-Door Car,307.2
VZ43707,Nevada,Male,High School or Below,8763.45,20132,86.0,3,Corporate Auto,Four-Door Car,412.8
RO89767,Arizona,Male,Master,27386.15,0,105.0,0,Personal Auto,Luxury,451.14
UN49741,Oregon,Male,High School or Below,11121.62,44299,106.0,5,Personal Auto,SUV,754.26
SY46862,Arizona,Male,High School or Below,5657.69,98917,139.0,0,Corporate Auto,Luxury,336.61
ZY60545,California,Female,College,18938.54,91535,67.0,1,Personal Auto,Four-Door Car,126.63
WP62115,Washington,Female,College,13865.83,53484,70.0,0,Corporate Auto,Two-Door Car,333.05
NK16909,Oregon,Male,Doctor,8188.92,45318,103.0,0,Personal Auto,SUV,494.4
BQ41371,Oregon,Female,Bachelor,5626.53,46897,70.0,0,Personal Auto,Four-Door Car,344.38
QF29828,Arizona,Female,Master,3208.92,40135,80.0,0,Personal Auto,Four-Door Car,78.01
LP59331,Arizona,Male,College,5282.54,38606,68.0,0,Personal Auto,Four-Door Car,413.29
NJ46471,Oregon,Female,Bachelor,8696.71,56550,73.0,3,Corporate Auto,Four-Door Car,162.78
KX53892,Oregon,Female,College,5259.44,61146,65.0,0,Personal Auto,Four-Door Car,273.02
YP37291,Nevada,Male,High School or Below,7854.77,36409,66.0,0,Personal Auto,Four-Door Car,316.8
RX93631,Arizona,Female,Bachelor,6438.97,90035,80.0,0,Personal Auto,Four-Door Car,141.63
GS26763,California,Female,Bachelor,11633.58,39669,98.0,0,Personal Auto,Two-Door Car,492.94
SK74843,Arizona,Female,Master,2442.42,57963,61.0,0,Personal Auto,Four-Door Car,42.16
AG47947,Washington,Female,High School or Below,14024.36,81872,115.0,0,Personal Auto,Four-Door Car,256.44
LQ23049,California,Female,High School or Below,2491.26,25965,65.0,0,Personal Auto,Four-Door Car,329.21
VF10088,Arizona,Female,High School or Below,3410.2,59662,85.0,0,Personal Auto,Four-Door Car,10.17
OJ65428,Nevada,Male,College,3842.03,27906,102.0,0,Personal Auto,Four-Door Car,489.6
ZF48094,Oregon,Female,High School or Below,3339.85,51032,83.0,0,Personal Auto,Four-Door Car,349.95
TN56613,Arizona,Female,Bachelor,5358.27,83771,133.0,0,Personal Auto,Luxury,482.33
IA33339,Oregon,Female,Bachelor,9268.67,57052,115.0,1,Corporate Auto,SUV,483.63
UB28078,California,Male,Master,4200.37,51510,106.0,0,Personal Auto,Four-Door Car,688.55
ZK60855,Oregon,Female,College,4829.57,34819,61.0,0,Corporate Auto,Four-Door Car,185.9
CM73149,California,Female,Bachelor,14244.73,31189,122.0,0,Personal Auto,Luxury,585.6
SC81807,California,Female,College,4095.2,32180,103.0,0,Special Auto,Luxury,558.84
DS57918,California,Male,Bachelor,33718.84,27500,114.0,0,Corporate Auto,SUV,472.28
TN29644,California,Female,College,7540.05,67018,94.0,0,Personal Auto,Four-Door Car,104.43
UL17918,Arizona,Male,Bachelor,2821.0,0,77.0,0,Corporate Auto,Two-Door Car,436.37
MJ25422,Oregon,Female,College,36695.91,0,199.0,0,Personal Auto,Luxury,1062.09
FG21377,California,Female,Bachelor,19731.34,33588,62.0,0,Corporate Auto,Four-Door Car,419.92
BQ15946,Oregon,Male,Doctor,6685.07,56270,83.0,0,Personal Auto,Four-Door Car,398.4
CO53249,Arizona,Male,College,8408.32,82800,70.0,0,Corporate Auto,Four-Door Car,442.19
XS83731,Arizona,Female,College,7371.59,0,68.0,0,Personal Auto,Four-Door Car,425.14
VH41477,Oregon,Male,High School or Below,4742.11,63891,119.0,0,Corporate Auto,Two-Door Car,7.65
AT13963,Washington,Female,Master,15865.17,43946,133.0,0,Corporate Auto,Luxury,415.99
XU49878,Washington,Male,Bachelor,5396.31,62039,68.0,1,Personal Auto,Four-Door Car,265.88
RY10920,Oregon,Male,College,4330.39,60475,107.0,0,Personal Auto,Four-Door Car,513.6
OC32181,Nevada,Female,High School or Below,5708.02,70279,71.0,0,Special Auto,Four-Door Car,331.23
OE19653,Oregon,Female,High School or Below,3500.86,0,93.0,0,Personal Auto,Two-Door Car,446.4
WG39961,Oregon,Female,High School or Below,3919.37,66676,97.0,0,Personal Auto,Four-Door Car,558.1
QY78671,Arizona,Male,High School or Below,2910.32,12048,77.0,0,Corporate Auto,Four-Door Car,369.6
SY48591,Arizona,Female,College,4827.78,0,68.0,0,Personal Auto,Four-Door Car,326.4
SM16060,Arizona,Female,College,4811.74,0,68.0,0,Personal Auto,Two-Door Car,619.07
FW53453,California,Female,Master,7834.15,36094,99.0,1,Personal Auto,Two-Door Car,456.5
KU42210,Arizona,Male,Bachelor,14666.23,0,61.0,0,Corporate Auto,Four-Door Car,439.2
XR74789,Washington,Female,College,7199.65,63328,89.0,0,Personal Auto,Two-Door Car,427.2
GB39602,Nevada,Male,High School or Below,3914.72,0,112.0,0,Corporate Auto,Luxury,587.86
SK93727,Washington,Female,High School or Below,9470.27,36121,118.0,0,Personal Auto,Four-Door Car,1107.15
OM37845,California,Male,Master,5479.56,56005,68.0,1,Personal Auto,Four-Door Car,326.4
VR45143,Arizona,Female,High School or Below,2488.24,48597,71.0,5,Corporate Auto,Four-Door Car,305.7
GF35623,California,Female,High School or Below,5886.62,0,81.0,0,Personal Auto,Four-Door Car,583.2
AF47139,Oregon,Female,College,8406.39,42540,70.0,0,Personal Auto,Four-Door Car,43.55
IS48950,California,Male,College,8685.92,87544,109.0,1,Corporate Auto,SUV,523.2
NC98544,Nevada,Male,High School or Below,25030.38,26292,80.0,2,Personal Auto,Two-Door Car,384.0
AD12500,California,Female,High School or Below,17822.56,42696,228.0,0,Personal Auto,Luxury,1273.74
ZE59681,Nevada,Male,College,2798.68,88009,71.0,0,Corporate Auto,Two-Door Car,266.52
JQ91314,Washington,Male,College,3288.66,0,97.0,0,Personal Auto,Four-Door Car,1026.32
WX92260,Washington,Female,College,2004.35,0,66.0,4,Corporate Auto,Four-Door Car,316.8
MO21402,Oregon,Female,Master,13736.13,16181,181.0,0,Personal Auto,SUV,1261.32
QY41319,Oregon,Male,College,4411.66,0,62.0,0,Personal Auto,Two-Door Car,446.4
WE90911,Arizona,Female,Bachelor,5392.44,75438,136.0,0,Personal Auto,SUV,438.48
KB90888,Oregon,Female,High School or Below,2561.58,0,73.0,0,Corporate Auto,Two-Door Car,842.88
NN87570,Oregon,Male,Bachelor,6057.07,27681,83.0,0,Corporate Auto,Two-Door Car,398.4
PD94315,Arizona,Female,Bachelor,22256.69,23444,196.0,0,Corporate Auto,SUV,940.8
IN65727,Washington,Female,Master,2693.53,63684,68.0,0,Personal Auto,Two-Door Car,343.89
FB76635,Oregon,Female,College,4296.6,61737,107.0,0,Personal Auto,Luxury,495.67
RF58958,California,Male,High School or Below,11624.82,0,113.0,0,Personal Auto,Four-Door Car,813.6
AZ15952,Oregon,Male,Bachelor,8749.5,52373,111.0,0,Personal Auto,Four-Door Car,186.16
KP22549,Oregon,Male,Bachelor,3155.91,58213,79.0,0,Personal Auto,Four-Door Car,39.71
QC34927,California,Male,High School or Below,3317.9,74142,83.0,0,Personal Auto,Two-Door Car,398.4
WD87578,Nevada,Female,High School or Below,7821.19,0,109.0,0,Personal Auto,Four-Door Car,784.8
ER51965,Washington,Male,College,4240.93,49746,111.0,3,Corporate Auto,Four-Door Car,589.3
LA53648,California,Female,High School or Below,8992.78,0,129.0,0,Personal Auto,SUV,1059.57
FX73249,Oregon,Male,Bachelor,7304.16,0,104.0,0,Personal Auto,Four-Door Car,499.2
WF53890,Arizona,Female,Bachelor,5217.51,39854,66.0,0,Personal Auto,Two-Door Car,261.93
QL35310,Nevada,Female,Master,2725.36,36650,69.0,1,Corporate Auto,Four-Door Car,56.6
FY30870,California,Female,High School or Below,18569.5,32756,93.0,0,Personal Auto,Two-Door Car,381.12
JF73533,Nevada,Male,College,9985.37,36268,86.0,1,Personal Auto,Four-Door Car,531.16
IW70308,Oregon,Female,Bachelor,8257.67,23815,73.0,0,Personal Auto,Four-Door Car,424.33
ZS50183,Arizona,Female,College,8002.31,0,107.0,0,Corporate Auto,SUV,513.6
EU38033,Nevada,Male,High School or Below,5897.75,39188,74.0,0,Personal Auto,Four-Door Car,355.2
ZJ86769,Nevada,Male,College,4686.47,58089,118.0,0,Personal Auto,SUV,566.4
JZ90556,Oregon,Female,High School or Below,5943.07,62120,74.0,0,Corporate Auto,Four-Door Car,28.32
OQ43721,Oregon,Female,High School or Below,2648.47,26540,69.0,0,Personal Auto,Four-Door Car,378.43
NI71089,California,Male,College,4650.06,28215,65.0,0,Personal Auto,Two-Door Car,468.0
ZF84966,Nevada,Female,Doctor,44856.11,61675,123.0,0,Corporate Auto,SUV,482.55
LN11802,California,Male,Master,26570.34,0,100.0,0,Personal Auto,Luxury,480.0
CG92708,Nevada,Female,College,2951.29,69600,74.0,0,Personal Auto,Four-Door Car,341.4
TH59993,California,Female,College,2464.51,40982,62.0,0,Corporate Auto,Four-Door Car,106.67
WH76688,Oregon,Male,Bachelor,5555.83,74015,72.0,0,Personal Auto,Four-Door Car,471.44
NK82261,California,Male,High School or Below,3199.7,0,94.0,0,Personal Auto,Two-Door Car,1121.88
FI93397,Oregon,Female,Bachelor,2776.32,0,79.0,0,Personal Auto,Four-Door Car,509.03
FO33051,Arizona,Male,College,16355.31,29439,146.0,0,Personal Auto,SUV,700.8
ZE40223,Oregon,Male,College,7329.89,0,108.0,0,Personal Auto,Luxury,518.4
II49996,Arizona,Male,Bachelor,5555.83,74015,72.0,0,Personal Auto,Four-Door Car,471.44
AX71707,Arizona,Female,College,6383.48,67881,79.0,0,Personal Auto,Two-Door Car,391.04
GF38306,Nevada,Female,High School or Below,7758.59,96162,97.0,0,Corporate Auto,Four-Door Car,376.57
TN54884,California,Female,College,14932.1,39049,63.0,0,Personal Auto,Two-Door Car,294.76
DD27635,Oregon,Male,Doctor,8047.41,29808,105.0,1,Personal Auto,SUV,52.46
NX84287,California,Female,Master,10861.52,65727,134.0,0,Corporate Auto,SUV,364.0
EO38569,Washington,Female,High School or Below,2195.3,0,62.0,1,Personal Auto,Four-Door Car,446.4
FF77476,California,Female,High School or Below,2397.04,22283,65.0,0,Corporate Auto,Four-Door Car,572.07
CW92156,Washington,Female,College,4070.05,37435,105.0,0,Personal Auto,SUV,314.44
XA53408,Oregon,Male,College,5578.52,27756,71.0,0,Corporate Auto,Two-Door Car,735.73
CV86445,Arizona,Male,High School or Below,8139.53,86876,68.0,0,Personal Auto,Four-Door Car,118.81
TK32843,California,Male,Bachelor,7444.94,0,114.0,0,Personal Auto,Four-Door Car,863.86
EV14053,California,Female,High School or Below,7295.33,34062,91.0,0,Corporate Auto,Four-Door Car,603.35
IY38767,Oregon,Male,High School or Below,5325.72,0,73.0,0,Personal Auto,Two-Door Car,496.47
VJ34494,Washington,Female,College,2442.21,0,69.0,0,Corporate Auto,Four-Door Car,331.2
SN36487,Arizona,Female,College,10307.65,78358,128.0,0,Corporate Auto,SUV,614.4
SW88021,California,Female,Bachelor,2461.8,12222,67.0,1,Corporate Auto,Two-Door Car,321.6
US43945,California,Female,Bachelor,2521.68,41247,64.0,0,Personal Auto,Two-Door Car,307.2
QC93181,California,Female,College,25464.82,13663,97.0,0,Corporate Auto,Four-Door Car,465.6
XS89049,Nevada,Female,College,2822.59,25531,74.0,0,Personal Auto,Two-Door Car,355.2
QR79788,Nevada,Male,College,5812.0,58643,74.0,0,Personal Auto,Four-Door Car,329.47
WG51244,Oregon,Male,Bachelor,21850.35,48107,190.0,2,Corporate Auto,Luxury,912.0
BF56053,Washington,Female,Bachelor,9320.24,18643,119.0,0,Corporate Auto,Four-Door Car,571.2
AN97123,Nevada,Female,College,22305.32,0,102.0,0,Personal Auto,Two-Door Car,401.53
VS30147,Oregon,Male,Master,22118.81,58645,110.0,0,Personal Auto,SUV,427.72
FY70464,Oregon,Female,Bachelor,7218.16,95058,177.0,0,Personal Auto,SUV,89.71
BG19572,Washington,Female,Bachelor,6117.03,0,87.0,0,Corporate Auto,Four-Door Car,1032.61
LR43989,Oregon,Female,High School or Below,4882.29,19715,66.0,4,Personal Auto,Four-Door Car,475.2
ER10834,Nevada,Female,Master,2674.08,68787,66.0,0,Personal Auto,Four-Door Car,105.38
WL46620,Nevada,Male,Bachelor,7724.68,29056,66.0,0,Personal Auto,Two-Door Car,355.53
MO27230,Oregon,Female,College,4708.2,47829,117.0,1,Personal Auto,SUV,561.6
HD32695,Arizona,Female,Bachelor,4447.42,13128,118.0,0,Personal Auto,Four-Door Car,771.88
ED89934,California,Female,College,4823.56,58946,121.0,0,Personal Auto,SUV,486.72
WU63862,Oregon,Male,College,5420.36,31614,71.0,0,Personal Auto,Four-Door Car,234.68
EW27959,California,Female,Bachelor,7583.14,44667,65.0,0,Personal Auto,Four-Door Car,245.66
IG15771,Oregon,Male,College,3852.43,0,111.0,0,Personal Auto,Four-Door Car,937.82
PJ84431,California,Male,High School or Below,7647.45,91512,189.0,0,Personal Auto,Luxury,907.2
RW46214,Oregon,Female,High School or Below,5229.68,26540,69.0,1,Personal Auto,Four-Door Car,331.2
VP91482,Oregon,Male,Bachelor,3614.08,0,103.0,0,Personal Auto,SUV,741.6
DZ48278,Nevada,Male,High School or Below,2853.51,38798,72.0,0,Personal Auto,Four-Door Car,332.95
HC37968,Oregon,Female,Bachelor,8543.33,0,117.0,0,Personal Auto,Luxury,561.6
CQ15251,Oregon,Female,Bachelor,5150.42,65629,64.0,0,Personal Auto,Four-Door Car,89.41
QD36906,Nevada,Female,Master,8723.67,33291,73.0,1,Personal Auto,Four-Door Car,172.23
BG95711,California,Female,College,16477.48,57264,84.0,1,Personal Auto,Four-Door Car,129.25
HR44460,California,Female,Bachelor,26338.59,60970,110.0,0,Personal Auto,SUV,94.5
NE57101,Oregon,Male,College,4244.47,34220,109.0,1,Corporate Auto,SUV,523.2
UQ34669,Arizona,Male,Master,5757.44,88997,72.0,0,Personal Auto,Four-Door Car,174.04
BL42392,Arizona,Male,Doctor,4826.83,18779,63.0,0,Personal Auto,Four-Door Car,215.26
WC52068,Oregon,Male,College,8092.88,50825,102.0,0,Corporate Auto,SUV,369.61
GB20532,Arizona,Male,High School or Below,3011.27,0,86.0,0,Personal Auto,Four-Door Car,569.13
XS74432,California,Female,High School or Below,8663.92,29218,72.0,0,Personal Auto,Four-Door Car,502.37
YA10507,California,Male,High School or Below,2471.53,95697,61.0,0,Special Auto,Two-Door Car,114.27
NL59273,Oregon,Female,Doctor,5627.3,61486,70.0,0,Personal Auto,Two-Door Car,334.13
BZ81849,Arizona,Female,Bachelor,7494.09,0,68.0,0,Personal Auto,Four-Door Car,326.4
MF83904,Oregon,Female,Bachelor,5452.63,17723,72.0,0,Personal Auto,Two-Door Car,345.6
MH14039,California,Male,High School or Below,2592.44,72421,65.0,0,Personal Auto,Four-Door Car,312.0
XJ26467,California,Female,College,6721.89,36510,84.0,0,Personal Auto,Four-Door Car,286.78
BC53546,Oregon,Male,Bachelor,5500.58,35396,70.0,0,Personal Auto,Two-Door Car,336.0
KB58189,Oregon,Female,College,2550.66,69230,63.0,0,Special Auto,Four-Door Car,283.24
FF31523,Washington,Female,Master,7771.58,28054,195.0,1,Corporate Auto,SUV,571.66
EE98024,California,Female,College,4236.3,25866,109.0,0,Personal Auto,Four-Door Car,523.2
QA50777,Oregon,Female,Bachelor,9025.07,23675,117.0,0,Personal Auto,Four-Door Car,707.93
HW36182,California,Male,Master,2615.91,0,71.0,0,Personal Auto,Two-Door Car,340.8
SB64064,Nevada,Female,Bachelor,2396.22,0,66.0,2,Personal Auto,Four-Door Car,433.16
MY60905,California,Female,Bachelor,4784.42,0,68.0,0,Personal Auto,Two-Door Car,326.4
FB77856,Nevada,Male,College,3873.65,28142,105.0,0,Personal Auto,Luxury,701.71
XQ93931,Oregon,Male,College,7806.14,23706,68.0,1,Corporate Auto,Four-Door Car,326.4
WA74455,Arizona,Male,College,4717.63,0,131.0,0,Personal Auto,SUV,628.8
GK98989,Washington,Male,Bachelor,5625.91,0,85.0,0,Corporate Auto,Four-Door Car,872.2
VA35421,Nevada,Female,Master,5182.94,83527,64.0,1,Personal Auto,Two-Door Car,39.13
BB41401,Arizona,Male,High School or Below,6005.21,26876,76.0,0,Personal Auto,Four-Door Car,364.8
RQ16234,Arizona,Female,High School or Below,9837.51,55099,122.0,0,Corporate Auto,Luxury,260.27
DO83789,Arizona,Female,College,5206.03,71661,65.0,0,Personal Auto,Four-Door Car,312.0
AK46006,Oregon,Male,Bachelor,36293.15,18047,242.0,0,Personal Auto,Luxury,1350.38
CJ59481,Washington,Male,College,2837.11,90893,70.0,0,Personal Auto,Two-Door Car,70.71
JL86651,Nevada,Male,College,11785.04,90016,102.0,4,Personal Auto,Four-Door Car,20.41
AN32867,California,Male,Bachelor,3124.93,81285,81.0,2,Personal Auto,Four-Door Car,441.77
AC67315,Nevada,Female,Bachelor,13862.1,96950,115.0,0,Personal Auto,Luxury,633.13
XN90444,California,Male,Doctor,8200.27,24814,69.0,0,Special Auto,Two-Door Car,331.2
CZ72326,Oregon,Female,High School or Below,8456.27,0,90.0,3,Corporate Auto,Two-Door Car,648.0
FG18525,Nevada,Male,Bachelor,2124.17,0,61.0,1,Personal Auto,Two-Door Car,60.6
HC25359,Oregon,Female,Master,9045.11,52572,113.0,0,Personal Auto,Four-Door Car,441.62
SM39580,Arizona,Male,Doctor,3187.35,0,85.0,0,Corporate Auto,Two-Door Car,595.16
UU81720,California,Female,High School or Below,8113.96,41701,68.0,0,Corporate Auto,Four-Door Car,64.65
WO53546,Oregon,Male,College,34039.06,0,104.0,0,Personal Auto,Luxury,499.2
UH76249,Arizona,Male,High School or Below,9087.59,0,80.0,0,Corporate Auto,Four-Door Car,384.0
YP79029,California,Male,Bachelor,12519.8,34179,107.0,0,Corporate Auto,Luxury,770.4
HS79851,Oregon,Male,Bachelor,6057.07,27681,83.0,0,Personal Auto,Two-Door Car,398.4
YR49519,Arizona,Male,Bachelor,4967.04,0,73.0,0,Corporate Auto,Four-Door Car,359.35
AN21193,Washington,Female,Bachelor,6933.34,0,70.0,1,Personal Auto,Four-Door Car,504.0
TS98462,Washington,Female,High School or Below,22399.13,78494,69.0,0,Personal Auto,Two-Door Car,78.19
OB11898,Nevada,Female,College,2162.42,0,66.0,2,Personal Auto,Two-Door Car,316.8
RS85283,Oregon,Male,Bachelor,21776.58,56044,182.0,0,Personal Auto,SUV,952.85
NW19960,Oregon,Male,College,9095.05,37937,116.0,0,Personal Auto,SUV,556.8
AI11191,Arizona,Female,High School or Below,4228.25,77853,106.0,0,Personal Auto,SUV,165.24
PF24757,Arizona,Female,College,6521.37,72608,82.0,3,Personal Auto,Four-Door Car,393.6
NY20756,California,Male,High School or Below,10209.02,36568,128.0,0,Personal Auto,SUV,978.62
EU98982,Arizona,Male,High School or Below,7600.44,0,110.0,2,Personal Auto,SUV,796.99
GL54755,Washington,Female,Bachelor,3894.62,59578,98.0,1,Corporate Auto,Four-Door Car,403.68
UF13251,Oregon,Male,High School or Below,8510.76,26032,109.0,0,Personal Auto,SUV,638.1
HK16676,Oregon,Male,High School or Below,2712.83,39618,68.0,0,Corporate Auto,Four-Door Car,326.4
KF80571,Arizona,Male,High School or Below,2258.79,0,65.0,0,Personal Auto,Four-Door Car,625.48
XB43418,California,Male,College,4815.85,59438,124.0,0,Special Auto,SUV,562.67
IA78643,Washington,Female,High School or Below,8007.4,0,112.0,0,Personal Auto,Luxury,537.6
RI97135,Washington,Male,Bachelor,3008.97,0,87.0,0,Personal Auto,Four-Door Car,401.48
HZ52656,Washington,Female,Bachelor,2530.71,89451,63.0,0,Personal Auto,Four-Door Car,61.77
BM71358,Arizona,Male,High School or Below,10787.12,44695,91.0,0,Personal Auto,Four-Door Car,147.95
DJ42087,California,Female,High School or Below,11923.75,24581,101.0,0,Personal Auto,Four-Door Car,484.8
NV98267,Arizona,Male,Bachelor,5186.36,0,73.0,1,Personal Auto,Four-Door Car,194.94
YD27780,Arizona,Female,Bachelor,10103.65,72334,129.0,3,Corporate Auto,SUV,412.83
DZ38951,Oregon,Male,High School or Below,6439.0,19831,83.0,0,Personal Auto,Four-Door Car,398.4
VO84133,California,Male,High School or Below,3909.64,40361,98.0,0,Personal Auto,Four-Door Car,71.17
FP86246,California,Male,Bachelor,13211.01,74656,111.0,0,Personal Auto,Four-Door Car,504.37
YA37626,Oregon,Male,Master,14616.37,25358,126.0,0,Personal Auto,SUV,750.59
XW54288,California,Male,Bachelor,3732.35,35461,95.0,1,Corporate Auto,Four-Door Car,9.21
ET81343,California,Male,Doctor,8750.64,59047,76.0,3,Personal Auto,Four-Door Car,364.8
CW57351,Nevada,Female,College,10662.63,62409,89.0,0,Personal Auto,Four-Door Car,392.69
EV39201,California,Female,College,3861.49,93272,95.0,0,Personal Auto,Four-Door Car,281.11
YV40022,California,Female,College,9807.83,0,135.0,0,Personal Auto,Luxury,970.46
IX44049,Oregon,Male,Bachelor,3252.83,20166,83.0,0,Personal Auto,Two-Door Car,398.4
DI51103,Washington,Female,High School or Below,2711.9,0,74.0,0,Personal Auto,Four-Door Car,355.2
AS78838,California,Male,Bachelor,2453.57,29735,69.0,0,Personal Auto,Four-Door Car,331.2
YJ16399,California,Male,High School or Below,11228.29,0,64.0,0,Corporate Auto,Four-Door Car,772.84
LH52773,California,Female,High School or Below,23020.89,97460,114.0,0,Personal Auto,SUV,660.14
XF99212,Arizona,Male,College,2458.45,57564,63.0,1,Personal Auto,Two-Door Car,302.4
CL52383,Arizona,Female,Bachelor,11160.08,33232,94.0,0,Special Auto,Four-Door Car,435.53
DD28380,Arizona,Female,College,13118.74,11854,113.0,0,Personal Auto,Four-Door Car,807.72
CP87192,California,Female,College,6120.19,23843,79.0,0,Personal Auto,Four-Door Car,344.69
MH43755,Arizona,Female,College,13881.04,17961,181.0,0,Personal Auto,Luxury,476.71
KT38145,California,Female,College,4787.47,0,64.0,0,Personal Auto,Four-Door Car,360.11
FU65756,Arizona,Female,College,8177.05,54695,103.0,0,Personal Auto,SUV,494.4
YG92601,California,Male,College,3309.25,85632,82.0,0,Personal Auto,Two-Door Car,7.26
MZ63755,California,Female,Bachelor,14635.45,0,139.0,0,Personal Auto,SUV,667.2
BI33231,California,Female,High School or Below,5120.62,0,76.0,4,Personal Auto,Four-Door Car,277.22
ZD71862,Oregon,Female,High School or Below,19253.03,39895,160.0,0,Personal Auto,SUV,765.59
VT87641,Washington,Female,Bachelor,6646.75,95815,82.0,0,Personal Auto,Four-Door Car,393.6
TN61016,California,Female,High School or Below,8742.47,37224,74.0,0,Personal Auto,Four-Door Car,355.2
PX27645,California,Male,Bachelor,8467.37,0,122.0,0,Personal Auto,SUV,1100.09
IS53899,Nevada,Female,College,6992.53,94652,86.0,0,Personal Auto,Four-Door Car,412.8
KC69320,Arizona,Female,Bachelor,13037.03,28582,112.0,0,Personal Auto,Luxury,537.6
WR86431,Nevada,Female,High School or Below,10883.79,91123,138.0,3,Corporate Auto,SUV,103.46
TY27229,Arizona,Male,Bachelor,9114.28,85942,116.0,2,Personal Auto,Four-Door Car,79.34
LC42182,Nevada,Female,High School or Below,30442.54,64321,253.0,0,Personal Auto,Luxury,422.44
SZ64974,Arizona,Male,Doctor,5104.35,77025,64.0,2,Personal Auto,Two-Door Car,380.92
AH89786,Oregon,Male,High School or Below,2174.11,16997,65.0,3,Personal Auto,Two-Door Car,468.0
QO70290,California,Male,Bachelor,9890.21,52408,125.0,0,Personal Auto,Luxury,179.13
IR78670,California,Male,Bachelor,8719.13,0,116.0,1,Personal Auto,Four-Door Car,556.8
OU24549,Nevada,Male,Bachelor,8516.75,37573,112.0,3,Corporate Auto,SUV,537.6
OO96263,Nevada,Female,High School or Below,11606.85,45893,97.0,0,Personal Auto,Two-Door Car,465.6
SY86059,California,Female,High School or Below,3731.5,0,96.0,0,Corporate Auto,Four-Door Car,460.8
JZ76788,Nevada,Male,College,3303.09,29385,88.0,2,Personal Auto,Two-Door Car,422.4
AB23825,California,Male,College,8888.88,21509,81.0,1,Personal Auto,Two-Door Car,413.49
BH61137,Arizona,Female,Bachelor,8173.5,68144,70.0,4,Personal Auto,Four-Door Car,336.0
QW21716,Nevada,Male,Bachelor,4923.95,31093,63.0,0,Personal Auto,Four-Door Car,302.4
IU95336,Arizona,Male,High School or Below,2823.5,24350,73.0,3,Corporate Auto,Four-Door Car,350.4
TY22591,Washington,Male,College,7824.37,32823,100.0,0,Personal Auto,SUV,480.0
VR18539,Washington,Male,College,8311.85,44843,105.0,0,Personal Auto,SUV,391.42
GD89605,Oregon,Female,Master,5384.53,59364,67.0,0,Corporate Auto,Four-Door Car,321.6
RD47708,Oregon,Male,College,3978.67,39101,99.0,0,Personal Auto,Four-Door Car,167.17
XH47201,California,Male,High School or Below,6237.51,0,90.0,1,Personal Auto,Two-Door Car,432.0
TW62773,Washington,Female,High School or Below,6969.88,27604,92.0,1,Corporate Auto,Two-Door Car,441.6
QP77560,California,Female,High School or Below,5024.03,91603,64.0,5,Personal Auto,Four-Door Car,307.2
QV66305,Washington,Female,Master,8414.08,59828,104.0,0,Personal Auto,SUV,499.2
WC83676,Nevada,Male,College,2801.56,33247,72.0,0,Special Auto,Four-Door Car,284.96
QD98396,California,Male,College,5010.92,45867,126.0,0,Personal Auto,Luxury,604.8
AM36670,California,Female,College,4997.78,54827,64.0,0,Personal Auto,Four-Door Car,132.95
CJ78727,California,Female,Bachelor,2236.09,0,64.0,3,Corporate Auto,Two-Door Car,307.2
GN61665,Arizona,Male,Bachelor,10934.74,47170,139.0,0,Corporate Auto,Luxury,667.2
HY49431,California,Female,Bachelor,3289.13,21947,83.0,0,Personal Auto,Four-Door Car,366.91
IK82336,Oregon,Female,College,14014.1,39018,117.0,0,Personal Auto,SUV,561.6
WA16954,Arizona,Male,Master,5604.33,20252,71.0,0,Personal Auto,Four-Door Car,198.23
QD69852,Oregon,Male,Bachelor,2912.24,0,88.0,0,Personal Auto,Four-Door Car,633.6
XG47945,Oregon,Male,Master,5616.85,48602,70.0,0,Corporate Auto,Two-Door Car,487.88
UV57184,California,Female,Bachelor,7504.69,97849,62.0,0,Special Auto,Four-Door Car,183.12
JU55710,Oregon,Female,College,3746.75,41479,94.0,1,Personal Auto,Two-Door Car,19.58
PT50287,Oregon,Female,Bachelor,2959.82,69746,74.0,0,Personal Auto,Four-Door Car,225.03
AB73565,California,Male,Bachelor,7725.54,96748,96.0,0,Personal Auto,Two-Door Car,460.8
PK20739,Oregon,Male,Bachelor,13248.64,25074,112.0,0,Personal Auto,Two-Door Car,537.6
XI85062,Nevada,Male,Master,2717.78,66463,68.0,0,Personal Auto,Two-Door Car,326.4
KA77514,Washington,Male,High School or Below,2734.15,34865,69.0,0,Corporate Auto,Four-Door Car,255.95
ND80148,California,Male,College,9199.39,37399,116.0,0,Personal Auto,Four-Door Car,392.83
AK72422,California,Male,College,29049.71,21070,195.0,0,Corporate Auto,Luxury,1404.0
LN49978,Oregon,Female,Bachelor,4956.62,31562,66.0,4,Personal Auto,Four-Door Car,316.8
RZ80299,California,Female,Master,5574.96,54684,71.0,2,Personal Auto,Four-Door Car,487.07
QU53781,Oregon,Male,High School or Below,9192.59,37388,117.0,0,Corporate Auto,SUV,561.6
MD70013,Nevada,Female,Bachelor,3878.77,84981,96.0,0,Personal Auto,Four-Door Car,4.72
QD97878,Nevada,Male,Master,4419.12,24046,116.0,0,Personal Auto,Two-Door Car,556.8
WK24299,California,Male,High School or Below,4772.94,20993,133.0,0,Personal Auto,SUV,638.4
RJ45123,Oregon,Male,College,9101.52,48029,116.0,0,Personal Auto,SUV,556.8
HM33037,Arizona,Male,Bachelor,7609.09,16233,197.0,0,Personal Auto,Luxury,1418.4
QY70905,Arizona,Male,College,2668.66,30718,67.0,1,Personal Auto,Two-Door Car,321.6
YL86561,Oregon,Male,High School or Below,5141.98,60277,65.0,0,Personal Auto,Four-Door Car,146.39
LK40971,California,Male,Bachelor,7451.49,0,107.0,0,Personal Auto,SUV,770.4
UI44314,Arizona,Male,Bachelor,2620.17,31911,68.0,0,Personal Auto,Four-Door Car,245.89
NN44612,Nevada,Female,Bachelor,4909.84,61402,62.0,0,Personal Auto,Two-Door Car,252.16
MA37431,California,Female,College,8023.08,34335,101.0,0,Corporate Auto,Two-Door Car,484.8
DP57381,Nevada,Male,College,20446.6,71467,86.0,0,Personal Auto,Two-Door Car,324.88
PX45824,Washington,Male,College,4966.85,0,74.0,0,Personal Auto,Four-Door Car,532.8
OG17838,Washington,Male,High School or Below,3549.02,36168,90.0,0,Personal Auto,Four-Door Car,432.0
WG37485,Oregon,Female,College,5350.37,58357,137.0,2,Personal Auto,Luxury,708.22
RV95842,California,Male,College,8065.23,29692,77.0,0,Personal Auto,Four-Door Car,449.35
NG13451,Oregon,Male,High School or Below,7892.82,29215,67.0,0,Personal Auto,Four-Door Car,327.66
UQ82778,Oregon,Female,High School or Below,4540.99,0,61.0,0,Personal Auto,Two-Door Car,486.12
ZG16710,Washington,Male,High School or Below,2852.53,26841,74.0,1,Personal Auto,Four-Door Car,418.53
OT53330,Arizona,Female,Bachelor,10720.42,34837,139.0,1,Personal Auto,SUV,667.2
LZ12396,Arizona,Female,Bachelor,4795.39,33068,61.0,1,Personal Auto,Four-Door Car,213.04
UU77151,Washington,Female,College,5182.39,44820,133.0,3,Personal Auto,Luxury,336.13
CD71877,Nevada,Female,Bachelor,22620.75,49564,193.0,0,Corporate Auto,Luxury,286.37
PA95799,Arizona,Male,College,2320.75,19581,61.0,0,Personal Auto,Four-Door Car,377.24
FK28721,Oregon,Male,High School or Below,7714.65,0,74.0,0,Corporate Auto,Two-Door Car,532.8
CM42637,Oregon,Male,Bachelor,7880.34,23129,70.0,0,Personal Auto,Four-Door Car,491.65
CI47242,Washington,Male,Bachelor,9029.94,0,138.0,0,Personal Auto,SUV,1376.96
FE46445,Arizona,Female,High School or Below,6965.42,25411,86.0,0,Personal Auto,Four-Door Car,242.81
PD32854,Arizona,Female,High School or Below,15114.4,28513,100.0,1,Personal Auto,SUV,480.0
GV35061,Oregon,Male,High School or Below,22523.71,69346,63.0,1,Special Auto,Two-Door Car,246.28
BG44829,Oregon,Female,High School or Below,10760.18,74835,133.0,0,Corporate Auto,SUV,107.65
RH83684,Oregon,Female,Master,5808.93,43282,72.0,0,Personal Auto,Two-Door Car,166.8
SB82356,Nevada,Female,Bachelor,30591.61,11276,91.0,1,Corporate Auto,Four-Door Car,436.8
TW49116,Nevada,Male,College,2220.19,0,62.0,2,Personal Auto,Four-Door Car,311.51
RJ39700,Oregon,Male,Bachelor,4914.04,10037,71.0,0,Personal Auto,Four-Door Car,292.18
LO40410,Oregon,Female,Doctor,2395.57,21986,63.0,0,Personal Auto,Two-Door Car,333.7
SX85653,Arizona,Female,Doctor,5522.52,85609,136.0,0,Personal Auto,SUV,652.8
PH91033,Oregon,Male,College,15808.76,86347,130.0,0,Personal Auto,Luxury,593.78
LC69427,Oregon,Female,College,2827.33,20368,72.0,0,Corporate Auto,Four-Door Car,345.6
MZ85889,California,Female,Master,5421.52,25778,68.0,0,Corporate Auto,Two-Door Car,20.14
GL82358,Nevada,Female,High School or Below,2514.59,43860,65.0,0,Corporate Auto,Four-Door Car,156.12
AM94127,Oregon,Male,College,5157.64,93303,65.0,0,Corporate Auto,Four-Door Car,40.76
TO19482,Oregon,Male,High School or Below,4874.67,67467,61.0,0,Personal Auto,Two-Door Car,365.88
WA68850,Arizona,Male,High School or Below,4198.03,30598,106.0,0,Personal Auto,SUV,508.8
ER97256,Arizona,Female,College,5380.9,55350,67.0,0,Personal Auto,Four-Door Car,321.6
CK85904,California,Female,High School or Below,13466.92,11432,119.0,0,Corporate Auto,SUV,571.2
GH30325,Oregon,Male,College,2424.42,27093,61.0,0,Personal Auto,Four-Door Car,292.8
LG98245,Nevada,Male,Bachelor,3823.85,0,108.0,0,Personal Auto,SUV,777.6
KW31376,Oregon,Female,High School or Below,13883.33,0,197.0,0,Corporate Auto,Luxury,1418.4
XZ45224,Oregon,Female,College,2438.53,38961,62.0,0,Corporate Auto,Two-Door Car,297.6
HD56196,Oregon,Female,Doctor,34090.04,51840,94.0,0,Corporate Auto,Two-Door Car,33.75
EM39400,Nevada,Male,Bachelor,2840.3,79181,72.0,0,Personal Auto,Four-Door Car,241.28
FP39090,Oregon,Male,Bachelor,24127.5,14072,71.0,0,Special Auto,Four-Door Car,511.2
CE17166,California,Male,College,7596.14,56225,97.0,0,Personal Auto,Four-Door Car,465.6
HF67477,Washington,Male,High School or Below,15096.27,14909,199.0,0,Personal Auto,Luxury,1238.08
GJ79432,Nevada,Male,High School or Below,6005.21,26876,76.0,0,Personal Auto,Four-Door Car,364.8
ZE17448,Oregon,Male,College,3455.23,68401,88.0,0,Personal Auto,Four-Door Car,242.25
SK65854,Nevada,Female,College,5728.58,29730,72.0,0,Personal Auto,Four-Door Car,463.21
RT23641,Oregon,Female,High School or Below,5163.23,35577,130.0,0,Personal Auto,SUV,574.51
PY79113,California,Male,Master,2602.65,41958,66.0,1,Corporate Auto,Four-Door Car,206.82
EP61197,Oregon,Female,Master,32643.08,77915,115.0,0,Personal Auto,Four-Door Car,552.0
IL12516,Oregon,Female,Bachelor,2789.75,15514,74.0,0,Corporate Auto,Four-Door Car,355.2
BF55854,Nevada,Female,College,11250.1,29505,284.0,0,Personal Auto,Luxury,1979.44
GP19791,California,Female,College,16510.97,31356,68.0,0,Personal Auto,Two-Door Car,326.4
II16403,California,Female,College,7607.98,31456,199.0,0,Personal Auto,Luxury,436.7
SS28002,Arizona,Female,High School or Below,5603.74,95284,69.0,0,Personal Auto,Four-Door Car,327.65
VT97066,Nevada,Male,High School or Below,6674.45,0,98.0,0,Personal Auto,Two-Door Car,931.65
FH97700,Washington,Female,Bachelor,4049.42,62864,104.0,0,Personal Auto,Two-Door Car,171.21
NB96938,Oregon,Male,College,4958.02,22842,65.0,0,Personal Auto,Four-Door Car,468.0
HY32811,California,Female,Bachelor,7850.13,67186,66.0,0,Personal Auto,Four-Door Car,184.94
MB69465,Arizona,Male,High School or Below,6382.58,0,87.0,0,Personal Auto,Four-Door Car,417.6
LE12086,Oregon,Female,College,5737.5,68946,71.0,0,Personal Auto,Four-Door Car,309.63
IO89174,Oregon,Female,Bachelor,7688.02,56680,100.0,2,Personal Auto,SUV,480.0
DB26077,Arizona,Female,High School or Below,4873.44,18866,126.0,0,Personal Auto,SUV,604.8
NB98740,California,Female,High School or Below,2824.68,82875,70.0,0,Personal Auto,Four-Door Car,455.34
EL82767,Arizona,Female,College,3722.37,0,109.0,2,Personal Auto,SUV,523.2
AK54675,California,Female,Bachelor,5535.96,84863,138.0,0,Corporate Auto,SUV,691.7
EW67766,California,Female,College,4727.83,0,127.0,0,Personal Auto,SUV,609.6
JS36743,California,Male,Bachelor,2378.67,54753,61.0,0,Personal Auto,Four-Door Car,292.8
TV20901,California,Female,College,9337.9,76381,116.0,0,Special Auto,Two-Door Car,556.8
LQ20969,California,Male,Bachelor,6189.99,59523,78.0,1,Personal Auto,Four-Door Car,343.79
BZ33435,Arizona,Female,Bachelor,5638.26,56017,71.0,0,Corporate Auto,Four-Door Car,52.0
OA55110,Arizona,Male,Master,5264.36,14306,74.0,3,Corporate Auto,Four-Door Car,355.06
YJ42538,Arizona,Female,Bachelor,4035.68,21359,101.0,0,Personal Auto,Luxury,484.8
XB64207,Arizona,Female,Bachelor,4117.47,86101,102.0,0,Personal Auto,SUV,344.74
KZ80424,Washington,Male,Bachelor,8382.48,25998,71.0,0,Personal Auto,Four-Door Car,791.88
BC34309,California,Female,Master,2435.15,64341,61.0,0,Personal Auto,Four-Door Car,79.93
JC34468,California,Female,High School or Below,6599.08,36060,165.0,0,Special Auto,Luxury,774.56
ON34922,Oregon,Male,High School or Below,5353.93,61894,67.0,0,Personal Auto,Four-Door Car,267.0
MQ93707,Oregon,Male,High School or Below,6747.52,26721,65.0,3,Personal Auto,Four-Door Car,312.0
SY28542,Nevada,Female,Bachelor,7412.14,59940,94.0,0,Personal Auto,Four-Door Car,303.1
RA29518,Washington,Male,Master,5512.34,45971,138.0,0,Special Auto,SUV,139.83
No34698,Oregon,Male,Bachelor,4015.34,80055,100.0,0,Corporate Auto,SUV,121.95
VK37392,Arizona,Male,College,7772.47,58345,98.0,0,Personal Auto,Four-Door Car,346.97
LJ43082,Oregon,Female,College,4638.95,0,71.0,3,Personal Auto,Two-Door Car,143.28
FI90697,Oregon,Male,Bachelor,10507.5,76549,132.0,0,Personal Auto,SUV,616.35
DR93103,Arizona,Female,Master,17556.99,36212,73.0,0,Personal Auto,Two-Door Car,119.03
XR37151,California,Female,Bachelor,9103.7,0,131.0,0,Personal Auto,Luxury,628.8
ZZ43513,California,Male,High School or Below,13110.55,73597,114.0,5,Personal Auto,SUV,485.18
QW81912,California,Female,High School or Below,8006.22,63762,99.0,0,Personal Auto,Four-Door Car,108.16
AZ50087,California,Male,Bachelor,6807.27,32787,86.0,0,Personal Auto,Two-Door Car,568.58
HQ87008,California,Female,Bachelor,2627.61,94962,67.0,4,Personal Auto,Two-Door Car,321.6
FM30352,Oregon,Female,High School or Below,9095.74,0,256.0,0,Personal Auto,Luxury,1943.77
PD30266,California,Female,College,5015.64,73809,125.0,0,Special Auto,SUV,537.32
GA50461,Oregon,Female,Bachelor,4726.87,13037,124.0,0,Personal Auto,SUV,839.35
FY84962,California,Male,High School or Below,3059.18,0,88.0,0,Personal Auto,Four-Door Car,989.2
GT14584,Oregon,Female,College,4122.57,75272,103.0,0,Personal Auto,SUV,71.65
IA87250,Arizona,Female,Master,2620.9,39278,66.0,0,Personal Auto,Four-Door Car,65.59
MM67983,Oregon,Male,Bachelor,4938.89,36913,62.0,0,Personal Auto,Four-Door Car,90.57
MW40110,California,Male,Bachelor,4691.04,0,74.0,1,Personal Auto,Four-Door Car,407.22
SH93005,California,Male,College,6005.85,13528,86.0,0,Personal Auto,Four-Door Car,412.8
KD69941,California,Male,Bachelor,4941.65,0,137.0,0,Personal Auto,SUV,986.4
JV38934,Washington,Female,Bachelor,2254.4,0,65.0,1,Personal Auto,Four-Door Car,768.8
XI16714,Arizona,Female,High School or Below,2554.03,0,72.0,0,Corporate Auto,Four-Door Car,405.8
DG68667,Arizona,Male,Doctor,8123.96,12617,108.0,0,Personal Auto,SUV,648.93
AR40217,Oregon,Female,High School or Below,19079.1,42754,65.0,4,Personal Auto,Two-Door Car,279.72
IM73868,Oregon,Male,College,10461.58,0,155.0,0,Corporate Auto,Luxury,1116.0
BR44176,California,Female,High School or Below,4669.23,76157,116.0,0,Personal Auto,Two-Door Car,556.8
MY51849,Oregon,Female,Bachelor,4903.81,0,66.0,0,Personal Auto,Four-Door Car,469.61
FQ61281,Oregon,Male,High School or Below,83325.38,58958,231.0,0,Personal Auto,Luxury,1108.8
NJ72300,Oregon,Female,Bachelor,8009.03,0,107.0,0,Personal Auto,SUV,740.96
YO81740,Oregon,Female,Bachelor,23895.68,0,98.0,0,Personal Auto,Four-Door Car,705.6
WM25415,Oregon,Female,High School or Below,7732.39,34430,65.0,0,Personal Auto,Two-Door Car,184.96
GU41036,Oregon,Male,High School or Below,9416.28,13411,127.0,0,Personal Auto,SUV,609.6
NN66592,California,Male,Bachelor,5923.52,73758,74.0,0,Personal Auto,Four-Door Car,301.56
TO29918,California,Female,High School or Below,3833.07,0,116.0,2,Personal Auto,Luxury,1397.95
PF53601,Oregon,Male,Bachelor,28432.0,17130,198.0,0,Special Auto,Luxury,950.4
TF61492,Washington,Female,College,5553.76,0,92.0,3,Personal Auto,Four-Door Car,662.4
PD52748,Oregon,Female,High School or Below,10036.54,0,134.0,1,Personal Auto,SUV,1353.29
TF68928,Arizona,Male,Bachelor,6575.54,10517,92.0,0,Personal Auto,Four-Door Car,441.54
VZ79366,California,Male,College,4362.93,58842,110.0,0,Personal Auto,Four-Door Car,528.0
SQ53118,California,Male,College,7873.71,22355,71.0,3,Personal Auto,Four-Door Car,340.8
QZ56257,Washington,Female,High School or Below,13021.09,0,223.0,5,Personal Auto,Luxury,1605.6
ZI34278,Arizona,Female,Bachelor,4492.23,21137,61.0,1,Personal Auto,Four-Door Car,292.8
ZB82406,Oregon,Female,Bachelor,6650.46,0,99.0,2,Personal Auto,Four-Door Car,712.8
OP93305,California,Male,High School or Below,11093.72,78255,95.0,0,Personal Auto,Four-Door Car,456.0
CK31454,Arizona,Female,Bachelor,5107.16,35625,65.0,1,Special Auto,Four-Door Car,288.57
FX81675,California,Female,College,7334.33,87957,61.0,0,Personal Auto,Four-Door Car,308.32
BK85520,Oregon,Female,College,4996.56,25915,64.0,0,Corporate Auto,Two-Door Car,317.98
KB18303,California,Male,College,8658.86,62464,109.0,0,Corporate Auto,Luxury,400.18
GX47381,California,Male,High School or Below,9657.58,0,131.0,0,Corporate Auto,SUV,628.8
RX31862,California,Male,High School or Below,6176.7,49529,78.0,0,Personal Auto,Two-Door Car,234.72
YQ58965,California,Female,Bachelor,2867.31,23376,78.0,0,Personal Auto,Four-Door Car,374.4
HG60406,California,Male,College,2821.45,0,81.0,0,Personal Auto,Four-Door Car,583.2
BC52397,Arizona,Male,College,2843.56,67952,71.0,0,Personal Auto,Two-Door Car,167.41
AR69517,California,Male,College,11790.5,25251,66.0,0,Corporate Auto,Four-Door Car,316.8
JJ23168,Arizona,Female,High School or Below,7785.67,20497,65.0,0,Personal Auto,Four-Door Car,425.36
NB39218,California,Male,High School or Below,12315.09,68420,104.0,1,Personal Auto,Four-Door Car,499.2
FP95606,Arizona,Female,College,4810.98,24711,122.0,0,Personal Auto,Luxury,260.0
YP27180,California,Female,College,27279.34,76530,119.0,4,Personal Auto,SUV,254.15
JK74110,California,Male,High School or Below,3980.42,98333,99.0,1,Personal Auto,Four-Door Car,459.05
MC85738,California,Female,Bachelor,14635.45,0,139.0,0,Personal Auto,SUV,667.2
CE78778,Oregon,Female,College,3761.79,0,106.0,1,Personal Auto,Four-Door Car,1116.94
LT72149,Nevada,Male,High School or Below,5619.69,0,153.0,0,Personal Auto,SUV,1027.0
ZC89812,Arizona,Male,Bachelor,5304.54,0,74.0,0,Personal Auto,Four-Door Car,532.8
GF68713,Oregon,Male,Bachelor,3207.47,24695,82.0,0,Personal Auto,Four-Door Car,393.6
HB23001,California,Male,Bachelor,8697.79,26287,111.0,0,Personal Auto,Two-Door Car,279.38
DH99299,California,Male,College,8717.05,83846,74.0,3,Personal Auto,Four-Door Car,355.2
RA61917,Washington,Female,High School or Below,8029.72,76081,68.0,0,Personal Auto,Four-Door Car,384.21
KM65135,Oregon,Male,College,4763.33,14957,66.0,0,Corporate Auto,Four-Door Car,316.8
RR37482,Washington,Male,High School or Below,23055.57,41727,117.0,1,Personal Auto,Four-Door Car,82.26
WM24870,Nevada,Female,College,5383.67,89092,68.0,2,Personal Auto,Two-Door Car,91.82
EC78254,Washington,Female,College,8409.67,53986,70.0,1,Corporate Auto,Four-Door Car,127.89
CQ19667,Oregon,Female,Bachelor,4257.48,49853,109.0,0,Personal Auto,Four-Door Car,679.53
AY43037,Oregon,Male,High School or Below,14709.0,36670,189.0,0,Corporate Auto,Luxury,907.2
GN36177,Nevada,Male,Bachelor,2593.82,43626,67.0,0,Personal Auto,Two-Door Car,321.6
VL36269,Washington,Female,High School or Below,2466.58,0,70.0,0,Special Auto,Four-Door Car,504.0
UA58104,California,Female,College,7933.82,76505,65.0,0,Personal Auto,Four-Door Car,144.05
GR12431,California,Female,College,36860.73,66216,103.0,0,Personal Auto,Luxury,96.72
IV37346,Oregon,Female,College,7412.03,52497,63.0,0,Corporate Auto,Two-Door Car,302.4
VU99589,Arizona,Female,High School or Below,34611.38,20090,109.0,0,Personal Auto,Luxury,523.2
VV61641,Oregon,Female,High School or Below,18726.15,0,185.0,2,Personal Auto,SUV,1543.93
ZY26831,California,Female,Bachelor,7249.07,37751,93.0,0,Corporate Auto,Four-Door Car,56.69
IP84574,Oregon,Female,College,8193.09,54840,72.0,3,Corporate Auto,Four-Door Car,468.73
XF33416,Oregon,Female,College,8692.28,31986,111.0,0,Personal Auto,Four-Door Car,532.8
PV62583,Nevada,Male,College,9799.18,22166,126.0,0,Personal Auto,SUV,604.8
QK29271,California,Male,Bachelor,14084.49,0,208.0,0,Corporate Auto,Luxury,2270.51
ZF58696,California,Male,High School or Below,13104.15,0,130.0,0,Personal Auto,Luxury,1430.55
PK37320,Oregon,Female,Master,2628.66,83838,65.0,0,Personal Auto,Two-Door Car,281.41
EP35930,Oregon,Female,Master,5245.68,46061,65.0,0,Personal Auto,Two-Door Car,21.61
TS34391,Oregon,Male,College,8092.88,50825,102.0,0,Personal Auto,SUV,369.61
ST65635,Arizona,Female,College,2719.51,14030,72.0,0,Corporate Auto,Two-Door Car,345.6
AQ25590,Washington,Female,High School or Below,5445.37,20282,79.0,3,Personal Auto,Two-Door Car,507.55
QK37708,California,Male,Bachelor,4514.25,50146,116.0,1,Personal Auto,SUV,759.29
EY83434,Washington,Male,High School or Below,22029.15,0,121.0,0,Personal Auto,SUV,580.8
DQ55516,California,Female,Bachelor,5408.89,20472,139.0,0,Corporate Auto,SUV,667.2
KS72802,Oregon,Female,Master,3768.37,85751,93.0,0,Corporate Auto,Four-Door Car,391.21
PE32165,California,Female,High School or Below,27934.62,76912,116.0,2,Corporate Auto,Luxury,169.23
XO78284,Arizona,Male,Master,3887.32,96335,97.0,0,Personal Auto,Four-Door Car,161.39
HS39343,Washington,Female,Bachelor,7475.78,29633,196.0,0,Corporate Auto,Luxury,534.65
ZF77631,California,Male,Master,22758.91,80540,63.0,0,Personal Auto,Four-Door Car,65.85
ZE60021,Nevada,Female,High School or Below,5124.8,14465,135.0,1,Corporate Auto,Luxury,944.51
IU15885,Washington,Female,Bachelor,4900.34,0,66.0,0,Personal Auto,Four-Door Car,316.8
HI16116,Oregon,Female,Master,5278.65,29899,66.0,0,Personal Auto,Four-Door Car,419.3
WH41496,Washington,Male,College,4821.99,0,136.0,0,Personal Auto,SUV,652.8
IQ24777,Nevada,Male,Bachelor,8044.87,71391,67.0,0,Personal Auto,Four-Door Car,284.0
CA55066,Arizona,Male,High School or Below,12157.33,57449,103.0,0,Personal Auto,Four-Door Car,494.4
LG87047,California,Male,High School or Below,18591.55,14209,62.0,0,Personal Auto,Four-Door Car,297.6
TK38732,Oregon,Male,High School or Below,4873.35,47824,129.0,3,Personal Auto,SUV,546.05
KH94432,Arizona,Female,Doctor,5338.53,48696,66.0,0,Corporate Auto,Four-Door Car,48.76
ID21652,Washington,Female,Bachelor,2878.77,79189,71.0,0,Personal Auto,Two-Door Car,56.09
RV90030,California,Female,High School or Below,8473.46,0,116.0,2,Special Auto,Luxury,1148.46
CK36026,Arizona,Female,Bachelor,3440.36,23870,91.0,0,Personal Auto,Two-Door Car,500.58
UR27848,California,Male,College,17497.52,0,73.0,0,Personal Auto,Two-Door Car,350.4
KP68957,California,Female,Bachelor,2544.34,41059,64.0,0,Corporate Auto,Four-Door Car,151.67
LC86277,Oregon,Male,High School or Below,3336.22,19447,89.0,0,Corporate Auto,Four-Door Car,640.8
UW55977,Washington,Male,Bachelor,5206.11,94392,65.0,1,Personal Auto,Four-Door Car,156.18
RE46032,Nevada,Male,College,43290.5,23203,132.0,0,Personal Auto,SUV,1158.79
CG69038,Washington,Male,College,4817.99,38157,61.0,0,Personal Auto,Two-Door Car,81.53
IR73545,Oregon,Male,College,13727.8,0,126.0,0,Personal Auto,SUV,604.8
CR85257,Oregon,Male,High School or Below,4996.55,99761,63.0,0,Corporate Auto,Two-Door Car,452.25
JX88012,Oregon,Female,College,7960.01,98350,101.0,3,Corporate Auto,SUV,289.18
ED44765,Oregon,Female,High School or Below,7367.65,25318,63.0,2,Personal Auto,Four-Door Car,302.4
TW81986,Arizona,Female,Bachelor,5632.61,51721,139.0,0,Personal Auto,SUV,625.28
HA56889,Nevada,Female,Bachelor,3884.86,0,114.0,0,Personal Auto,Luxury,851.03
EB72669,California,Male,Bachelor,4518.02,0,78.0,3,Personal Auto,Four-Door Car,374.4
CH95772,California,Male,College,2565.12,68321,66.0,0,Personal Auto,Four-Door Car,198.26
OZ62735,Arizona,Male,Bachelor,15487.44,69161,129.0,0,Personal Auto,Luxury,441.14
UN50538,Oregon,Female,Bachelor,6395.35,72667,80.0,0,Personal Auto,Four-Door Car,383.23
JS76871,Oregon,Male,High School or Below,8639.09,62082,72.0,0,Corporate Auto,Four-Door Car,91.04
UG42487,Arizona,Female,High School or Below,9806.22,0,87.0,0,Personal Auto,Four-Door Car,626.4
TB56369,California,Female,Bachelor,12472.12,36551,107.0,0,Personal Auto,Four-Door Car,53.84
ZN27753,Oregon,Male,Bachelor,5794.57,70524,73.0,0,Personal Auto,Four-Door Car,350.4
FH22442,California,Female,High School or Below,2619.03,60477,65.0,0,Corporate Auto,Four-Door Car,139.84
LV81383,Washington,Female,High School or Below,3731.5,0,96.0,0,Personal Auto,Four-Door Car,460.8
HI34993,Oregon,Male,High School or Below,5421.02,40376,69.0,0,Personal Auto,Four-Door Car,427.87
KW59167,Oregon,Female,College,6521.37,72608,82.0,3,Personal Auto,Four-Door Car,393.6
BL44722,Nevada,Female,High School or Below,41787.9,46587,119.0,2,Personal Auto,Four-Door Car,571.2
QV11152,Arizona,Male,High School or Below,9613.61,34398,61.0,1,Personal Auto,Two-Door Car,292.8
SG53084,California,Female,Bachelor,4766.65,70432,61.0,3,Personal Auto,Four-Door Car,6.42
EZ30537,Oregon,Female,Doctor,23984.62,79655,296.0,0,Personal Auto,Luxury,498.16
AY35050,Arizona,Female,College,7292.91,0,98.0,0,Personal Auto,Two-Door Car,470.4
UQ59692,California,Female,Bachelor,21255.5,73457,133.0,1,Personal Auto,SUV,198.12
JF11031,California,Male,College,5357.76,0,82.0,0,Personal Auto,Four-Door Car,393.6
DE53644,California,Female,Bachelor,5192.36,23059,66.0,0,Personal Auto,Two-Door Car,372.43
KR53335,Washington,Female,Bachelor,7116.55,0,66.0,0,Personal Auto,Four-Door Car,316.8
AJ89108,California,Female,Bachelor,11009.13,51643,283.0,0,Personal Auto,Luxury,1358.4
MZ10085,Nevada,Male,High School or Below,4328.37,72531,109.0,1,Personal Auto,Luxury,523.2
EV68966,California,Male,College,9419.88,87840,118.0,1,Personal Auto,SUV,161.59
PS28082,Arizona,Male,High School or Below,2592.93,57563,66.0,0,Personal Auto,Four-Door Car,316.8
MX89333,Arizona,Male,Bachelor,2554.19,0,72.0,2,Personal Auto,Two-Door Car,345.6
OE14751,Oregon,Male,Doctor,3528.04,31278,92.0,4,Personal Auto,Two-Door Car,441.6
YI73667,Nevada,Female,College,5340.81,0,72.0,0,Personal Auto,Four-Door Car,345.6
AX70794,California,Male,High School or Below,2449.32,47122,62.0,0,Personal Auto,Two-Door Car,297.6
BF69918,Oregon,Male,High School or Below,5666.47,0,77.0,0,Personal Auto,Four-Door Car,534.23
KE61355,Oregon,Female,High School or Below,5272.7,60260,66.0,0,Corporate Auto,Four-Door Car,328.37
HG65194,Oregon,Female,College,8672.81,0,125.0,0,Personal Auto,SUV,600.0
GV68933,Arizona,Male,High School or Below,7679.68,12677,101.0,0,Personal Auto,SUV,500.63
LM76366,Nevada,Male,High School or Below,2999.34,28564,76.0,0,Corporate Auto,Two-Door Car,364.8
PS57128,California,Female,Bachelor,3834.74,41341,99.0,0,Personal Auto,Four-Door Car,240.24
AH55475,Arizona,Male,College,33053.27,44246,122.0,3,Personal Auto,SUV,585.6
LE91297,Oregon,Male,Master,5175.29,0,71.0,0,Personal Auto,Four-Door Car,340.8
IF18508,California,Female,High School or Below,7950.57,70610,99.0,0,Personal Auto,Four-Door Car,240.98
YE87442,Arizona,Female,High School or Below,9935.17,34831,124.0,0,Personal Auto,SUV,595.2
QD85803,California,Female,Bachelor,7861.8,30374,99.0,0,Personal Auto,Four-Door Car,304.54
SF25048,California,Male,College,8092.88,50825,102.0,0,Personal Auto,SUV,369.61
FH39423,Oregon,Female,Master,5539.35,80727,68.0,0,Personal Auto,Four-Door Car,98.72
LW43630,California,Female,Bachelor,9628.7,71269,80.0,0,Personal Auto,Four-Door Car,350.69
XO17798,Washington,Male,High School or Below,5827.48,45794,74.0,0,Personal Auto,Four-Door Car,449.63
IN15077,California,Male,High School or Below,4807.85,99874,119.0,0,Corporate Auto,Luxury,307.64
NE16405,California,Female,Bachelor,2582.41,76731,64.0,0,Personal Auto,Four-Door Car,201.46
TU82820,California,Male,Master,4475.16,73019,112.0,0,Corporate Auto,SUV,537.6
FR26341,Oregon,Male,Master,2399.05,19112,62.0,0,Personal Auto,Four-Door Car,259.01
MT27589,Oregon,Male,College,7840.17,58414,210.0,2,Corporate Auto,Luxury,1008.0
UG72692,Oregon,Male,Bachelor,2378.09,0,70.0,0,Personal Auto,Four-Door Car,734.07
MP95255,California,Female,High School or Below,3919.37,66676,97.0,0,Personal Auto,Four-Door Car,558.1
EM16179,Arizona,Female,College,8274.15,69011,70.0,0,Personal Auto,Four-Door Car,336.0
DR77208,California,Male,Bachelor,9538.77,0,85.0,0,Personal Auto,Two-Door Car,58.71
PR31509,Nevada,Male,Bachelor,5331.82,0,71.0,0,Personal Auto,Four-Door Car,340.8
SE33381,Arizona,Female,Bachelor,4531.68,0,126.0,0,Corporate Auto,SUV,907.2
BW43011,California,Male,High School or Below,3834.21,0,112.0,0,Personal Auto,SUV,806.4
YP96182,Oregon,Male,Master,2726.8,31385,69.0,0,Personal Auto,Four-Door Car,68.19
WI58274,Oregon,Female,College,8238.46,68261,102.0,0,Personal Auto,Luxury,84.1
YF26585,Nevada,Male,High School or Below,4758.47,92324,119.0,2,Corporate Auto,Luxury,603.11
UH76090,California,Female,Bachelor,8818.05,0,136.0,4,Personal Auto,SUV,1237.26
VF36700,Oregon,Female,Master,24278.1,20983,97.0,1,Personal Auto,Four-Door Car,451.75
CS32416,Oregon,Male,Bachelor,5595.76,68004,72.0,0,Corporate Auto,Two-Door Car,416.34
AT18041,California,Female,High School or Below,2682.7,63471,67.0,0,Personal Auto,Two-Door Car,387.72
TB54645,Oregon,Female,Bachelor,3033.41,27369,77.0,0,Personal Auto,Four-Door Car,331.94
LX11170,Oregon,Female,High School or Below,4862.91,36839,61.0,0,Personal Auto,Four-Door Car,152.5
RO43614,Washington,Female,Bachelor,2128.62,0,65.0,2,Personal Auto,Four-Door Car,312.0
QS36363,Arizona,Female,High School or Below,12655.53,26149,157.0,0,Personal Auto,SUV,753.6
FX72157,Oregon,Female,High School or Below,8556.58,52440,109.0,0,Corporate Auto,Four-Door Car,371.21
XC43591,Oregon,Male,College,12880.75,24571,109.0,0,Personal Auto,Four-Door Car,523.2
PJ71030,Oregon,Male,High School or Below,3049.84,0,90.0,0,Special Auto,Four-Door Car,432.0
JH14651,Washington,Male,Master,3238.0,60244,83.0,3,Personal Auto,Four-Door Car,326.28
YG42297,Arizona,Male,College,5248.98,0,72.0,0,Personal Auto,Four-Door Car,216.7
TY31217,Washington,Female,Bachelor,11009.13,51643,283.0,0,Personal Auto,Luxury,1358.4
KU69274,Arizona,Female,High School or Below,14267.93,17157,123.0,0,Personal Auto,SUV,770.75
MU53420,Oregon,Male,High School or Below,5325.72,0,73.0,0,Personal Auto,Two-Door Car,496.47
RE36747,Nevada,Male,High School or Below,3034.77,17308,82.0,0,Personal Auto,Four-Door Car,874.32
IN78205,Arizona,Female,College,8329.04,0,118.0,0,Personal Auto,SUV,849.6
AH39293,California,Male,College,2616.61,72302,66.0,0,Personal Auto,Two-Door Car,316.8
IF30418,California,Female,Master,2574.02,34990,65.0,0,Personal Auto,Four-Door Car,42.69
QH51455,Arizona,Male,College,4004.55,0,107.0,0,Personal Auto,Four-Door Car,513.6
UZ60774,Nevada,Female,Bachelor,6051.8,0,87.0,1,Personal Auto,Four-Door Car,626.4
AD63766,Oregon,Male,Bachelor,2839.01,0,81.0,0,Personal Auto,Two-Door Car,388.8
MN19541,Arizona,Male,College,1994.77,0,61.0,0,Personal Auto,Four-Door Car,393.22
SF38922,Oregon,Male,College,11944.4,33760,102.0,0,Personal Auto,SUV,123.49
ST91578,California,Male,Master,6466.3,0,90.0,0,Personal Auto,Four-Door Car,144.78
AP52565,Arizona,Female,High School or Below,6746.43,70328,84.0,0,Corporate Auto,Four-Door Car,293.23
BT68954,Oregon,Male,Bachelor,3561.04,0,99.0,0,Special Auto,Four-Door Car,712.8
NU93648,Arizona,Male,Bachelor,20774.02,0,63.0,0,Corporate Auto,Two-Door Car,243.21
OU60143,Oregon,Female,Bachelor,3939.01,60021,99.0,0,Corporate Auto,Four-Door Car,882.87
EC51047,California,Female,Bachelor,8915.17,31991,81.0,3,Personal Auto,Four-Door Car,548.32
EV46476,California,Male,Bachelor,8084.33,20169,112.0,1,Personal Auto,SUV,537.6
HB59616,Washington,Female,College,4502.98,0,64.0,0,Personal Auto,Two-Door Car,307.2
RA34556,California,Male,High School or Below,4877.95,20178,69.0,2,Corporate Auto,Four-Door Car,331.2
NB87421,Arizona,Male,High School or Below,8294.97,78189,103.0,0,Corporate Auto,Four-Door Car,99.14
HR64765,Washington,Male,High School or Below,8485.39,0,244.0,0,Personal Auto,Luxury,1756.8
FM70419,Oregon,Male,College,4740.2,0,72.0,1,Personal Auto,Four-Door Car,518.4
GX51965,California,Male,High School or Below,8564.77,95697,107.0,0,Personal Auto,Luxury,178.01
OS75351,Oregon,Male,College,2393.92,0,70.0,0,Personal Auto,Four-Door Car,425.27
TU25694,Oregon,Male,High School or Below,2458.75,0,70.0,0,Personal Auto,Four-Door Car,504.0
JS90115,Nevada,Female,High School or Below,19597.06,64559,62.0,0,Personal Auto,Four-Door Car,107.54
KW93227,Washington,Male,College,21892.94,58149,61.0,0,Special Auto,Four-Door Car,292.8
SU41739,California,Male,College,8728.46,0,124.0,0,Personal Auto,SUV,473.47
TV75816,Oregon,Male,High School or Below,2386.2,70911,63.0,3,Corporate Auto,Two-Door Car,302.4
RS54064,Washington,Male,High School or Below,21892.35,78337,62.0,2,Corporate Auto,Two-Door Car,36.29
OB63331,Arizona,Female,Doctor,2813.51,50397,70.0,0,Corporate Auto,Four-Door Car,350.65
TI58610,Arizona,Female,Master,2996.89,51199,74.0,0,Corporate Auto,Four-Door Car,355.2
TJ82551,Nevada,Female,Bachelor,4063.33,46928,102.0,1,Personal Auto,Four-Door Car,631.4
ZO43755,Oregon,Female,Master,8368.88,23879,107.0,0,Corporate Auto,SUV,635.64
VG16827,California,Female,Master,4626.8,79487,114.0,0,Personal Auto,SUV,547.2
KJ48497,Oregon,Female,High School or Below,7516.79,0,106.0,0,Personal Auto,SUV,850.59
NA27429,Nevada,Female,High School or Below,3644.83,82477,90.0,0,Personal Auto,Two-Door Car,432.0
AZ38648,Washington,Female,Master,11981.98,21514,62.0,0,Personal Auto,Two-Door Car,257.25
SR53077,Nevada,Female,High School or Below,2601.81,57231,65.0,0,Personal Auto,Four-Door Car,305.12
UO12263,Oregon,Female,High School or Below,4654.95,0,69.0,4,Corporate Auto,Four-Door Car,331.2
BC86800,California,Female,Bachelor,3579.77,84598,89.0,2,Personal Auto,Two-Door Car,639.27
ZQ28996,Nevada,Male,College,5388.02,48895,68.0,0,Corporate Auto,Four-Door Car,325.01
JI42730,Arizona,Male,High School or Below,3705.29,84493,92.0,0,Personal Auto,Four-Door Car,441.6
VF21170,California,Female,Bachelor,8613.46,37277,109.0,1,Personal Auto,SUV,417.72
MP25903,Oregon,Male,High School or Below,2703.27,0,71.0,0,Personal Auto,Two-Door Car,497.39
YH24323,California,Female,College,2511.7,14906,66.0,0,Corporate Auto,Four-Door Car,421.63
XB86235,Arizona,Male,Doctor,24186.24,14710,112.0,0,Personal Auto,Luxury,537.6
WR53191,California,Female,Bachelor,15120.21,20656,130.0,0,Corporate Auto,SUV,706.11
UM83813,Oregon,Female,Bachelor,13379.81,0,194.0,0,Personal Auto,Luxury,1396.8
JW45704,California,Male,Bachelor,2308.69,0,64.0,0,Personal Auto,Four-Door Car,431.77
PV26437,California,Female,Bachelor,7319.58,57777,61.0,1,Corporate Auto,Four-Door Car,273.88
AX39008,Oregon,Male,Bachelor,26113.36,80409,74.0,0,Personal Auto,Two-Door Car,262.98
DJ52170,California,Male,High School or Below,5639.94,73168,70.0,0,Special Auto,Four-Door Car,425.8
RM34371,Nevada,Female,Bachelor,4715.29,0,64.0,0,Personal Auto,Two-Door Car,345.35
TZ65661,California,Female,College,2742.8,32437,69.0,0,Corporate Auto,Two-Door Car,331.2
YD74214,California,Female,College,3808.12,94903,94.0,0,Personal Auto,Two-Door Car,451.2
AR99766,Nevada,Female,Bachelor,4692.05,82534,118.0,0,Personal Auto,SUV,4.24
ZA30025,Arizona,Male,Bachelor,4055.4,0,121.0,0,Personal Auto,SUV,1215.97
IE85867,Arizona,Female,High School or Below,41787.9,46587,119.0,2,Personal Auto,Four-Door Car,571.2
XK52242,California,Male,Bachelor,9800.34,32245,124.0,0,Personal Auto,SUV,257.5
RP12388,Arizona,Male,Bachelor,12379.57,39886,64.0,1,Personal Auto,Two-Door Car,290.36
TP30316,California,Male,College,9705.31,79157,61.0,0,Corporate Auto,Two-Door Car,117.78
RS60249,Oregon,Male,Bachelor,4253.28,0,62.0,0,Personal Auto,Two-Door Car,446.4
AL50693,Oregon,Male,Bachelor,3567.5,0,102.0,0,Corporate Auto,SUV,660.43
SH36838,Arizona,Male,High School or Below,5153.92,0,74.0,0,Personal Auto,Four-Door Car,532.8
CV44550,Arizona,Male,College,7559.21,0,119.0,1,Corporate Auto,Four-Door Car,964.52
YO23637,Washington,Male,College,4194.91,0,64.0,3,Special Auto,Two-Door Car,759.29
AJ32539,Oregon,Male,Bachelor,2829.31,25860,72.0,0,Personal Auto,Four-Door Car,345.6
VQ48245,Washington,Female,Master,3221.79,77882,79.0,0,Personal Auto,Four-Door Car,379.2
ID15010,Oregon,Male,Doctor,10972.07,24164,137.0,0,Personal Auto,Luxury,657.6
RH28799,Arizona,Male,College,2430.96,0,70.0,0,Personal Auto,Four-Door Car,341.33
WC72942,Oregon,Male,High School or Below,3790.19,66169,96.0,1,Personal Auto,Two-Door Car,156.43
HT92952,California,Male,Bachelor,8838.09,82664,114.0,3,Corporate Auto,SUV,133.43
LR82110,Nevada,Female,Doctor,20101.65,23638,102.0,0,Personal Auto,SUV,489.6
JE19783,Arizona,Male,Bachelor,6388.21,26436,83.0,0,Personal Auto,Two-Door Car,398.4
MX97096,Nevada,Female,College,2656.52,0,78.0,1,Personal Auto,Four-Door Car,374.4
TD51026,Arizona,Male,Bachelor,7714.6,13154,102.0,0,Personal Auto,SUV,489.6
SD75391,California,Female,Master,2704.54,24173,70.0,0,Personal Auto,Four-Door Car,181.47
CN29830,California,Male,High School or Below,2495.46,26689,64.0,0,Corporate Auto,Four-Door Car,424.71
RV52244,Arizona,Female,Bachelor,2498.35,31357,63.0,0,Personal Auto,Four-Door Car,2.02
WA59097,Oregon,Female,College,5614.59,40417,71.0,1,Personal Auto,Four-Door Car,130.3
TV23956,Washington,Male,High School or Below,2089.34,0,63.0,1,Personal Auto,Four-Door Car,453.6
XQ81794,Arizona,Male,High School or Below,5137.35,93872,64.0,0,Personal Auto,Four-Door Car,206.5
BB21794,Oregon,Female,Bachelor,5394.91,29853,69.0,0,Personal Auto,Four-Door Car,76.59
HC63693,Arizona,Female,College,7341.74,88049,92.0,0,Corporate Auto,Two-Door Car,567.07
KJ55021,Washington,Female,College,4791.08,29111,63.0,0,Personal Auto,Four-Door Car,302.4
HX45529,Oregon,Male,Master,25169.19,37282,79.0,0,Personal Auto,Four-Door Car,222.51
XY78443,Arizona,Female,College,2147.66,0,62.0,0,Personal Auto,Two-Door Car,297.6
KQ38375,California,Female,Bachelor,9902.39,0,133.0,0,Personal Auto,SUV,945.17
HC66205,Washington,Male,High School or Below,3157.74,58248,80.0,0,Corporate Auto,Four-Door Car,134.37
KF62288,Oregon,Female,High School or Below,6269.14,0,89.0,1,Special Auto,Two-Door Car,942.28
YE46109,Arizona,Female,College,10839.51,26367,139.0,0,Personal Auto,SUV,105.99
TT30338,Arizona,Female,Master,7675.87,89586,63.0,1,Personal Auto,Four-Door Car,302.4
MC22692,Washington,Female,High School or Below,7035.97,86642,87.0,0,Personal Auto,Two-Door Car,234.06
FW17421,Washington,Female,High School or Below,3576.71,24959,89.0,0,Corporate Auto,Four-Door Car,640.8
KE83023,Oregon,Male,Bachelor,10845.74,27279,137.0,0,Personal Auto,SUV,770.23
HT96569,Oregon,Male,Bachelor,2656.99,57117,67.0,0,Personal Auto,Four-Door Car,321.6
GO27855,Oregon,Female,College,6883.67,64600,86.0,0,Personal Auto,Four-Door Car,168.29
UX71974,California,Male,College,20314.44,42218,180.0,3,Personal Auto,Luxury,212.13
QT97406,Arizona,Male,Bachelor,20120.56,32869,85.0,0,Corporate Auto,Two-Door Car,117.47
QQ37605,Washington,Female,Master,2547.37,26047,64.0,1,Personal Auto,Four-Door Car,187.9
BL79888,Oregon,Female,High School or Below,34611.38,20090,109.0,0,Personal Auto,Luxury,523.2
WF91295,Oregon,Female,High School or Below,4254.62,11904,61.0,2,Personal Auto,Two-Door Car,292.8
NQ92014,California,Female,High School or Below,3659.18,0,106.0,0,Personal Auto,SUV,763.2
RP33869,Washington,Female,Bachelor,2577.51,49467,65.0,0,Personal Auto,Two-Door Car,413.7
TS31001,Oregon,Male,Bachelor,26243.86,55705,113.0,0,Personal Auto,SUV,149.91
NE58217,Oregon,Female,Bachelor,27064.46,83560,113.0,1,Corporate Auto,Four-Door Car,276.05
BV57364,Arizona,Male,College,8092.88,50825,102.0,0,Personal Auto,SUV,369.61
FS84707,Nevada,Female,Doctor,2691.22,82108,67.0,0,Personal Auto,Four-Door Car,52.8
AN80983,Oregon,Male,College,5218.34,85721,65.0,0,Corporate Auto,Four-Door Car,312.0
UU84036,California,Male,High School or Below,8267.85,59597,69.0,0,Special Auto,Two-Door Car,222.79
XQ51968,California,Male,High School or Below,5568.95,0,79.0,1,Corporate Auto,Two-Door Car,407.44
CY59740,California,Male,High School or Below,2594.81,0,73.0,0,Corporate Auto,Four-Door Car,350.4
XT58648,Arizona,Female,High School or Below,8646.5,64125,108.0,0,Personal Auto,SUV,369.82
WZ63975,California,Female,High School or Below,2423.76,22319,63.0,1,Personal Auto,Two-Door Car,302.4
RQ72272,Arizona,Male,College,2814.21,94304,71.0,0,Personal Auto,Two-Door Car,182.82
FR34560,Oregon,Female,Master,2506.26,17193,66.0,0,Corporate Auto,Four-Door Car,316.8
EF99768,California,Female,High School or Below,4424.58,37800,112.0,0,Corporate Auto,SUV,662.72
LW50691,Nevada,Female,College,9555.17,96269,118.0,0,Personal Auto,Four-Door Car,58.78
EP34249,Oregon,Male,College,13869.93,28432,118.0,0,Corporate Auto,SUV,612.3
DQ54144,Arizona,Female,High School or Below,8841.77,0,118.0,0,Personal Auto,SUV,566.4
SE62920,California,Male,Bachelor,8836.03,63909,112.0,0,Personal Auto,SUV,206.91
PL54420,Arizona,Female,Bachelor,33473.35,33190,106.0,0,Personal Auto,SUV,508.8
QG22665,Arizona,Male,College,5000.62,43723,66.0,3,Personal Auto,Four-Door Car,316.8
LJ59940,Nevada,Female,High School or Below,16468.22,0,63.0,0,Corporate Auto,Four-Door Car,685.13
AV17528,Nevada,Female,High School or Below,9233.19,42600,115.0,0,Personal Auto,Luxury,660.14
ZU88796,Arizona,Female,Bachelor,2448.81,87802,63.0,5,Personal Auto,Four-Door Car,173.9
SD96596,Washington,Female,High School or Below,18544.3,34087,235.0,0,Personal Auto,Luxury,889.52
LT98784,Oregon,Male,Master,5229.99,18129,69.0,0,Personal Auto,Four-Door Car,364.7
OQ45659,Arizona,Female,College,41745.01,45431,116.0,0,Personal Auto,Four-Door Car,556.8
ZS66375,California,Female,Bachelor,7531.03,0,71.0,0,Personal Auto,Four-Door Car,511.2
EJ67407,Arizona,Male,High School or Below,8024.51,95191,101.0,0,Corporate Auto,Four-Door Car,316.11
JD19036,Arizona,Female,Master,16261.17,41671,136.0,0,Personal Auto,SUV,570.39
YO11701,Oregon,Male,High School or Below,8022.69,53231,101.0,0,Personal Auto,SUV,484.8
KO73340,Oregon,Male,College,2640.32,77299,66.0,0,Personal Auto,Four-Door Car,151.87
BV53716,Oregon,Female,High School or Below,5266.42,93348,65.0,0,Personal Auto,Four-Door Car,108.57
CV95479,California,Male,Bachelor,3362.67,0,107.0,2,Personal Auto,Four-Door Car,770.4
OZ97304,Arizona,Female,High School or Below,2630.01,0,78.0,1,Corporate Auto,Four-Door Car,374.4
RE63028,Nevada,Female,High School or Below,6486.11,87210,81.0,0,Personal Auto,Four-Door Car,353.59
LN37854,Arizona,Female,College,18399.83,0,73.0,0,Personal Auto,Four-Door Car,525.6
MU76701,Washington,Female,College,3921.02,62445,98.0,1,Personal Auto,Four-Door Car,681.17
VI66513,California,Male,High School or Below,9688.33,20009,87.0,1,Corporate Auto,Four-Door Car,987.12
EB30823,California,Male,College,19668.87,0,67.0,1,Personal Auto,Four-Door Car,482.4
DQ19343,California,Female,High School or Below,5583.07,57925,72.0,1,Corporate Auto,Two-Door Car,204.62
SB61617,California,Male,Master,8935.03,39910,112.0,0,Personal Auto,SUV,561.5
DY92795,Oregon,Female,Bachelor,3226.85,83252,80.0,0,Personal Auto,Four-Door Car,384.0
WZ92405,Nevada,Female,College,7492.16,31723,62.0,0,Personal Auto,Two-Door Car,242.63
WL21375,Arizona,Female,High School or Below,7890.6,0,112.0,3,Personal Auto,Four-Door Car,747.66
KL83882,Nevada,Female,Bachelor,6639.33,72661,83.0,1,Personal Auto,Four-Door Car,398.4
ET87938,Oregon,Male,College,4328.86,24711,62.0,0,Personal Auto,Two-Door Car,362.99
EQ87425,California,Female,High School or Below,6919.02,0,69.0,1,Corporate Auto,Four-Door Car,40.4
UM17151,California,Male,Bachelor,1898.01,0,67.0,3,Personal Auto,Two-Door Car,413.61
MS11057,Oregon,Male,Bachelor,9587.59,84539,119.0,0,Personal Auto,Four-Door Car,65.43
UU99893,Arizona,Female,Master,7689.7,42677,96.0,0,Personal Auto,Four-Door Car,1084.96
FE93665,Oregon,Female,High School or Below,7897.02,0,72.0,0,Personal Auto,Two-Door Car,518.4
AN53225,Washington,Male,High School or Below,24672.66,0,76.0,0,Personal Auto,Two-Door Car,364.8
RL12319,Oregon,Female,High School or Below,7484.38,51692,186.0,0,Special Auto,Luxury,892.8
AR25213,Arizona,Male,High School or Below,7282.97,40858,184.0,0,Personal Auto,Luxury,883.2
JL15127,Nevada,Male,College,9816.53,37256,62.0,0,Personal Auto,Four-Door Car,128.97
SD42668,Washington,Male,Bachelor,5295.63,0,74.0,0,Personal Auto,Four-Door Car,532.8
ZG82127,California,Female,Bachelor,12741.85,73054,106.0,1,Corporate Auto,SUV,419.37
DW37404,California,Female,Bachelor,7858.05,20532,67.0,0,Personal Auto,Four-Door Car,282.66
XM87301,Oregon,Male,Bachelor,2397.54,0,66.0,0,Personal Auto,Four-Door Car,596.49
TJ46491,Oregon,Female,College,5980.85,22946,76.0,0,Personal Auto,Four-Door Car,377.35
KA98111,Washington,Male,Bachelor,2513.12,22475,64.0,1,Personal Auto,Four-Door Car,307.2
IM15816,Oregon,Female,High School or Below,9403.96,79440,117.0,0,Personal Auto,SUV,500.64
ZT63368,Arizona,Male,College,2618.81,0,74.0,0,Personal Auto,Four-Door Car,470.96
VU79621,Oregon,Male,Master,8140.0,0,108.0,0,Personal Auto,Luxury,518.4
HP20623,California,Female,High School or Below,5227.57,70988,65.0,0,Personal Auto,Four-Door Car,312.0
RY44996,Oregon,Female,High School or Below,2677.22,56536,67.0,0,Special Auto,Four-Door Car,301.89
YS71471,Arizona,Male,High School or Below,2685.74,45754,69.0,0,Personal Auto,Two-Door Car,333.19
VW74085,Oregon,Female,High School or Below,5932.56,48278,74.0,0,Personal Auto,Two-Door Car,98.2
YD76280,Oregon,Male,High School or Below,2335.88,22087,61.0,2,Personal Auto,Two-Door Car,292.8
TL67005,California,Female,High School or Below,4811.18,0,136.0,1,Corporate Auto,SUV,569.91
MO65595,Nevada,Female,Bachelor,3386.53,0,92.0,0,Personal Auto,Two-Door Car,571.59
RX96438,Washington,Female,High School or Below,2311.21,24400,62.0,0,Corporate Auto,Two-Door Car,297.6
VA65117,Oregon,Male,High School or Below,7635.42,0,110.0,0,Personal Auto,SUV,1138.69
KG16176,Washington,Female,College,2434.85,0,66.0,0,Personal Auto,Four-Door Car,167.07
NT79981,Nevada,Female,High School or Below,3605.97,13199,93.0,0,Personal Auto,Four-Door Car,582.46
ES88339,California,Male,Master,3337.98,60607,83.0,0,Corporate Auto,Four-Door Car,379.58
AD33971,California,Male,Doctor,12564.07,0,68.0,0,Personal Auto,Four-Door Car,326.4
JR84006,Washington,Male,High School or Below,2454.36,74624,62.0,1,Personal Auto,Four-Door Car,297.6
FN66436,California,Female,College,10722.06,54311,90.0,0,Personal Auto,Two-Door Car,385.57
YX84828,Oregon,Female,Bachelor,5079.83,0,68.0,0,Personal Auto,Two-Door Car,326.4
JH94846,California,Female,Bachelor,3829.28,19240,99.0,0,Personal Auto,Four-Door Car,475.2
TX73398,Nevada,Male,Bachelor,3697.04,0,113.0,0,Personal Auto,Two-Door Car,813.6
RX45809,California,Male,College,14854.2,37899,187.0,0,Personal Auto,Luxury,246.99
US36532,Arizona,Female,High School or Below,4938.21,76283,61.0,0,Corporate Auto,Four-Door Car,292.8
RN86953,California,Female,High School or Below,7536.07,69674,62.0,1,Personal Auto,Two-Door Car,297.6
RZ50353,California,Male,High School or Below,6243.14,57734,78.0,0,Personal Auto,Four-Door Car,374.4
QP32003,Arizona,Female,College,9983.13,0,93.0,0,Personal Auto,Four-Door Car,669.6
WN91943,California,Male,College,12948.4,30763,111.0,0,Personal Auto,Four-Door Car,1072.53
BR24590,Arizona,Male,Bachelor,2510.59,0,70.0,0,Personal Auto,Four-Door Car,522.41
UI57491,California,Male,Bachelor,5165.57,0,72.0,0,Personal Auto,Two-Door Car,518.4
UJ70796,Oregon,Female,College,7413.42,52130,62.0,0,Personal Auto,Four-Door Car,124.46
NX32730,California,Female,High School or Below,3000.44,77041,74.0,0,Personal Auto,Two-Door Car,475.01
OH98172,California,Female,High School or Below,3188.53,81081,79.0,0,Personal Auto,Two-Door Car,224.89
AQ30231,California,Female,Bachelor,5800.77,0,78.0,0,Personal Auto,Four-Door Car,374.4
MU97512,Oregon,Male,Bachelor,7398.87,27383,188.0,0,Corporate Auto,Luxury,902.4
CO75086,Arizona,Male,College,7269.34,20407,95.0,2,Corporate Auto,Four-Door Car,36.98
WW52683,California,Female,Bachelor,5067.64,61067,64.0,1,Personal Auto,Four-Door Car,86.31
XO38850,Arizona,Male,College,6227.37,0,94.0,0,Personal Auto,Four-Door Car,676.8
DB50188,California,Male,College,4448.64,23006,113.0,0,Personal Auto,SUV,792.1
DG23204,California,Female,Doctor,2595.56,27734,65.0,0,Personal Auto,Four-Door Car,193.34
JS64688,Oregon,Male,High School or Below,2595.85,48608,67.0,0,Personal Auto,Four-Door Car,321.6
PU81096,Arizona,Male,Bachelor,6817.43,43947,61.0,4,Personal Auto,Four-Door Car,291.39
IW56740,Oregon,Male,High School or Below,15519.67,23402,82.0,0,Personal Auto,Two-Door Car,393.6
AK44985,California,Female,College,3853.47,0,110.0,0,Personal Auto,SUV,792.0
FX55409,Oregon,Female,Master,8229.24,0,109.0,0,Personal Auto,SUV,298.64
BK76107,Oregon,Female,High School or Below,14024.36,81872,115.0,0,Personal Auto,Four-Door Car,256.44
AY26056,Arizona,Female,College,7948.57,63892,66.0,0,Personal Auto,Four-Door Car,90.71
QR36329,Washington,Female,Bachelor,2624.1,11822,70.0,0,Corporate Auto,Two-Door Car,285.89
GF70857,Nevada,Male,College,2933.96,0,83.0,0,Personal Auto,Four-Door Car,199.85
QE46704,Nevada,Male,College,2871.15,94178,72.0,1,Personal Auto,Four-Door Car,226.1
PD22502,California,Female,Bachelor,4799.62,0,65.0,0,Personal Auto,Two-Door Car,312.0
XF94560,Washington,Female,High School or Below,2305.24,0,62.0,0,Corporate Auto,Four-Door Car,297.6
HZ64168,California,Male,Bachelor,40440.76,0,129.0,0,Personal Auto,SUV,1191.32
FT79229,Washington,Female,Bachelor,8900.42,83761,111.0,0,Personal Auto,SUV,532.8
EI17753,Oregon,Female,High School or Below,4428.03,58577,110.0,0,Personal Auto,SUV,303.87
EV15646,California,Male,College,3781.69,46573,94.0,0,Personal Auto,Four-Door Car,77.78
FF38892,California,Female,High School or Below,32861.26,49889,118.0,0,Personal Auto,Two-Door Car,201.55
PP35705,California,Male,High School or Below,35862.99,26376,121.0,0,Personal Auto,SUV,580.8
FQ24781,Oregon,Female,Master,2574.02,34990,65.0,0,Personal Auto,Four-Door Car,42.69
CR20811,California,Female,Bachelor,10660.9,60642,133.0,0,Personal Auto,SUV,428.28
XT55646,Arizona,Male,Bachelor,4428.63,18263,117.0,0,Personal Auto,SUV,758.33
JH30819,California,Female,Bachelor,25674.15,66550,107.0,1,Corporate Auto,SUV,513.6
YV88022,Washington,Male,High School or Below,6689.02,56980,84.0,0,Personal Auto,Two-Door Car,599.0
VF57165,California,Female,High School or Below,16256.81,21206,136.0,0,Corporate Auto,Luxury,98.09
AZ36763,Arizona,Female,Bachelor,11834.73,0,85.0,0,Personal Auto,Four-Door Car,612.0
FL50532,Arizona,Male,Master,8237.25,48866,103.0,0,Personal Auto,Luxury,494.4
JP88955,Oregon,Male,High School or Below,8876.67,30525,115.0,0,Personal Auto,Luxury,368.02
QF69163,Washington,Female,College,4373.36,25676,113.0,0,Personal Auto,Two-Door Car,542.4
OA26316,Arizona,Female,College,2221.36,0,62.0,0,Personal Auto,Four-Door Car,699.52
FL55134,Nevada,Male,High School or Below,10408.97,20228,101.0,1,Personal Auto,SUV,523.82
OL48469,Nevada,Male,High School or Below,4162.18,0,67.0,3,Personal Auto,Four-Door Car,321.6
CR86548,Nevada,Female,Master,12349.7,67248,102.0,0,Personal Auto,SUV,489.6
XO11574,California,Male,High School or Below,3399.13,28928,87.0,1,Personal Auto,Four-Door Car,192.64
DM34321,California,Female,Master,3420.66,11652,89.0,0,Personal Auto,Two-Door Car,526.48
WH56217,Washington,Male,College,8927.57,29136,118.0,0,Corporate Auto,SUV,566.4
BV55733,Nevada,Male,College,10852.96,67696,97.0,5,Corporate Auto,Two-Door Car,17.48
PK37121,Washington,Female,High School or Below,4369.6,91775,108.0,0,Personal Auto,SUV,256.89
EO87464,Oregon,Male,High School or Below,7915.98,31383,99.0,0,Corporate Auto,Four-Door Car,475.2
UF49068,California,Male,College,7754.67,0,117.0,0,Corporate Auto,SUV,918.66
CH20044,California,Female,Bachelor,2241.46,0,65.0,0,Corporate Auto,Four-Door Car,312.0
NU57274,California,Male,Bachelor,9354.13,0,135.0,0,Personal Auto,SUV,972.0
CV63337,Oregon,Female,Bachelor,3499.14,37273,88.0,0,Personal Auto,Two-Door Car,422.4
GY87675,Oregon,Male,College,5140.39,26952,76.0,1,Corporate Auto,Four-Door Car,364.8
OH93496,Arizona,Male,Bachelor,3703.4,0,109.0,0,Personal Auto,SUV,784.8
AY99324,Oregon,Male,College,6555.36,21853,86.0,0,Personal Auto,Four-Door Car,412.8
MR27647,Washington,Female,High School or Below,3312.18,27431,85.0,0,Personal Auto,Four-Door Car,457.78
VQ82774,California,Female,Master,16301.97,19614,85.0,0,Personal Auto,Two-Door Car,574.02
WT38706,Oregon,Female,Bachelor,14635.45,0,139.0,0,Personal Auto,SUV,667.2
UI89243,California,Female,Bachelor,5723.54,77646,71.0,0,Personal Auto,Four-Door Car,340.8
XP69351,California,Male,College,2443.93,0,69.0,0,Personal Auto,Four-Door Car,124.18
PY64219,California,Male,Master,13024.13,0,125.0,0,Personal Auto,SUV,900.0
QJ64737,California,Female,High School or Below,6165.86,60884,77.0,0,Personal Auto,Four-Door Car,491.85
IU14618,Oregon,Male,High School or Below,5838.9,81082,73.0,0,Personal Auto,Four-Door Car,281.3
HH61461,Nevada,Female,Bachelor,9971.02,57483,82.0,0,Personal Auto,Four-Door Car,540.07
JX10102,Arizona,Female,High School or Below,3223.22,0,91.0,1,Personal Auto,Four-Door Car,655.2
SG86615,Oregon,Male,High School or Below,14558.42,40260,73.0,0,Personal Auto,Four-Door Car,299.51
VE47660,Oregon,Female,High School or Below,9033.25,30004,112.0,0,Personal Auto,SUV,806.4
BZ36030,Oregon,Male,College,12590.94,62575,106.0,0,Personal Auto,Two-Door Car,508.8
KJ52520,Arizona,Female,High School or Below,8161.78,45270,70.0,0,Personal Auto,Two-Door Car,46.05
IK60267,Nevada,Female,Bachelor,2730.97,24967,69.0,0,Personal Auto,Two-Door Car,331.2
NX15614,Oregon,Male,High School or Below,20294.39,0,73.0,0,Personal Auto,Two-Door Car,525.6
JO64353,Oregon,Female,High School or Below,5301.84,20269,66.0,0,Personal Auto,Two-Door Car,475.2
BL89983,California,Female,High School or Below,9035.67,34337,113.0,0,Special Auto,Four-Door Car,542.4
SE64365,California,Male,High School or Below,4674.71,35830,118.0,1,Corporate Auto,Four-Door Car,597.26
JW16295,California,Female,High School or Below,10676.59,55510,89.0,0,Personal Auto,Two-Door Car,427.2
IC61020,Oregon,Female,High School or Below,7437.51,88360,185.0,0,Personal Auto,Luxury,929.96
WB73140,Arizona,Female,High School or Below,5447.81,0,73.0,0,Personal Auto,Four-Door Car,350.4
JP52554,California,Female,Bachelor,15550.19,17449,71.0,0,Corporate Auto,Four-Door Car,268.68
QZ24527,California,Female,Bachelor,33473.35,33190,106.0,0,Personal Auto,SUV,508.8
VB53090,California,Male,Master,8013.61,43196,66.0,0,Personal Auto,Four-Door Car,1.49
LR49580,Oregon,Female,Bachelor,5061.18,59216,64.0,2,Personal Auto,Four-Door Car,200.49
LH66741,Arizona,Male,Bachelor,7034.35,23158,63.0,3,Personal Auto,Four-Door Car,302.4
IS79761,Oregon,Male,High School or Below,3815.85,38651,98.0,0,Personal Auto,Two-Door Car,470.4
PM11577,Oregon,Female,Bachelor,8476.77,74001,108.0,3,Corporate Auto,Two-Door Car,254.31
ZB84321,Washington,Female,College,19690.44,36032,70.0,0,Personal Auto,Four-Door Car,336.0
QO26846,Oregon,Female,Master,3359.29,16891,88.0,0,Personal Auto,Four-Door Car,633.6
YU55375,Oregon,Male,College,4502.41,0,67.0,0,Personal Auto,Two-Door Car,499.59
YU83697,Nevada,Female,Bachelor,3871.07,0,110.0,0,Corporate Auto,SUV,528.0
LQ24783,Oregon,Female,Doctor,6162.2,80590,76.0,0,Corporate Auto,Four-Door Car,104.07
KL27226,California,Male,Bachelor,6412.37,58776,83.0,2,Personal Auto,Four-Door Car,478.75
MR84659,Oregon,Female,College,10208.93,35482,129.0,0,Personal Auto,SUV,619.2
GU92938,Nevada,Female,Bachelor,6943.56,25612,61.0,0,Personal Auto,Two-Door Car,292.8
OE56979,Oregon,Female,High School or Below,9551.17,57016,119.0,0,Personal Auto,SUV,341.87
QT13680,California,Male,High School or Below,2555.52,25385,65.0,0,Corporate Auto,Four-Door Car,458.8
FG35165,Washington,Female,College,2480.49,50516,62.0,0,Personal Auto,Four-Door Car,179.63
MS41043,Arizona,Female,College,7469.15,0,199.0,0,Personal Auto,Luxury,1956.37
BB19609,California,Male,College,15769.11,29977,133.0,0,Personal Auto,SUV,255.66
QW44027,Oregon,Male,College,22837.14,89384,285.0,0,Corporate Auto,Luxury,2052.0
AS60178,Nevada,Female,Bachelor,2796.87,54655,70.0,1,Corporate Auto,Four-Door Car,186.61
AP89323,Nevada,Female,College,2728.84,40516,70.0,0,Personal Auto,Four-Door Car,336.0
TY30683,Oregon,Female,College,3527.4,26156,96.0,0,Corporate Auto,Four-Door Car,460.8
MP16820,Arizona,Male,College,2821.1,70047,71.0,0,Personal Auto,Two-Door Car,107.71
ZT60102,Arizona,Male,College,17790.41,26000,256.0,0,Personal Auto,Luxury,1228.8
QX24179,Oregon,Male,Bachelor,5619.65,41878,71.0,0,Personal Auto,Four-Door Car,161.7
RL21492,Arizona,Male,Bachelor,4984.62,86305,62.0,0,Corporate Auto,Four-Door Car,80.73
JW44963,Arizona,Female,College,5447.84,55483,70.0,0,Personal Auto,Four-Door Car,230.91
IT37924,Oregon,Female,College,9752.7,37345,82.0,0,Personal Auto,Four-Door Car,31.65
XC49176,California,Female,Bachelor,3193.82,93405,79.0,0,Corporate Auto,Four-Door Car,202.51
JK30153,Oregon,Female,Master,8566.42,99652,106.0,2,Personal Auto,SUV,406.63
MH50997,California,Female,Bachelor,20003.14,33901,84.0,1,Personal Auto,Four-Door Car,145.99
YJ53102,Oregon,Female,Master,3687.17,0,99.0,1,Corporate Auto,Four-Door Car,378.26
EX80215,California,Female,College,2822.73,0,77.0,0,Personal Auto,Four-Door Car,138.95
NI46290,Oregon,Female,College,4860.91,39429,62.0,0,Corporate Auto,Four-Door Car,102.47
CJ78860,Oregon,Male,High School or Below,3649.19,0,104.0,0,Personal Auto,SUV,748.8
WR88041,Washington,Male,High School or Below,5043.8,35832,65.0,0,Personal Auto,Four-Door Car,177.21
YI70563,California,Male,Bachelor,2780.85,88704,69.0,0,Personal Auto,Two-Door Car,259.71
XB91559,Washington,Male,College,5274.43,44051,67.0,0,Personal Auto,Four-Door Car,321.6
LT80200,Oregon,Female,High School or Below,2693.61,0,74.0,0,Personal Auto,Four-Door Car,355.2
DJ71217,Washington,Male,College,21561.71,0,110.0,0,Personal Auto,SUV,792.0
PI79725,Oregon,Female,Bachelor,2569.69,79297,64.0,0,Corporate Auto,Four-Door Car,164.33
YV23210,Oregon,Male,High School or Below,7422.19,23617,189.0,0,Personal Auto,Luxury,907.2
BP49831,Washington,Female,Bachelor,2926.52,23656,80.0,3,Corporate Auto,Four-Door Car,384.0
OF20965,Nevada,Female,Bachelor,7284.36,67780,92.0,0,Personal Auto,Four-Door Car,601.46
RX25695,Arizona,Male,Bachelor,22721.24,26900,97.0,1,Personal Auto,Four-Door Car,465.6
IO14680,Oregon,Male,Bachelor,8838.09,82664,114.0,3,Corporate Auto,SUV,133.43
WI52672,California,Female,High School or Below,13576.14,94153,111.0,0,Corporate Auto,SUV,4.85
YC45944,Arizona,Male,College,3885.46,0,105.0,0,Personal Auto,Four-Door Car,504.0
FV22585,Oregon,Male,College,6960.92,74487,88.0,0,Personal Auto,Four-Door Car,16.71
HP27902,Arizona,Female,Bachelor,23536.75,33747,199.0,0,Corporate Auto,Luxury,832.7
TP52309,California,Male,High School or Below,13752.47,0,131.0,1,Personal Auto,Luxury,628.8
KU54022,Nevada,Female,High School or Below,3323.86,12762,86.0,0,Corporate Auto,Two-Door Car,412.8
FP67637,Nevada,Male,Bachelor,5380.31,93818,66.0,0,Personal Auto,Four-Door Car,248.41
SO43919,California,Male,Bachelor,14228.23,31650,121.0,0,Personal Auto,SUV,580.8
LH85364,Oregon,Female,High School or Below,26016.52,43922,83.0,0,Personal Auto,Four-Door Car,40.74
AP95078,Oregon,Male,Bachelor,7855.32,37229,67.0,0,Personal Auto,Four-Door Car,321.6
JC16991,Arizona,Female,Master,7423.9,36639,62.0,0,Personal Auto,Four-Door Car,297.6
GG24674,California,Female,High School or Below,2497.54,15520,66.0,0,Personal Auto,Two-Door Car,316.8
IA11038,Oregon,Female,College,8845.71,77077,112.0,0,Personal Auto,SUV,528.05
SA88518,Oregon,Female,College,7737.27,50296,65.0,1,Personal Auto,Two-Door Car,46.8
GO80206,Arizona,Female,Bachelor,2433.21,23737,62.0,1,Personal Auto,Four-Door Car,437.93
GB71156,California,Male,College,9156.32,59624,117.0,0,Corporate Auto,Four-Door Car,582.78
RU39880,California,Female,Bachelor,11747.65,58658,74.0,0,Personal Auto,Two-Door Car,355.2
ND77597,Oregon,Male,Bachelor,11084.61,25542,70.0,0,Personal Auto,Four-Door Car,448.37
RB70060,California,Male,High School or Below,7434.25,51408,62.0,0,Personal Auto,Four-Door Car,297.6
BH68769,Oregon,Male,Bachelor,6347.5,42259,81.0,0,Personal Auto,Two-Door Car,529.5
IO64256,Oregon,Female,High School or Below,2736.94,78889,68.0,0,Corporate Auto,Two-Door Car,51.82
XU98055,Arizona,Male,College,9546.82,15406,124.0,0,Personal Auto,SUV,892.8
HP68848,Arizona,Female,High School or Below,9165.72,53792,115.0,1,Corporate Auto,Four-Door Car,552.0
AW84946,Arizona,Male,Bachelor,4479.6,36349,117.0,3,Personal Auto,SUV,326.79
HE29300,California,Male,College,38545.71,41104,109.0,0,Corporate Auto,SUV,440.03
XK99408,California,Female,High School or Below,9177.95,29098,115.0,0,Personal Auto,SUV,683.55
RA38184,Arizona,Female,Bachelor,3444.17,0,93.0,0,Corporate Auto,Four-Door Car,7.99
TN79733,Oregon,Female,High School or Below,16468.22,0,63.0,0,Personal Auto,Four-Door Car,685.13
RU58277,California,Female,Master,15485.8,72026,191.0,0,Corporate Auto,Luxury,554.93
LI10567,Oregon,Male,High School or Below,11700.64,0,169.0,0,Personal Auto,Luxury,1312.2
JB29250,Oregon,Female,High School or Below,7573.34,87615,94.0,0,Personal Auto,Four-Door Car,451.2
VN57368,California,Male,High School or Below,7091.74,0,68.0,0,Corporate Auto,Four-Door Car,489.6
VT51874,Oregon,Male,High School or Below,14862.76,0,82.0,0,Personal Auto,Four-Door Car,393.6
BC48076,Washington,Female,Master,7783.78,48689,191.0,0,Personal Auto,Luxury,985.19
DX91931,Washington,Male,College,10242.41,0,150.0,0,Personal Auto,SUV,1080.0
BP74289,Oregon,Male,College,7281.25,0,103.0,0,Personal Auto,SUV,494.4
PS77478,Arizona,Male,College,6863.71,0,110.0,1,Personal Auto,SUV,792.0
DA10870,Arizona,Male,Bachelor,6289.8,40675,81.0,2,Personal Auto,Four-Door Car,563.73
TE60343,Oregon,Male,High School or Below,4716.26,25746,61.0,1,Corporate Auto,Four-Door Car,292.8
XJ40322,California,Female,High School or Below,5294.28,61687,67.0,0,Personal Auto,Two-Door Car,120.13
HJ57617,Oregon,Male,Bachelor,7685.4,31686,101.0,2,Corporate Auto,SUV,710.66
CD95333,California,Male,Bachelor,5638.93,20920,74.0,0,Personal Auto,Two-Door Car,14.78
CW98743,California,Female,College,2554.03,22538,64.0,0,Personal Auto,Four-Door Car,423.79
PA80607,Oregon,Male,High School or Below,8096.31,85483,67.0,0,Personal Auto,Two-Door Car,314.14
YC87263,Oregon,Female,Master,21312.38,70734,175.0,0,Corporate Auto,SUV,1200.29
EB52195,Oregon,Female,College,7981.44,40639,67.0,0,Personal Auto,Four-Door Car,301.6
VF33776,Nevada,Female,High School or Below,31269.27,90289,99.0,3,Corporate Auto,Four-Door Car,164.5
BP23267,California,Female,Bachelor,73225.96,39547,202.0,0,Personal Auto,Luxury,969.6
OH80943,California,Female,College,2659.71,0,87.0,3,Special Auto,Four-Door Car,420.04
OA46321,Oregon,Male,College,15512.25,54833,198.0,3,Corporate Auto,Luxury,1396.7
CA22248,Oregon,Female,Master,2505.42,60546,63.0,0,Personal Auto,Four-Door Car,46.28
LK40273,Oregon,Male,College,4898.67,33938,64.0,0,Personal Auto,Four-Door Car,63.71
LI13735,Oregon,Female,Bachelor,3113.34,85586,77.0,0,Personal Auto,Two-Door Car,13.44
LK35963,California,Female,Bachelor,17019.01,89601,70.0,0,Personal Auto,Two-Door Car,117.02
YK36937,Washington,Male,College,5791.01,33799,74.0,1,Personal Auto,Four-Door Car,355.2
IY91183,Arizona,Female,Master,3683.79,0,100.0,1,Personal Auto,SUV,480.0
RA91280,Arizona,Male,Doctor,3436.13,30817,88.0,0,Personal Auto,Four-Door Car,91.83
LA78882,California,Male,Bachelor,6297.0,0,189.0,1,Personal Auto,Luxury,1823.73
RO26233,California,Female,College,2464.71,31056,63.0,0,Personal Auto,Four-Door Car,302.4
ZE79055,California,Male,Bachelor,3075.59,65017,81.0,4,Personal Auto,Four-Door Car,301.84
OI92280,Oregon,Female,College,8428.47,12180,113.0,0,Corporate Auto,SUV,675.57
UK62940,Oregon,Male,College,2354.5,0,64.0,0,Personal Auto,Four-Door Car,333.83
PU41916,Oregon,Male,College,22103.51,0,102.0,0,Personal Auto,SUV,489.6
QU75179,California,Male,Bachelor,7147.62,87454,89.0,0,Personal Auto,Four-Door Car,60.92
PB16956,Oregon,Female,College,7842.38,51001,99.0,1,Personal Auto,Four-Door Car,291.89
JX60415,Arizona,Female,Master,3554.85,58557,88.0,0,Personal Auto,Four-Door Car,55.51
CG39505,Oregon,Male,Bachelor,7251.33,18665,66.0,0,Personal Auto,Four-Door Car,583.28
GD59850,Oregon,Female,College,5316.61,21299,69.0,0,Corporate Auto,Four-Door Car,331.2
ME37450,Arizona,Male,Bachelor,5210.35,89781,66.0,0,Special Auto,Four-Door Car,37.96
EE24901,Arizona,Male,Bachelor,2989.91,0,83.0,0,Personal Auto,Two-Door Car,398.4
VY40793,Oregon,Male,College,4270.03,0,122.0,0,Personal Auto,SUV,725.87
ZB54635,California,Female,Bachelor,2524.65,0,68.0,3,Personal Auto,Two-Door Car,386.98
IF58637,California,Female,High School or Below,2555.85,22881,65.0,0,Personal Auto,Four-Door Car,312.0
RE95629,California,Female,College,2320.52,0,63.0,0,Personal Auto,Two-Door Car,453.6
XO67536,California,Female,College,2563.39,10860,66.0,0,Personal Auto,Four-Door Car,316.8
QY56887,Arizona,Female,High School or Below,14208.51,0,131.0,0,Corporate Auto,SUV,943.2
TB77524,Arizona,Female,College,8048.37,0,116.0,0,Personal Auto,SUV,1339.3
WM14507,Nevada,Female,High School or Below,7671.85,62582,95.0,0,Personal Auto,Four-Door Car,456.0
XL90594,California,Female,College,7584.36,87473,95.0,0,Personal Auto,Four-Door Car,448.06
CQ78705,Oregon,Female,College,7145.3,92681,91.0,3,Personal Auto,Four-Door Car,436.8
NY55083,Oregon,Female,College,14083.97,74916,62.0,4,Personal Auto,Two-Door Car,123.49
NJ28041,Oregon,Male,High School or Below,13055.57,58684,162.0,0,Personal Auto,SUV,1166.4
CF62430,Nevada,Female,Bachelor,9129.87,70973,114.0,1,Personal Auto,SUV,547.2
SM54927,Washington,Female,Bachelor,6739.66,0,93.0,0,Personal Auto,Four-Door Car,13.07
RV58659,Washington,Female,College,4422.88,21124,112.0,0,Corporate Auto,SUV,733.32
UZ42802,Oregon,Male,Bachelor,4526.61,0,135.0,0,Personal Auto,Luxury,1516.38
KD63933,California,Male,College,7048.38,24030,194.0,0,Personal Auto,Luxury,970.69
EG54606,California,Male,Bachelor,5218.97,21371,66.0,0,Personal Auto,Four-Door Car,590.02
OP73328,Arizona,Female,High School or Below,5399.58,71186,67.0,0,Personal Auto,Two-Door Car,29.98
QG61936,California,Male,Master,4516.81,0,124.0,0,Corporate Auto,SUV,595.2
UU22643,Oregon,Female,High School or Below,3600.93,25147,101.0,0,Personal Auto,SUV,694.6
MF65419,Oregon,Male,Bachelor,3979.59,0,116.0,0,Personal Auto,Luxury,835.2
NT97069,Washington,Male,Bachelor,2533.74,53988,64.0,0,Personal Auto,Two-Door Car,206.82
OC50447,Nevada,Male,Bachelor,4966.77,38055,64.0,1,Personal Auto,Two-Door Car,39.07
FA39525,Oregon,Male,High School or Below,4901.89,72859,61.0,0,Personal Auto,Two-Door Car,49.96
XW18691,Washington,Male,Doctor,7751.93,67787,194.0,0,Personal Auto,SUV,469.26
UN98304,Oregon,Male,High School or Below,6880.63,0,66.0,0,Corporate Auto,Four-Door Car,475.2
ZW33889,California,Female,Bachelor,2477.71,44280,62.0,0,Corporate Auto,Two-Door Car,130.3
MQ80538,Oregon,Male,College,2727.74,0,78.0,0,Personal Auto,Four-Door Car,374.4
HZ28612,Washington,Female,College,5626.57,59782,70.0,0,Personal Auto,Four-Door Car,336.0
ZQ35017,California,Male,College,4650.06,28215,65.0,0,Personal Auto,Two-Door Car,468.0
AE30506,California,Female,Bachelor,2396.22,0,66.0,2,Personal Auto,Four-Door Car,433.16
LA16827,Arizona,Male,Master,5432.86,49919,134.0,0,Personal Auto,SUV,643.2
TB46243,Arizona,Male,High School or Below,8693.65,88294,108.0,0,Personal Auto,SUV,367.15
GI14815,Washington,Male,College,15759.62,55800,66.0,0,Personal Auto,Two-Door Car,473.32
LQ28707,Oregon,Male,Bachelor,22658.54,23665,67.0,0,Personal Auto,Four-Door Car,404.82
LC27380,Oregon,Female,High School or Below,5720.9,32224,72.0,0,Personal Auto,Four-Door Car,19.28
TJ32609,California,Male,High School or Below,8925.63,23860,114.0,1,Personal Auto,SUV,547.2
AU71562,Washington,Female,High School or Below,2936.73,27179,74.0,0,Personal Auto,Four-Door Car,355.2
JQ66292,Oregon,Female,Master,2592.89,35705,65.0,0,Personal Auto,Two-Door Car,312.0
BD66455,California,Male,High School or Below,4920.77,0,143.0,0,Personal Auto,SUV,1029.6
HS97484,California,Female,College,32437.05,0,99.0,0,Personal Auto,Four-Door Car,475.2
AB45325,Arizona,Male,High School or Below,2577.32,74215,64.0,0,Personal Auto,Two-Door Car,345.18
ML93514,California,Male,Bachelor,4737.84,63977,118.0,0,Personal Auto,Four-Door Car,32.83
EO56466,Oregon,Male,College,24660.49,22070,72.0,0,Special Auto,Four-Door Car,345.6
ZK52226,California,Female,High School or Below,2499.41,0,72.0,0,Corporate Auto,Two-Door Car,345.6
EK87467,Arizona,Female,College,2722.21,17576,71.0,0,Personal Auto,Four-Door Car,398.5
QT24496,California,Female,College,4083.56,13483,107.0,0,Personal Auto,SUV,556.05
NM44679,California,Male,College,9783.63,0,136.0,0,Personal Auto,SUV,979.2
SK47066,Washington,Male,College,10492.97,72297,87.0,2,Personal Auto,Four-Door Car,109.54
YB39959,Oregon,Male,Master,3238.0,60244,83.0,3,Personal Auto,Four-Door Car,326.28
OB97365,California,Female,High School or Below,4045.34,77237,102.0,0,Personal Auto,Four-Door Car,197.04
HX53470,California,Female,College,4711.85,0,129.0,0,Corporate Auto,SUV,1178.95
JA17689,Arizona,Male,Bachelor,2416.48,0,68.0,0,Personal Auto,Two-Door Car,436.41
CJ63667,Oregon,Female,Master,31803.31,25663,114.0,0,Corporate Auto,Luxury,663.13
GI70759,California,Male,Bachelor,4818.64,0,71.0,0,Personal Auto,Four-Door Car,511.2
LT24477,California,Male,High School or Below,8605.5,47589,109.0,1,Personal Auto,SUV,110.53
LQ45358,Nevada,Male,Bachelor,4035.77,0,112.0,0,Personal Auto,Four-Door Car,537.6
WY58284,California,Male,Bachelor,8622.84,97361,73.0,0,Personal Auto,Four-Door Car,350.4
YD53564,California,Female,College,5553.8,26441,71.0,0,Personal Auto,Two-Door Car,152.22
NI66988,Oregon,Female,High School or Below,24868.24,0,128.0,0,Personal Auto,SUV,715.95
LW25030,Arizona,Female,Bachelor,5046.89,29957,65.0,0,Corporate Auto,Four-Door Car,312.0
KX47545,Oregon,Male,High School or Below,8031.71,40082,69.0,0,Personal Auto,Four-Door Car,331.2
XB27698,Oregon,Male,Bachelor,8622.84,97361,73.0,0,Personal Auto,Four-Door Car,350.4
BX45636,California,Female,High School or Below,9161.66,91763,113.0,0,Special Auto,SUV,441.99
IS85460,California,Female,High School or Below,5956.55,48993,74.0,0,Personal Auto,Two-Door Car,810.46
EG36536,Arizona,Male,Bachelor,8496.06,24031,109.0,0,Personal Auto,Luxury,523.2
UZ95992,California,Female,Bachelor,4376.36,63774,111.0,0,Personal Auto,Four-Door Car,60.04
QL20148,Oregon,Male,College,22332.44,49078,97.0,0,Personal Auto,Four-Door Car,484.01
SV51174,Oregon,Male,Master,20631.15,28935,87.0,0,Personal Auto,Two-Door Car,119.63
WP10197,Nevada,Male,High School or Below,3933.81,25927,103.0,0,Personal Auto,SUV,674.97
VV81837,Oregon,Male,High School or Below,4928.65,52507,123.0,0,Personal Auto,SUV,590.4
GT41712,California,Female,Bachelor,5414.32,0,74.0,0,Personal Auto,Four-Door Car,78.58
VL59942,Arizona,Female,Bachelor,10571.54,94137,65.0,0,Personal Auto,Four-Door Car,43.58
LH53046,Nevada,Female,High School or Below,5439.36,69186,69.0,0,Personal Auto,Four-Door Car,192.59
OG36837,Arizona,Female,Doctor,7648.26,91071,94.0,2,Personal Auto,Four-Door Car,402.74
VO30155,Nevada,Male,High School or Below,5421.54,85447,71.0,2,Corporate Auto,Four-Door Car,510.0
WW19050,Oregon,Male,High School or Below,5714.25,0,79.0,0,Personal Auto,Two-Door Car,50.45
UY85263,Nevada,Female,Bachelor,11255.46,88858,93.0,0,Personal Auto,Four-Door Car,310.37
CS30372,Oregon,Male,Bachelor,5420.34,21881,69.0,0,Corporate Auto,Four-Door Car,133.1
TQ85537,Washington,Male,College,2980.46,72669,74.0,0,Personal Auto,Four-Door Car,332.77
PE72696,California,Male,College,10892.91,68025,91.0,0,Personal Auto,Four-Door Car,436.8
UV89077,Oregon,Female,College,11638.9,25370,102.0,0,Personal Auto,Luxury,489.6
EI29901,Arizona,Male,Bachelor,7295.43,26849,62.0,0,Personal Auto,Four-Door Car,38.31
FD16853,Arizona,Female,High School or Below,5373.72,0,72.0,0,Personal Auto,Four-Door Car,427.27
FH81409,California,Male,High School or Below,8152.24,0,79.0,0,Personal Auto,Four-Door Car,568.8
ZF64287,California,Male,High School or Below,13081.31,89948,110.0,1,Special Auto,Luxury,125.02
NT82538,Oregon,Female,Bachelor,4496.98,0,63.0,0,Personal Auto,Two-Door Car,419.61
HA56608,California,Male,College,13727.8,0,126.0,0,Special Auto,SUV,604.8
JZ61712,Nevada,Male,Bachelor,3359.24,97576,83.0,1,Personal Auto,Two-Door Car,544.71
SH55598,Arizona,Female,High School or Below,3703.44,23120,93.0,0,Personal Auto,Four-Door Car,446.4
TM43177,Oregon,Female,High School or Below,3105.35,97234,78.0,0,Personal Auto,Four-Door Car,317.98
WR90490,Nevada,Male,High School or Below,4893.98,25572,65.0,0,Personal Auto,Four-Door Car,312.0
WV57524,Oregon,Female,College,10208.93,35482,129.0,0,Personal Auto,SUV,619.2
LK73001,California,Male,College,8954.43,34614,114.0,0,Personal Auto,Four-Door Car,547.2
JQ29969,Oregon,Female,Bachelor,4236.47,59038,105.0,0,Personal Auto,Two-Door Car,588.27
GS50147,Oregon,Male,High School or Below,5234.78,0,73.0,0,Personal Auto,Two-Door Car,794.87
NB10500,California,Female,Bachelor,3939.01,60021,99.0,0,Personal Auto,Four-Door Car,882.87
NM77735,Oregon,Female,Bachelor,8396.61,47593,72.0,0,Personal Auto,Four-Door Car,344.14
CG36206,California,Male,Bachelor,2141.98,0,67.0,1,Personal Auto,Four-Door Car,321.6
UZ80048,Oregon,Male,College,6185.97,28001,83.0,0,Personal Auto,Two-Door Car,438.78
UM15297,California,Female,Bachelor,9640.53,30431,122.0,0,Corporate Auto,SUV,133.47
DW11738,California,Male,Master,4241.64,19834,64.0,4,Personal Auto,Four-Door Car,460.8
YK92080,California,Female,College,3436.45,30509,88.0,0,Personal Auto,Four-Door Car,442.96
TO39943,Washington,Female,High School or Below,4897.98,30503,63.0,3,Corporate Auto,Two-Door Car,257.92
JV29414,Oregon,Male,Doctor,17788.06,73339,89.0,0,Personal Auto,Four-Door Car,17.56
JQ22359,Oregon,Female,College,3268.32,0,93.0,0,Personal Auto,Two-Door Car,549.1
VW84170,Washington,Female,High School or Below,2819.11,88067,70.0,0,Personal Auto,Four-Door Car,336.0
DA84476,Oregon,Male,College,7019.18,26806,63.0,0,Corporate Auto,Four-Door Car,302.4
TV34024,Oregon,Male,High School or Below,4108.26,0,114.0,0,Personal Auto,SUV,820.8
UO32521,California,Female,High School or Below,2195.91,0,63.0,0,Corporate Auto,Two-Door Car,617.2
GR90142,Oregon,Female,College,3808.12,94903,94.0,0,Personal Auto,Two-Door Car,451.2
ZS73935,Washington,Female,High School or Below,23435.73,42862,65.0,0,Personal Auto,Four-Door Car,254.22
XH71839,Oregon,Male,High School or Below,6739.32,0,96.0,0,Personal Auto,Four-Door Car,1012.03
CM48429,California,Male,High School or Below,23554.39,31157,100.0,0,Personal Auto,SUV,444.53
FS56709,California,Male,Doctor,2874.07,44084,72.0,0,Personal Auto,Four-Door Car,243.6
IJ52285,Arizona,Female,Master,6135.08,43579,77.0,0,Personal Auto,Two-Door Car,452.1
UF36172,Oregon,Female,High School or Below,6900.95,0,92.0,0,Personal Auto,Two-Door Car,428.06
LQ71247,Arizona,Female,High School or Below,4524.64,0,65.0,2,Personal Auto,Four-Door Car,490.11
KB25170,Washington,Female,Doctor,2560.08,88059,63.0,0,Personal Auto,Four-Door Car,144.55
EY19523,Washington,Male,Bachelor,2333.61,25772,64.0,0,Personal Auto,Four-Door Car,307.2
CY30418,Washington,Male,College,5783.18,72354,73.0,0,Personal Auto,Four-Door Car,13.95
XP92021,Oregon,Female,High School or Below,13295.6,68009,110.0,0,Personal Auto,SUV,528.0
MQ64736,Washington,Female,Bachelor,3700.42,12287,99.0,0,Personal Auto,Four-Door Car,712.8
MT67399,Nevada,Female,Bachelor,6488.9,95025,81.0,0,Personal Auto,Four-Door Car,271.97
HG81172,Arizona,Female,College,7693.12,54665,97.0,1,Personal Auto,Four-Door Car,99.81
DB34757,Arizona,Male,College,2630.21,80129,66.0,0,Personal Auto,Four-Door Car,165.24
AM79057,Oregon,Female,Bachelor,2287.92,69024,61.0,5,Personal Auto,Four-Door Car,238.53
HJ21793,Oregon,Female,Bachelor,4648.54,0,121.0,0,Personal Auto,SUV,1080.56
QH61060,Arizona,Female,High School or Below,9209.41,31365,115.0,0,Special Auto,SUV,828.0
UR40795,Oregon,Male,High School or Below,9269.68,27849,119.0,0,Personal Auto,Luxury,571.2
KR88393,California,Female,High School or Below,15002.6,19245,84.0,1,Personal Auto,Four-Door Car,604.8
YK65946,Oregon,Female,Bachelor,8427.17,46503,215.0,1,Personal Auto,Luxury,1032.0
FD21881,Oregon,Male,College,3011.77,77912,76.0,0,Personal Auto,Two-Door Car,444.03
CG60089,Washington,Male,Bachelor,12898.59,37449,111.0,1,Personal Auto,Four-Door Car,170.56
AS48176,Oregon,Male,Bachelor,12168.74,14973,115.0,0,Personal Auto,SUV,828.0
MY55142,Washington,Male,College,5551.59,46043,70.0,0,Personal Auto,Four-Door Car,336.0
SN94425,Oregon,Female,High School or Below,4541.26,0,65.0,2,Special Auto,Four-Door Car,312.0
DY69629,Oregon,Female,College,3096.51,21604,79.0,0,Corporate Auto,Four-Door Car,379.2
UI73553,Nevada,Female,Bachelor,2359.42,19864,63.0,0,Personal Auto,Four-Door Car,352.39
CW63533,California,Male,Bachelor,2468.44,65876,63.0,1,Personal Auto,Two-Door Car,44.36
EY71418,Oregon,Female,Bachelor,25640.24,24695,168.0,0,Corporate Auto,SUV,806.4
SK47162,Oregon,Male,Bachelor,3567.5,0,102.0,0,Personal Auto,SUV,660.43
VK43303,Oregon,Male,Bachelor,6019.93,68658,77.0,0,Personal Auto,Two-Door Car,296.26
SB60942,Arizona,Male,College,7258.63,88082,61.0,1,Personal Auto,Two-Door Car,218.78
SX29898,California,Female,Bachelor,9111.76,54751,114.0,0,Personal Auto,SUV,721.24
ER29107,Oregon,Male,High School or Below,6369.26,34498,83.0,0,Personal Auto,Two-Door Car,398.4
QV13947,Oregon,Male,College,4425.75,63597,114.0,2,Personal Auto,SUV,183.98
UO54511,California,Female,High School or Below,4950.25,27400,63.0,1,Personal Auto,Four-Door Car,302.4
AD18174,California,Female,High School or Below,4837.93,0,65.0,0,Personal Auto,Four-Door Car,468.0
HB48518,Nevada,Male,College,3891.54,31409,100.0,0,Corporate Auto,SUV,116.16
LC12930,California,Male,Master,4872.02,0,64.0,0,Personal Auto,Four-Door Car,307.2
ZQ22116,Arizona,Female,High School or Below,5310.91,73102,66.0,0,Corporate Auto,Four-Door Car,117.93
XB35510,California,Male,Bachelor,8704.28,38072,113.0,1,Personal Auto,SUV,151.06
CV78865,Arizona,Male,High School or Below,2698.01,95399,68.0,1,Personal Auto,Two-Door Car,78.0
WF75492,Oregon,Male,High School or Below,8360.15,48521,105.0,0,Personal Auto,Luxury,263.83
WH41844,Oregon,Female,Bachelor,5316.64,45856,67.0,0,Personal Auto,Two-Door Car,91.74
TU47984,Arizona,Female,College,3733.03,21542,97.0,0,Personal Auto,Four-Door Car,465.6
IO73222,Washington,Female,Bachelor,5407.75,22555,70.0,0,Personal Auto,Two-Door Car,336.0
NJ21108,Oregon,Female,Bachelor,5297.67,33832,67.0,1,Corporate Auto,Four-Door Car,321.6
OH91173,California,Male,College,3873.65,28142,105.0,0,Personal Auto,Luxury,701.71
FT24768,California,Male,Bachelor,6508.76,60188,84.0,3,Personal Auto,Four-Door Car,333.42
OM92482,Arizona,Male,Bachelor,4834.4,11698,65.0,0,Personal Auto,Four-Door Car,468.0
IZ47097,Arizona,Female,Master,2927.22,76850,72.0,0,Personal Auto,Four-Door Car,345.6
KQ49890,Oregon,Male,High School or Below,5924.67,78387,74.0,0,Corporate Auto,Four-Door Car,204.09
XB15703,California,Male,Bachelor,15262.96,80757,128.0,0,Personal Auto,SUV,339.74
GR31499,Oregon,Female,Master,2541.63,23692,65.0,2,Personal Auto,Two-Door Car,312.0
No59551,California,Female,College,4904.89,12902,139.0,0,Personal Auto,Luxury,667.2
KV17233,Arizona,Female,Bachelor,2434.0,23033,62.0,0,Personal Auto,Two-Door Car,500.91
OD75777,Oregon,Female,College,5586.97,19280,72.0,0,Personal Auto,Four-Door Car,345.6
LD68165,Arizona,Female,High School or Below,26197.41,18495,113.0,0,Corporate Auto,SUV,542.4
YO14199,Oregon,Male,High School or Below,2609.88,30825,68.0,0,Personal Auto,Four-Door Car,326.4
RR49534,Oregon,Female,Bachelor,3265.16,25820,82.0,0,Personal Auto,Four-Door Car,393.6
WL69218,Oregon,Female,Bachelor,17435.68,54105,73.0,2,Personal Auto,Two-Door Car,350.4
JF38079,California,Male,High School or Below,9080.6,69853,114.0,2,Personal Auto,SUV,244.28
GY64553,California,Male,Bachelor,4637.03,97017,115.0,1,Personal Auto,Two-Door Car,534.08
CT11176,California,Female,Bachelor,2615.3,24914,66.0,0,Personal Auto,Four-Door Car,138.73
WU95334,California,Male,College,7019.18,26806,63.0,0,Personal Auto,Four-Door Car,302.4
BK43823,Oregon,Female,High School or Below,12052.98,25419,101.0,0,Personal Auto,Four-Door Car,584.57
LK90215,Oregon,Male,College,2647.52,37876,69.0,0,Personal Auto,Four-Door Car,300.06
XH72888,Arizona,Male,High School or Below,15956.03,36354,202.0,0,Corporate Auto,Luxury,1454.4
MY89889,Nevada,Female,Bachelor,5039.39,0,74.0,0,Personal Auto,Four-Door Car,355.2
CY33307,California,Female,College,5583.83,32403,71.0,0,Corporate Auto,Four-Door Car,97.41
BC51708,California,Male,High School or Below,5074.84,51659,64.0,0,Personal Auto,Four-Door Car,307.2
JX78176,California,Female,Bachelor,12045.67,55805,99.0,0,Personal Auto,Four-Door Car,425.53
GP20237,Nevada,Female,Bachelor,2727.08,29286,69.0,1,Personal Auto,Four-Door Car,496.8
OY68395,Oregon,Female,High School or Below,55277.45,40740,198.0,0,Personal Auto,Luxury,950.4
GN18675,California,Male,Bachelor,5080.24,70784,64.0,0,Special Auto,Four-Door Car,107.93
EQ75249,Arizona,Female,College,5838.13,55419,72.0,0,Personal Auto,Four-Door Car,171.17
JV40853,California,Female,High School or Below,27666.3,61886,87.0,0,Personal Auto,Two-Door Car,417.6
OZ47099,Arizona,Male,Master,2676.95,0,71.0,0,Corporate Auto,Four-Door Car,340.8
RB16360,Oregon,Male,High School or Below,5330.59,84240,132.0,0,Personal Auto,SUV,633.6
JK26373,California,Male,High School or Below,6305.93,0,65.0,2,Personal Auto,Two-Door Car,468.0
GM88979,Oregon,Female,College,4746.76,54050,119.0,0,Personal Auto,Two-Door Car,571.2
XM57550,Washington,Female,College,3423.97,29958,90.0,0,Personal Auto,Four-Door Car,432.0
SD94067,California,Female,Master,6610.05,23616,83.0,0,Special Auto,Two-Door Car,229.62
OY96856,Oregon,Male,Bachelor,8044.87,71391,67.0,0,Personal Auto,Four-Door Car,284.0
FL76894,Washington,Male,High School or Below,4314.17,33488,110.0,0,Personal Auto,SUV,316.88
XH72278,Arizona,Male,High School or Below,6715.29,0,92.0,0,Personal Auto,Two-Door Car,441.6
YV49293,Arizona,Female,College,17646.73,36900,61.0,3,Corporate Auto,Two-Door Car,109.29
QV83172,Nevada,Male,High School or Below,41855.17,28311,134.0,0,Personal Auto,SUV,643.2
LU18867,Oregon,Male,High School or Below,6620.44,25075,86.0,0,Personal Auto,Four-Door Car,412.8
CZ25193,Arizona,Male,Bachelor,4078.29,57031,104.0,1,Personal Auto,Four-Door Car,13.81
VE87035,Oregon,Male,Bachelor,8382.48,25998,71.0,0,Personal Auto,Four-Door Car,791.88
VY27019,Oregon,Female,College,4807.0,0,69.0,0,Personal Auto,Four-Door Car,496.8
GP22382,Oregon,Female,College,4858.12,21685,127.0,0,Corporate Auto,Luxury,609.6
FG15154,California,Male,Bachelor,7240.66,32818,93.0,0,Personal Auto,Four-Door Car,446.4
NK34682,Oregon,Male,Bachelor,2736.53,39492,68.0,0,Corporate Auto,Four-Door Car,326.4
YQ98465,California,Female,High School or Below,26197.41,18495,113.0,0,Personal Auto,SUV,542.4
TY86306,California,Female,College,2336.29,21564,61.0,0,Corporate Auto,Two-Door Car,49.01
CN19138,Arizona,Female,Bachelor,2254.93,0,65.0,0,Corporate Auto,Four-Door Car,312.0
LO14518,California,Male,Bachelor,6376.75,27835,81.0,0,Personal Auto,Two-Door Car,529.46
No73257,Nevada,Female,Bachelor,2941.83,64431,74.0,0,Personal Auto,Four-Door Car,48.18
RE80124,Arizona,Female,College,6199.96,0,84.0,0,Personal Auto,Two-Door Car,604.8
WU50951,Washington,Female,Bachelor,6846.15,0,95.0,0,Personal Auto,Two-Door Car,456.0
EV66951,Nevada,Male,Master,14032.59,0,191.0,1,Corporate Auto,Luxury,916.8
TO37423,Oregon,Male,College,17569.16,41463,74.0,0,Special Auto,Four-Door Car,355.2
XF92956,Oregon,Male,High School or Below,2448.86,0,68.0,0,Personal Auto,Four-Door Car,489.6
ZP64637,Arizona,Male,High School or Below,3857.77,0,110.0,0,Corporate Auto,Luxury,792.0
JG74360,Arizona,Male,College,4558.97,37709,116.0,0,Corporate Auto,SUV,556.8
NZ81536,Washington,Female,Doctor,16710.84,73049,139.0,0,Personal Auto,SUV,284.44
KT26739,Nevada,Female,Master,3554.85,58557,88.0,0,Personal Auto,Four-Door Car,55.51
YU15037,Arizona,Female,High School or Below,4671.42,0,66.0,0,Personal Auto,Four-Door Car,475.2
YX91403,Arizona,Female,High School or Below,2909.55,88944,72.0,0,Personal Auto,Four-Door Car,113.81
KS46420,Washington,Female,Master,13411.31,26140,112.0,0,Personal Auto,SUV,229.71
TW11712,Arizona,Male,Master,4574.92,32906,115.0,0,Personal Auto,SUV,552.0
XY36764,California,Female,College,2771.05,50071,71.0,0,Personal Auto,Two-Door Car,18.92
LQ16286,Oregon,Male,College,8038.95,71982,103.0,0,Corporate Auto,Four-Door Car,494.4
XE86547,Oregon,Male,College,5143.65,58443,65.0,0,Personal Auto,Four-Door Car,312.0
QS83113,Oregon,Male,Bachelor,5032.39,30735,63.0,0,Personal Auto,Two-Door Car,307.08
PH97342,Arizona,Female,High School or Below,26197.41,18495,113.0,0,Personal Auto,SUV,542.4
VQ47100,Washington,Female,High School or Below,4894.99,67436,61.0,0,Personal Auto,Four-Door Car,292.8
BE17305,Nevada,Male,Master,3193.46,52653,81.0,0,Personal Auto,Two-Door Car,230.3
KZ11847,California,Female,Master,5096.67,22886,65.0,0,Personal Auto,Four-Door Car,312.0
EX73249,Arizona,Female,College,7706.96,0,73.0,0,Personal Auto,Four-Door Car,350.4
JS19054,Oregon,Female,Bachelor,3339.3,38821,87.0,0,Personal Auto,Two-Door Car,488.84
YH94097,Washington,Male,College,9575.36,0,134.0,0,Personal Auto,SUV,643.2
UQ19505,Oregon,Female,College,3557.2,39075,89.0,0,Personal Auto,Two-Door Car,142.42
YI95574,Arizona,Male,High School or Below,3587.36,16049,93.0,0,Personal Auto,Four-Door Car,446.4
JQ84105,Oregon,Female,High School or Below,2360.6,0,65.0,0,Corporate Auto,Four-Door Car,468.0
NU61528,Washington,Male,Doctor,3023.89,28383,81.0,0,Personal Auto,Four-Door Car,258.11
FQ20031,Oregon,Male,High School or Below,10926.69,29418,274.0,0,Personal Auto,Luxury,1972.8
XX32359,California,Male,High School or Below,5325.72,0,73.0,0,Personal Auto,Two-Door Car,496.47
BP69529,Arizona,Male,Bachelor,9915.9,30604,131.0,2,Corporate Auto,SUV,984.17
LI60972,Arizona,Female,College,5017.61,91804,62.0,0,Special Auto,Four-Door Car,388.8
HQ60388,Oregon,Female,High School or Below,8625.84,50446,74.0,4,Personal Auto,Four-Door Car,355.2
KE66309,California,Male,College,8432.52,87728,70.0,0,Personal Auto,Four-Door Car,201.59
YT56442,California,Male,College,2642.93,58729,68.0,2,Corporate Auto,Four-Door Car,94.85
VH51235,Arizona,Female,Bachelor,3097.92,0,89.0,0,Personal Auto,Four-Door Car,427.2
SF18484,Oregon,Female,Master,19837.31,0,67.0,1,Personal Auto,Four-Door Car,321.6
HW99293,Arizona,Male,Bachelor,2869.74,21234,73.0,0,Personal Auto,Four-Door Car,378.33
QR57598,Oregon,Male,Bachelor,4927.07,0,73.0,0,Personal Auto,Four-Door Car,751.93
FY27460,California,Male,College,4285.58,47823,108.0,0,Personal Auto,Luxury,518.4
YQ75801,Arizona,Female,High School or Below,8874.55,84731,110.0,1,Personal Auto,SUV,226.74
LP48634,California,Female,High School or Below,2578.84,59974,65.0,0,Corporate Auto,Four-Door Car,127.23
EI32190,Arizona,Male,Doctor,6921.0,67534,87.0,2,Personal Auto,Four-Door Car,104.91
WS68402,Oregon,Male,Bachelor,2349.96,0,70.0,0,Special Auto,Four-Door Car,716.67
ND43316,Oregon,Male,High School or Below,4027.7,27782,103.0,0,Personal Auto,SUV,517.1
HW94513,Nevada,Male,High School or Below,8481.31,67197,74.0,3,Personal Auto,Two-Door Car,275.61
ZS72533,Oregon,Male,High School or Below,5191.45,86451,65.0,0,Personal Auto,Two-Door Car,7.79
RZ97154,Arizona,Male,Bachelor,3572.49,56768,92.0,0,Personal Auto,Two-Door Car,441.6
LK73198,Washington,Female,High School or Below,4869.24,55593,61.0,0,Personal Auto,Four-Door Car,9.05
RS29507,Arizona,Female,Bachelor,10395.71,0,95.0,0,Personal Auto,Four-Door Car,337.8
XJ39660,Oregon,Female,Bachelor,5297.92,66203,66.0,0,Personal Auto,Four-Door Car,130.7
PK47936,Washington,Female,High School or Below,8750.71,25806,110.0,0,Personal Auto,Four-Door Car,528.0
EU95973,California,Female,Bachelor,14941.9,22978,190.0,0,Personal Auto,Luxury,912.0
OU40102,Oregon,Female,High School or Below,6503.4,22081,84.0,0,Special Auto,Two-Door Car,451.67
RC67125,Arizona,Female,College,10110.96,96506,124.0,0,Corporate Auto,SUV,504.51
NK53902,Oregon,Male,High School or Below,6459.64,23235,82.0,0,Personal Auto,Four-Door Car,483.48
RH70599,Arizona,Male,Bachelor,2769.25,40506,70.0,0,Personal Auto,Four-Door Car,113.72
RR64429,California,Male,High School or Below,6778.84,0,96.0,0,Personal Auto,Four-Door Car,460.8
IW99237,Oregon,Male,Bachelor,4492.52,0,65.0,0,Personal Auto,Two-Door Car,312.0
PZ94965,California,Female,High School or Below,5733.21,79955,71.0,0,Personal Auto,Four-Door Car,142.93
PV77228,Arizona,Male,College,3230.58,62873,81.0,0,Corporate Auto,Four-Door Car,207.75
EX63393,California,Female,Master,6314.49,66947,78.0,0,Personal Auto,Four-Door Car,374.4
QV26574,Washington,Male,College,6013.74,25646,83.0,1,Personal Auto,Four-Door Car,377.92
ZL29593,Arizona,Female,College,2180.08,0,64.0,0,Personal Auto,Four-Door Car,460.8
TU67471,Washington,Female,High School or Below,20096.89,92766,71.0,0,Personal Auto,Two-Door Car,379.03
FD45309,Oregon,Male,High School or Below,5568.95,0,79.0,1,Personal Auto,Two-Door Car,407.44
AH58807,Arizona,Female,College,51426.25,84650,185.0,3,Personal Auto,Luxury,660.47
CX58204,Nevada,Female,High School or Below,8079.83,13050,102.0,0,Personal Auto,SUV,734.4
TE35954,Arizona,Male,College,2674.73,56342,69.0,0,Personal Auto,Four-Door Car,331.2
XO70106,Oregon,Male,Bachelor,12421.86,58781,106.0,0,Personal Auto,SUV,502.46
OW20992,California,Male,High School or Below,2311.12,0,68.0,0,Personal Auto,Four-Door Car,489.6
JV44724,Arizona,Male,Bachelor,10255.8,0,102.0,0,Personal Auto,Luxury,734.4
PI96349,California,Male,College,22103.51,0,102.0,0,Personal Auto,SUV,489.6
NA82031,Washington,Female,College,2962.98,71809,74.0,0,Corporate Auto,Four-Door Car,78.25
YH86106,Arizona,Male,Bachelor,5764.86,40238,73.0,1,Personal Auto,Four-Door Car,350.4
DI82448,California,Male,Bachelor,4700.42,0,70.0,0,Personal Auto,Four-Door Car,504.0
HL97125,Nevada,Female,High School or Below,4669.23,76157,116.0,0,Personal Auto,Two-Door Car,556.8
NB18234,Nevada,Female,College,5384.02,30514,72.0,2,Personal Auto,Four-Door Car,154.05
KH53118,California,Female,Bachelor,7505.77,44485,62.0,0,Special Auto,Four-Door Car,79.89
UX94928,Arizona,Male,High School or Below,10551.15,50941,69.0,0,Personal Auto,Four-Door Car,331.2
HO94329,Arizona,Male,College,25900.2,53105,110.0,0,Corporate Auto,SUV,365.36
LW64678,California,Female,Master,51016.07,25167,140.0,0,Personal Auto,SUV,422.49
CE11308,Washington,Male,College,3575.04,30244,92.0,0,Personal Auto,Four-Door Car,383.11
DC46685,California,Female,College,11638.9,25370,102.0,0,Corporate Auto,Luxury,489.6
LM69036,Oregon,Male,Master,14050.17,0,73.0,1,Corporate Auto,Four-Door Car,350.4
MM83308,Arizona,Male,High School or Below,2379.83,69202,61.0,0,Personal Auto,Two-Door Car,292.8
GL33494,Oregon,Female,Master,5460.37,31530,69.0,1,Personal Auto,Two-Door Car,331.2
BH61054,California,Female,College,6269.59,61040,78.0,0,Personal Auto,Two-Door Car,391.94
OJ77448,Arizona,Female,Bachelor,8709.85,85185,107.0,0,Corporate Auto,SUV,166.5
IN10489,Nevada,Female,Master,5024.78,78772,62.0,0,Personal Auto,Four-Door Car,86.27
FY32647,California,Male,College,12515.18,0,63.0,0,Special Auto,Two-Door Car,577.58
YP17198,Oregon,Male,Master,22325.83,99241,70.0,0,Corporate Auto,Four-Door Car,48.3
RB79317,Arizona,Female,Bachelor,3059.06,0,83.0,0,Personal Auto,Two-Door Car,197.5
IE49043,Nevada,Female,College,6698.97,21114,180.0,0,Personal Auto,Luxury,864.0
ZL82075,Nevada,Male,Master,5479.56,56005,68.0,1,Corporate Auto,Four-Door Car,326.4
DV24592,Oregon,Female,College,2472.47,63860,62.0,0,Personal Auto,Four-Door Car,208.6
XF89906,Arizona,Male,High School or Below,58207.13,29295,219.0,0,Personal Auto,Luxury,1328.84
AD71478,Arizona,Male,High School or Below,3430.32,54339,86.0,0,Personal Auto,Four-Door Car,10.48
SE15781,California,Female,Bachelor,2396.22,0,66.0,2,Corporate Auto,Four-Door Car,433.16
YG71375,Nevada,Female,College,5964.35,98078,73.0,0,Personal Auto,Four-Door Car,418.69
KH95802,Arizona,Male,College,2605.6,20592,71.0,1,Personal Auto,Two-Door Car,195.15
FW16824,Oregon,Male,High School or Below,4758.19,72805,62.0,4,Corporate Auto,Four-Door Car,365.47
FK17363,Washington,Female,High School or Below,5154.05,55645,129.0,0,Personal Auto,SUV,619.2
DK66277,California,Male,High School or Below,2805.18,98859,70.0,0,Personal Auto,Four-Door Car,504.0
FX67699,Oregon,Female,High School or Below,4250.28,0,61.0,1,Corporate Auto,Four-Door Car,292.8
LC92080,Oregon,Male,College,7247.74,23541,62.0,0,Personal Auto,Two-Door Car,98.92
CQ57225,California,Male,Bachelor,5008.79,0,73.0,0,Corporate Auto,Two-Door Car,350.4
AM53473,Arizona,Female,Bachelor,5821.79,60087,74.0,0,Special Auto,Four-Door Car,355.2
TE50227,Arizona,Male,College,18898.33,0,132.0,0,Personal Auto,SUV,1405.29
IS45756,Arizona,Female,College,4756.91,48938,121.0,0,Personal Auto,SUV,580.8
QA71190,California,Female,Bachelor,8083.92,31506,102.0,0,Personal Auto,Four-Door Car,601.07
LD53393,California,Male,Bachelor,7417.41,67454,185.0,0,Personal Auto,Luxury,1332.0
JO35068,Nevada,Male,Bachelor,2538.63,18608,71.0,0,Personal Auto,Four-Door Car,340.8
EC71857,Washington,Female,Doctor,2432.96,28519,61.0,0,Personal Auto,Four-Door Car,111.87
LB19360,Nevada,Female,Master,4170.69,29462,107.0,1,Personal Auto,SUV,513.6
RM70340,Oregon,Male,High School or Below,2489.66,0,74.0,0,Corporate Auto,Four-Door Car,532.8
YL34043,Nevada,Female,Bachelor,3758.95,58300,94.0,0,Personal Auto,Four-Door Car,24.05
BQ88033,Oregon,Male,College,42389.01,82554,132.0,0,Personal Auto,Luxury,154.75
SG46572,California,Female,High School or Below,29830.39,0,102.0,0,Personal Auto,Luxury,489.6
LT94367,California,Male,College,26134.91,0,111.0,0,Personal Auto,Luxury,673.26
FV83989,Arizona,Male,Bachelor,2453.57,29735,69.0,0,Personal Auto,Four-Door Car,331.2
WO80705,Arizona,Female,Bachelor,2855.93,50738,71.0,0,Personal Auto,Four-Door Car,344.47
CT51200,Oregon,Female,High School or Below,5771.61,65709,72.0,0,Corporate Auto,Four-Door Car,12.95
IX65163,California,Male,College,8098.51,0,123.0,0,Personal Auto,SUV,885.6
AP32891,Arizona,Male,High School or Below,3432.96,0,95.0,0,Personal Auto,Four-Door Car,456.0
AY29281,Arizona,Female,Bachelor,9408.34,0,85.0,0,Corporate Auto,Four-Door Car,408.0
UK18731,California,Female,Bachelor,5595.97,19651,72.0,0,Personal Auto,Two-Door Car,345.6
JT32550,Washington,Male,High School or Below,7260.83,0,72.0,0,Personal Auto,Four-Door Car,744.03
MT91823,Arizona,Female,College,13438.04,69693,112.0,1,Special Auto,Luxury,537.6
FI11096,Arizona,Female,High School or Below,7324.29,0,104.0,0,Special Auto,SUV,1114.09
QF13998,California,Female,College,2357.8,0,65.0,1,Personal Auto,Four-Door Car,294.5
BC35753,Arizona,Female,College,2671.3,45525,66.0,0,Personal Auto,Two-Door Car,316.8
LX74249,Oregon,Female,Bachelor,2938.81,96765,72.0,0,Personal Auto,Two-Door Car,216.01
VX43756,Oregon,Male,College,4911.0,32903,64.0,3,Personal Auto,Four-Door Car,98.33
JZ61928,California,Male,College,5498.94,22520,73.0,0,Corporate Auto,Four-Door Car,350.4
DT59560,California,Female,High School or Below,4757.24,67486,118.0,0,Personal Auto,Two-Door Car,529.49
CI99444,Nevada,Female,College,2926.89,92381,72.0,0,Special Auto,Four-Door Car,234.77
JF25129,California,Male,Master,8509.85,26057,74.0,0,Personal Auto,Four-Door Car,523.89
YB57848,Oregon,Female,Doctor,9928.99,75716,247.0,0,Personal Auto,Luxury,562.09
DJ27518,California,Female,High School or Below,10089.79,63657,128.0,0,Corporate Auto,Luxury,614.4
DO95670,Arizona,Male,Doctor,5073.28,57709,125.0,0,Personal Auto,SUV,600.0
WV53830,Oregon,Female,Master,16301.97,19614,85.0,0,Personal Auto,Two-Door Car,574.02
LY30169,California,Male,High School or Below,3360.27,75216,84.0,1,Corporate Auto,Four-Door Car,65.8
AH41449,Nevada,Male,College,7907.13,24666,101.0,0,Personal Auto,Luxury,151.84
GV21882,Nevada,Female,High School or Below,28328.47,20799,111.0,0,Personal Auto,Luxury,389.0
FH14955,California,Male,College,4467.71,0,64.0,0,Corporate Auto,Four-Door Car,307.2
JA60749,Oregon,Female,High School or Below,9035.67,34337,113.0,0,Personal Auto,Four-Door Car,542.4
PB81005,Oregon,Male,Bachelor,5364.47,53562,135.0,0,Personal Auto,SUV,589.63
OY88200,Nevada,Female,College,2706.61,22664,73.0,0,Personal Auto,Two-Door Car,350.4
ZT72561,Arizona,Male,High School or Below,6167.85,27289,158.0,2,Personal Auto,Luxury,758.4
ZF95586,Arizona,Female,Master,2476.05,54831,61.0,0,Personal Auto,Four-Door Car,136.22
LV44800,California,Female,High School or Below,3056.99,78310,76.0,0,Personal Auto,Four-Door Car,364.8
FC46260,California,Female,Bachelor,5217.51,39854,66.0,0,Corporate Auto,Two-Door Car,261.93
HY68437,Oregon,Male,High School or Below,6744.19,0,90.0,0,Personal Auto,Four-Door Car,547.91
XL50897,Arizona,Female,Master,15739.92,48096,131.0,0,Personal Auto,Luxury,450.09
AR83514,Arizona,Female,High School or Below,7153.67,59522,89.0,0,Corporate Auto,Four-Door Car,427.2
NA43540,Washington,Male,High School or Below,8263.48,0,79.0,1,Corporate Auto,Two-Door Car,46.46
JP22499,California,Male,Bachelor,3142.74,43285,83.0,0,Corporate Auto,Two-Door Car,265.74
KW84736,California,Male,College,2691.6,33104,70.0,1,Personal Auto,Two-Door Car,336.0
EU21305,Arizona,Male,College,2500.84,56172,64.0,0,Personal Auto,Four-Door Car,307.2
YT96284,Oregon,Male,Master,3728.87,83632,94.0,4,Personal Auto,Four-Door Car,216.84
RH96816,Arizona,Female,Bachelor,2937.17,0,81.0,0,Personal Auto,Two-Door Car,388.8
JB20173,California,Male,Bachelor,10391.78,81439,90.0,1,Personal Auto,Two-Door Car,108.12
RR73059,California,Female,College,2994.35,55911,74.0,0,Personal Auto,Four-Door Car,187.93
CH38655,Oregon,Male,Bachelor,14203.62,90456,71.0,0,Personal Auto,Four-Door Car,165.06
IG12691,Arizona,Female,Bachelor,4490.55,0,64.0,0,Personal Auto,Two-Door Car,254.4
NZ60700,Washington,Male,High School or Below,10963.96,55687,276.0,0,Personal Auto,Luxury,1324.8
JL21509,California,Male,College,3508.57,20978,98.0,1,Personal Auto,Four-Door Car,1176.28
GR76453,Oregon,Male,High School or Below,4942.87,82093,62.0,0,Personal Auto,Four-Door Car,266.93
US63915,Arizona,Male,High School or Below,6218.66,51944,156.0,0,Corporate Auto,Luxury,748.8
VY30333,Nevada,Male,College,6156.36,78824,77.0,0,Personal Auto,Four-Door Car,267.7
AC42963,California,Male,Bachelor,21423.64,0,65.0,0,Special Auto,Two-Door Car,312.0
AT89553,California,Male,College,5926.73,23091,96.0,5,Personal Auto,Four-Door Car,460.8
DN76322,Oregon,Female,College,10295.47,24723,129.0,0,Corporate Auto,Luxury,619.2
EZ48093,Arizona,Male,Bachelor,2710.81,31998,69.0,0,Corporate Auto,Four-Door Car,331.2
DA34555,California,Female,College,3363.0,80138,83.0,0,Personal Auto,Four-Door Car,209.43
RK63095,California,Male,College,3122.98,72916,80.0,0,Personal Auto,Two-Door Car,384.0
OG69038,Washington,Female,High School or Below,6220.77,0,65.0,2,Corporate Auto,Four-Door Car,468.0
SO98684,California,Female,High School or Below,3455.17,0,91.0,0,Personal Auto,Four-Door Car,681.04
BZ85306,California,Female,Bachelor,11855.14,0,170.0,0,Corporate Auto,SUV,1227.49
EV14479,California,Male,Bachelor,7163.8,44527,94.0,2,Personal Auto,Four-Door Car,286.96
YD71702,Oregon,Male,Bachelor,3157.55,46655,82.0,0,Personal Auto,Four-Door Car,336.89
UC69263,California,Male,Bachelor,8336.08,0,67.0,2,Personal Auto,Two-Door Car,445.27
DH25145,Arizona,Female,High School or Below,5809.26,26975,73.0,0,Personal Auto,Two-Door Car,548.33
KU94282,Oregon,Female,Master,10016.29,62900,62.0,0,Personal Auto,Two-Door Car,83.9
UT18598,California,Female,Bachelor,4914.73,14232,64.0,0,Personal Auto,Four-Door Car,307.2
DA40009,Washington,Female,Bachelor,2750.54,34200,70.0,0,Corporate Auto,Four-Door Car,167.3
HU87011,California,Female,Bachelor,5677.31,0,77.0,0,Personal Auto,Four-Door Car,369.6
EK40672,California,Male,College,2393.12,22981,69.0,0,Personal Auto,Four-Door Car,16.8
ZH92587,Oregon,Female,College,8126.77,14616,107.0,0,Personal Auto,SUV,513.6
EJ95100,California,Female,Master,2774.8,0,74.0,0,Personal Auto,Four-Door Car,355.2
WS56675,Oregon,Female,High School or Below,4300.9,88590,107.0,0,Personal Auto,Two-Door Car,41.72
UF28233,Washington,Female,High School or Below,5221.14,60445,65.0,0,Personal Auto,Four-Door Car,279.45
HQ76003,Nevada,Female,High School or Below,12383.53,40602,105.0,0,Personal Auto,Luxury,459.9
SS90882,Oregon,Female,College,7680.75,66795,64.0,0,Personal Auto,Four-Door Car,238.03
ZN71189,Oregon,Female,Doctor,4014.45,37384,99.0,0,Personal Auto,Four-Door Car,475.2
VX85673,Arizona,Female,High School or Below,4250.28,0,61.0,1,Personal Auto,Four-Door Car,292.8
NP19156,Arizona,Female,Master,4624.56,28264,61.0,4,Corporate Auto,Four-Door Car,167.89
ZV43428,Arizona,Female,Bachelor,27789.69,33806,89.0,0,Special Auto,Four-Door Car,395.73
NK53911,California,Male,High School or Below,7345.9,79980,91.0,0,Personal Auto,Two-Door Car,629.82
BG73480,Oregon,Female,High School or Below,5323.87,64706,135.0,0,Corporate Auto,SUV,77.13
VY58444,Nevada,Female,College,4426.1,29660,112.0,0,Personal Auto,SUV,334.13
SJ15498,Oregon,Female,Bachelor,6852.36,26313,87.0,0,Corporate Auto,Two-Door Car,417.6
ZB71094,Oregon,Male,Bachelor,3534.34,19861,93.0,0,Corporate Auto,Four-Door Car,446.4
UI99818,Oregon,Female,College,4349.31,75648,108.0,0,Personal Auto,SUV,112.66
WS24655,Oregon,Female,College,29676.81,33992,194.0,1,Personal Auto,SUV,931.2
LZ98947,Nevada,Female,Bachelor,24238.66,0,109.0,2,Personal Auto,SUV,784.8
IC94523,California,Female,College,11638.9,25370,102.0,0,Personal Auto,Luxury,489.6
TK59338,Arizona,Male,College,13559.39,98036,113.0,0,Personal Auto,SUV,662.44
BV36386,California,Female,College,4282.95,40864,109.0,1,Personal Auto,SUV,166.94
QT63794,California,Female,Bachelor,9144.86,21150,116.0,0,Personal Auto,SUV,833.42
LF36128,California,Female,College,7434.27,49057,63.0,0,Personal Auto,Two-Door Car,29.62
JK53304,California,Female,High School or Below,6159.01,97658,76.0,1,Personal Auto,Four-Door Car,364.8
HU76577,California,Male,Bachelor,3883.4,0,109.0,0,Personal Auto,SUV,765.91
JG81480,Oregon,Female,Bachelor,10622.52,25634,67.0,0,Personal Auto,Four-Door Car,144.73
CC88237,California,Male,High School or Below,5257.24,56154,67.0,0,Personal Auto,Two-Door Car,386.16
OV64984,Arizona,Male,Bachelor,4881.39,90892,61.0,0,Personal Auto,Two-Door Car,102.32
VG45203,Nevada,Female,College,13197.93,0,68.0,3,Personal Auto,Four-Door Car,326.4
YQ42353,Oregon,Male,Doctor,5334.18,72960,68.0,1,Personal Auto,Four-Door Car,143.54
AP46166,California,Female,High School or Below,4965.49,0,73.0,1,Personal Auto,Two-Door Car,525.6
UI36374,Oregon,Female,Bachelor,5470.06,54507,138.0,0,Corporate Auto,SUV,702.99
ZR76229,Arizona,Female,College,3713.79,81190,92.0,0,Corporate Auto,Two-Door Car,356.56
ZD65365,Oregon,Female,College,2894.58,28204,73.0,0,Personal Auto,Four-Door Car,486.99
XI84293,Oregon,Male,High School or Below,1940.98,0,66.0,3,Personal Auto,Two-Door Car,475.2
MT97446,California,Female,Master,2647.2,26441,66.0,0,Corporate Auto,Two-Door Car,210.64
GM48223,Oregon,Female,Bachelor,5461.97,42650,69.0,0,Personal Auto,Four-Door Car,35.57
YQ42614,Washington,Male,High School or Below,2661.82,29195,68.0,0,Personal Auto,Two-Door Car,448.18
ZK56389,Arizona,Female,High School or Below,2397.04,22283,65.0,0,Special Auto,Four-Door Car,572.07
MK19833,Arizona,Male,College,4567.87,15383,61.0,0,Corporate Auto,Two-Door Car,292.8
TO12347,California,Male,Bachelor,5534.57,16101,74.0,0,Personal Auto,Four-Door Car,437.61
KE63160,Oregon,Male,Bachelor,6057.07,27681,83.0,0,Personal Auto,Two-Door Car,398.4
SR49919,Arizona,Female,Bachelor,10656.88,72540,88.0,0,Personal Auto,Two-Door Car,631.74
CI38171,Washington,Female,Bachelor,13798.48,42780,181.0,2,Personal Auto,Luxury,868.8
VK42108,Washington,Female,Bachelor,18060.48,57882,115.0,0,Corporate Auto,SUV,552.0
NB86692,Nevada,Female,College,2690.48,60060,67.0,0,Personal Auto,Four-Door Car,320.63
YN15967,California,Male,College,7409.08,61160,96.0,0,Corporate Auto,Two-Door Car,354.53
KU56071,Oregon,Female,College,4991.54,93416,62.0,0,Personal Auto,Two-Door Car,246.25
LN47910,Arizona,Female,College,4434.03,83220,110.0,0,Personal Auto,Four-Door Car,528.0
CY80935,Oregon,Male,High School or Below,14748.92,31226,93.0,0,Personal Auto,Four-Door Car,446.4
SA84892,California,Female,High School or Below,4916.37,66982,121.0,0,Corporate Auto,SUV,871.2
LY93301,Oregon,Male,Bachelor,12495.74,0,61.0,0,Corporate Auto,Two-Door Car,292.8
FG63647,Nevada,Male,Bachelor,12877.78,0,117.0,0,Personal Auto,Four-Door Car,561.6
VX79712,Washington,Male,Doctor,6775.92,27354,86.0,1,Personal Auto,Two-Door Car,412.8
UH59257,Washington,Male,Doctor,7540.91,61726,96.0,2,Personal Auto,Two-Door Car,689.51
ME84824,Arizona,Male,College,5989.77,66839,154.0,0,Personal Auto,Luxury,739.2
ZR68364,California,Male,College,9171.0,60433,77.0,0,Personal Auto,Four-Door Car,369.6
WQ25142,California,Male,Bachelor,21528.57,11538,82.0,0,Corporate Auto,Four-Door Car,393.6
OW84481,Nevada,Male,High School or Below,2675.57,67837,69.0,4,Personal Auto,Four-Door Car,430.48
FU77365,California,Female,Bachelor,9246.22,40032,118.0,2,Personal Auto,SUV,717.76
MR46875,Washington,Male,Master,4860.58,41126,61.0,0,Corporate Auto,Four-Door Car,199.28
PT46181,California,Male,College,2471.15,65176,62.0,0,Personal Auto,Four-Door Car,297.6
LT41574,Oregon,Female,Bachelor,2760.95,34717,70.0,2,Special Auto,Four-Door Car,336.0
WX16395,California,Male,College,4270.03,0,122.0,0,Personal Auto,SUV,725.87
HD82971,Arizona,Female,High School or Below,3136.08,0,89.0,0,Personal Auto,Four-Door Car,640.8
ZC17276,California,Male,Master,7755.21,0,110.0,0,Personal Auto,Four-Door Car,528.0
OR27665,Washington,Female,Bachelor,4927.71,0,67.0,0,Personal Auto,Two-Door Car,132.44
VO75043,Oregon,Male,Bachelor,6661.74,0,95.0,0,Personal Auto,Four-Door Car,456.0
LZ78622,California,Male,High School or Below,6529.91,44379,83.0,1,Special Auto,Four-Door Car,398.4
PK24825,Oregon,Female,College,3293.25,0,94.0,0,Corporate Auto,Four-Door Car,676.8
HG93801,Arizona,Male,High School or Below,5154.76,82730,127.0,0,Corporate Auto,SUV,442.52
PJ36749,Washington,Female,High School or Below,5597.12,37995,139.0,0,Personal Auto,SUV,667.2
IJ33473,California,Female,Bachelor,20766.67,0,73.0,2,Personal Auto,Two-Door Car,350.4
CH96412,Oregon,Female,Doctor,5423.14,85018,68.0,3,Personal Auto,Four-Door Car,62.84
PR74833,Oregon,Male,Bachelor,5553.36,0,89.0,1,Personal Auto,Two-Door Car,640.8
ZS36394,California,Female,Bachelor,5504.14,0,73.0,0,Corporate Auto,Four-Door Car,350.4
DP50922,California,Male,High School or Below,12663.99,72109,105.0,0,Personal Auto,Luxury,504.0
VY23882,Arizona,Male,Bachelor,5548.03,67798,69.0,0,Personal Auto,Four-Door Car,331.2
UH62357,Washington,Female,High School or Below,4389.95,0,118.0,1,Personal Auto,SUV,670.66
BG74433,Oregon,Female,Bachelor,2604.85,0,74.0,0,Corporate Auto,Four-Door Car,532.8
TI19394,Oregon,Male,College,2918.58,80714,72.0,0,Personal Auto,Four-Door Car,345.6
AQ91207,California,Male,High School or Below,2487.65,38667,63.0,0,Personal Auto,Four-Door Car,293.07
QL46987,Oregon,Female,Bachelor,9082.83,34430,117.0,0,Personal Auto,Four-Door Car,232.88
BS34332,Oregon,Female,High School or Below,5557.93,83576,69.0,0,Personal Auto,Two-Door Car,331.2
IJ26642,Nevada,Female,Bachelor,5107.16,35625,65.0,1,Personal Auto,Four-Door Car,288.57
XS36281,Washington,Female,College,5570.22,85718,139.0,1,Personal Auto,Luxury,540.17
SR47878,California,Female,High School or Below,5595.39,74454,71.0,0,Personal Auto,Four-Door Car,340.8
HG53255,Nevada,Male,College,11243.9,66146,96.0,0,Personal Auto,Two-Door Car,250.7
QV65644,Oregon,Male,High School or Below,6113.87,0,88.0,0,Personal Auto,Four-Door Car,1034.8
ZW76597,California,Female,Bachelor,5271.37,13215,74.0,1,Corporate Auto,Four-Door Car,443.77
SM80235,Oregon,Male,High School or Below,2746.92,62302,70.0,0,Personal Auto,Four-Door Car,504.0
FE24232,Nevada,Female,High School or Below,4729.97,0,124.0,0,Corporate Auto,Luxury,630.86
BY78730,Oregon,Female,High School or Below,8879.79,52583,113.0,0,Special Auto,SUV,528.2
CR40615,Arizona,Male,Bachelor,3106.48,22076,85.0,0,Personal Auto,Four-Door Car,422.77
WL24392,Arizona,Male,Bachelor,5860.17,94527,73.0,0,Personal Auto,Four-Door Car,41.46
MZ81826,Arizona,Female,High School or Below,9035.67,34337,113.0,0,Personal Auto,Four-Door Car,542.4
EO99750,Nevada,Female,Master,7256.58,29053,181.0,0,Personal Auto,Luxury,404.95
HF82396,Oregon,Female,High School or Below,14428.87,0,68.0,0,Personal Auto,Two-Door Car,326.4
DH68319,Oregon,Female,College,2787.5,62506,69.0,0,Personal Auto,Two-Door Car,331.2
EG12987,California,Female,Bachelor,4845.0,0,65.0,0,Personal Auto,Two-Door Car,129.17
ZU71467,Arizona,Male,Bachelor,5460.32,45404,70.0,2,Corporate Auto,Two-Door Car,266.14
AD95939,California,Male,Bachelor,26511.6,28773,229.0,0,Personal Auto,Luxury,1099.2
TB71474,Nevada,Female,College,3141.33,24019,79.0,0,Personal Auto,Four-Door Car,47.23
WN76039,Nevada,Female,Bachelor,2545.06,0,71.0,0,Special Auto,Four-Door Car,340.8
HI16472,Arizona,Female,College,8355.96,23666,104.0,0,Personal Auto,SUV,499.2
VG43444,Oregon,Male,Bachelor,3837.49,36794,99.0,0,Personal Auto,Four-Door Car,712.8
QI11566,Oregon,Female,Bachelor,2534.99,25163,67.0,0,Corporate Auto,Two-Door Car,321.6
JM98365,Nevada,Male,Doctor,5762.47,66156,72.0,0,Personal Auto,Four-Door Car,345.6
CP67787,California,Female,Bachelor,15936.58,0,76.0,0,Personal Auto,Four-Door Car,364.8
LM83004,Arizona,Male,High School or Below,12552.65,10147,67.0,0,Personal Auto,Four-Door Car,459.28
JM77470,Arizona,Female,College,2352.37,0,64.0,0,Corporate Auto,Four-Door Car,381.06
WI47826,Oregon,Female,College,4935.64,95765,61.0,0,Personal Auto,Four-Door Car,352.09
GE39783,Oregon,Female,College,5356.14,60752,67.0,0,Personal Auto,Four-Door Car,414.11
JN96178,Oregon,Male,High School or Below,3740.4,0,104.0,1,Personal Auto,SUV,499.2
KH41809,California,Female,College,2489.39,31058,67.0,5,Personal Auto,Two-Door Car,309.42
KX86150,California,Male,High School or Below,7188.29,13542,94.0,0,Personal Auto,Four-Door Car,451.2
GX33877,Arizona,Female,Bachelor,35022.45,25270,99.0,0,Personal Auto,Two-Door Car,712.8
IQ15028,Arizona,Female,Bachelor,2661.73,24152,72.0,2,Personal Auto,Four-Door Car,345.6
WE11250,Washington,Female,College,12200.79,60282,102.0,0,Corporate Auto,SUV,120.08
OX61728,California,Female,High School or Below,29006.67,40252,104.0,0,Personal Auto,Luxury,499.2
VW39046,Nevada,Male,College,3873.65,28142,105.0,0,Personal Auto,Luxury,701.71
VE52406,California,Male,High School or Below,2471.53,95697,61.0,0,Corporate Auto,Two-Door Car,114.27
KQ30179,California,Male,Bachelor,2688.86,89771,67.0,2,Personal Auto,Two-Door Car,104.12
KH58171,California,Male,Master,2551.23,79751,63.0,0,Personal Auto,Two-Door Car,392.24
CA58346,Oregon,Female,High School or Below,4949.53,0,69.0,0,Corporate Auto,Four-Door Car,331.2
ZU76536,California,Female,High School or Below,6143.9,45032,77.0,0,Personal Auto,Four-Door Car,36.82
UN69319,Arizona,Male,Master,8837.33,62277,113.0,0,Corporate Auto,SUV,249.8
MG66142,Oregon,Female,Bachelor,9517.08,0,87.0,0,Personal Auto,Four-Door Car,417.6
MV97958,Arizona,Female,Bachelor,2879.63,40525,73.0,0,Personal Auto,Four-Door Car,123.79
AG58599,Oregon,Female,High School or Below,2805.1,26004,70.0,0,Personal Auto,Four-Door Car,336.0
UG35090,California,Female,College,6045.63,82399,77.0,3,Personal Auto,Four-Door Car,31.67
IX85835,Nevada,Female,Bachelor,5246.28,28909,66.0,0,Personal Auto,Two-Door Car,456.7
FP67680,California,Male,High School or Below,4772.93,15323,128.0,0,Personal Auto,SUV,614.4
WY21918,Washington,Female,College,3867.97,79628,98.0,0,Personal Auto,Four-Door Car,470.4
PM92089,Oregon,Female,High School or Below,3383.45,0,97.0,0,Corporate Auto,Two-Door Car,698.4
AY59197,Nevada,Male,College,9521.22,27769,121.0,0,Special Auto,SUV,123.15
VI14418,California,Male,Bachelor,7614.67,16707,102.0,0,Special Auto,Four-Door Car,1106.91
QI60335,Nevada,Female,College,11308.47,0,66.0,0,Personal Auto,Four-Door Car,316.8
BS87947,California,Female,Bachelor,3350.69,94395,83.0,0,Personal Auto,Four-Door Car,582.69
DW88734,California,Male,Bachelor,2683.49,84895,67.0,0,Corporate Auto,Two-Door Car,321.6
BU72633,Nevada,Male,Master,42561.63,66661,119.0,0,Personal Auto,SUV,571.2
VK94891,Nevada,Male,High School or Below,2086.61,0,62.0,0,Personal Auto,Two-Door Car,446.4
VE75717,Nevada,Female,High School or Below,4868.81,31447,121.0,0,Personal Auto,SUV,580.8
JG16015,Washington,Female,College,5021.15,61987,125.0,0,Personal Auto,SUV,723.3
CD68182,Oregon,Female,College,3671.82,42460,91.0,0,Personal Auto,Two-Door Car,347.48
WM64930,Oregon,Male,College,5253.49,12811,150.0,2,Corporate Auto,SUV,720.0
BJ82316,Oregon,Male,Bachelor,12036.62,44428,104.0,0,Corporate Auto,SUV,499.2
XB61209,Arizona,Female,College,3508.93,0,97.0,0,Personal Auto,Four-Door Car,698.4
AT26484,Nevada,Male,College,3818.47,25221,103.0,5,Special Auto,Four-Door Car,616.01
IW21434,Oregon,Female,Bachelor,2570.43,44940,65.0,0,Corporate Auto,Four-Door Car,284.49
CP74755,Oregon,Female,College,2846.17,39192,71.0,0,Corporate Auto,Four-Door Car,352.79
IV13886,California,Male,High School or Below,7292.4,0,68.0,0,Personal Auto,Two-Door Car,415.99
SW42446,California,Female,College,10581.28,42513,133.0,0,Corporate Auto,Luxury,628.21
RO16377,Oregon,Male,High School or Below,23144.13,59821,193.0,0,Personal Auto,Luxury,1389.6
CE46475,California,Female,College,4605.04,22571,63.0,0,Corporate Auto,Four-Door Car,302.4
HE60335,Washington,Female,Bachelor,3939.01,60021,99.0,0,Corporate Auto,Four-Door Car,882.87
RI69055,California,Female,High School or Below,8104.43,58172,67.0,0,Personal Auto,Four-Door Car,141.53
VD96075,Oregon,Male,Bachelor,4165.25,58299,105.0,1,Personal Auto,Four-Door Car,504.0
VI55112,Oregon,Male,College,14065.3,25275,61.0,0,Corporate Auto,Four-Door Car,214.25
VZ18907,Oregon,Female,College,21991.62,80807,109.0,0,Personal Auto,SUV,132.14
BA49679,Arizona,Female,Bachelor,7590.91,52348,65.0,1,Personal Auto,Two-Door Car,312.0
LK39646,Washington,Female,Bachelor,8018.5,58843,68.0,0,Corporate Auto,Two-Door Car,200.49
VI66860,Nevada,Female,Master,3554.85,58557,88.0,0,Corporate Auto,Four-Door Car,55.51
RP14593,Oregon,Female,Bachelor,3945.59,0,105.0,0,Personal Auto,SUV,933.21
FP34904,Oregon,Male,College,2915.61,86599,73.0,0,Corporate Auto,Four-Door Car,350.4
FG15434,Arizona,Female,Master,5554.83,52984,69.0,0,Personal Auto,Two-Door Car,167.67
TP12436,Oregon,Female,Master,5329.13,0,72.0,0,Personal Auto,Four-Door Car,345.6
KD93234,Oregon,Female,High School or Below,5502.73,0,72.0,0,Corporate Auto,Four-Door Car,345.6
GE20220,Oregon,Female,Bachelor,7606.71,47778,96.0,0,Personal Auto,Four-Door Car,173.81
RA98783,Arizona,Female,Bachelor,27789.69,33806,89.0,0,Corporate Auto,Four-Door Car,395.73
DW71192,Oregon,Male,High School or Below,5971.31,52018,78.0,3,Personal Auto,Four-Door Car,374.4
WD84153,California,Female,Bachelor,2248.45,24910,63.0,1,Corporate Auto,Four-Door Car,347.86
ZM75468,Nevada,Male,College,10745.98,39135,91.0,0,Personal Auto,Four-Door Car,436.8
PZ75671,Oregon,Female,College,7223.69,0,97.0,0,Personal Auto,Four-Door Car,465.6
ME80331,California,Male,High School or Below,9384.48,0,133.0,0,Personal Auto,SUV,957.6
YA78391,Oregon,Male,High School or Below,5709.23,0,78.0,0,Personal Auto,Four-Door Car,410.41
WU76366,Arizona,Male,Bachelor,4983.9,28726,65.0,0,Personal Auto,Four-Door Car,468.0
HB35022,Oregon,Male,Doctor,13561.43,0,122.0,0,Special Auto,Luxury,585.6
AM17304,Arizona,Female,Master,7218.38,45356,90.0,0,Personal Auto,Four-Door Car,462.04
AD56037,Arizona,Male,High School or Below,5160.25,87050,129.0,0,Personal Auto,SUV,619.2
IJ74908,Nevada,Male,Bachelor,13115.41,20705,171.0,1,Personal Auto,SUV,237.26
DH93217,California,Female,Master,29874.74,52651,94.0,0,Personal Auto,Two-Door Car,451.2
WH48955,Oregon,Female,Master,20237.15,55270,63.0,0,Personal Auto,Two-Door Car,302.4
RU76604,Arizona,Male,College,2580.85,46900,66.0,0,Personal Auto,Four-Door Car,316.8
NE52009,California,Male,College,39561.08,60500,110.0,0,Personal Auto,Luxury,770.48
FP66510,Washington,Female,High School or Below,8186.1,43877,102.0,0,Corporate Auto,SUV,414.71
TW46585,Nevada,Male,Bachelor,4767.69,0,72.0,0,Corporate Auto,Four-Door Car,345.6
PE42960,California,Male,Bachelor,8474.63,58488,73.0,2,Personal Auto,Four-Door Car,350.4
LO28839,California,Female,Bachelor,4723.45,29193,61.0,3,Corporate Auto,Four-Door Car,292.8
QY41855,Arizona,Female,College,10484.92,61108,89.0,0,Personal Auto,Four-Door Car,49.45
UA53326,Oregon,Female,College,3304.76,23931,95.0,0,Personal Auto,Four-Door Car,456.0
UK59933,California,Male,College,5002.09,0,70.0,0,Personal Auto,Four-Door Car,504.0
LM37855,California,Male,College,7607.0,0,104.0,0,Personal Auto,SUV,638.41
UV89069,Nevada,Female,Bachelor,2802.62,34628,71.0,0,Personal Auto,Four-Door Car,132.52
NK40551,California,Female,High School or Below,7455.36,74089,94.0,2,Personal Auto,Four-Door Car,648.69
RR47424,California,Female,High School or Below,21766.83,0,290.0,0,Personal Auto,Luxury,1550.6
DU68331,Oregon,Female,College,7316.65,30493,62.0,1,Personal Auto,Two-Door Car,108.09
LI76661,Oregon,Male,Bachelor,7443.83,89285,93.0,0,Corporate Auto,Two-Door Car,243.55
CM94209,Oregon,Female,High School or Below,3086.72,92147,77.0,2,Personal Auto,Four-Door Car,278.48
BN38134,Washington,Female,Bachelor,6727.62,39428,84.0,2,Personal Auto,Two-Door Car,72.33
VQ72305,California,Male,High School or Below,20266.5,21542,103.0,0,Special Auto,Luxury,494.4
YK26558,California,Female,College,5264.64,0,72.0,0,Special Auto,Four-Door Car,135.89
XU20264,Arizona,Male,Bachelor,8564.77,23506,113.0,0,Personal Auto,Four-Door Car,813.6
LG85340,Oregon,Female,Bachelor,8086.01,70811,100.0,0,Personal Auto,Luxury,141.65
JZ64443,Washington,Female,Bachelor,4705.59,0,78.0,3,Corporate Auto,Four-Door Car,555.46
CY45848,Oregon,Female,Bachelor,4273.59,82214,106.0,1,Personal Auto,Four-Door Car,239.14
AU13233,California,Female,High School or Below,5908.75,71401,73.0,0,Personal Auto,Four-Door Car,287.33
IH35630,Oregon,Female,High School or Below,41787.9,46587,119.0,2,Personal Auto,Four-Door Car,571.2
JP55271,Oregon,Female,High School or Below,10633.5,80046,132.0,0,Personal Auto,SUV,260.63
TT47031,Arizona,Female,Bachelor,5450.57,76389,68.0,0,Personal Auto,Four-Door Car,262.0
JN55850,California,Male,Doctor,7035.76,77235,87.0,0,Personal Auto,Two-Door Car,310.16
LH94176,Arizona,Male,High School or Below,8203.22,38595,74.0,3,Personal Auto,Four-Door Car,415.55
ZB87718,Arizona,Female,College,8714.92,0,118.0,0,Personal Auto,SUV,566.4
UQ40371,Nevada,Female,Master,3352.94,55359,83.0,0,Special Auto,Four-Door Car,303.33
XJ92660,Nevada,Female,Master,5017.85,79814,62.0,0,Personal Auto,Four-Door Car,31.55
SG51792,Arizona,Female,Bachelor,2753.16,75277,70.0,3,Corporate Auto,Two-Door Car,459.74
DA73502,Oregon,Male,Bachelor,2619.34,78618,66.0,0,Personal Auto,Two-Door Car,225.58
UF81905,California,Female,Doctor,4867.38,20123,63.0,0,Personal Auto,Four-Door Car,302.4
PL44132,Arizona,Male,College,3061.8,88362,78.0,0,Personal Auto,Two-Door Car,452.6
US29010,Oregon,Male,Bachelor,3545.41,0,116.0,3,Corporate Auto,SUV,835.2
DW72445,Oregon,Male,College,3259.89,52782,85.0,4,Personal Auto,Four-Door Car,541.09
MU53244,California,Female,Bachelor,5095.44,0,137.0,0,Personal Auto,SUV,452.3
EE57466,Arizona,Female,High School or Below,2397.04,22283,65.0,0,Personal Auto,Four-Door Car,572.07
QV86635,California,Male,Bachelor,7427.5,28848,96.0,0,Corporate Auto,Two-Door Car,450.6
RT51330,California,Female,Doctor,2510.63,0,64.0,0,Corporate Auto,Four-Door Car,437.18
QW44380,Washington,Male,High School or Below,2637.6,54378,66.0,0,Personal Auto,Four-Door Car,316.8
IK66117,California,Male,High School or Below,4969.36,21827,67.0,0,Special Auto,Four-Door Car,321.6
TD86744,Arizona,Female,High School or Below,34611.38,20090,109.0,0,Personal Auto,Luxury,523.2
TX35222,Washington,Female,College,11618.56,27750,297.0,1,Personal Auto,Luxury,1425.6
PJ92694,California,Male,High School or Below,4762.59,57135,61.0,0,Corporate Auto,Four-Door Car,156.92
YM88338,California,Female,Bachelor,4879.44,58580,61.0,0,Personal Auto,Four-Door Car,292.8
YN61339,Oregon,Male,College,4330.39,60475,107.0,0,Personal Auto,Four-Door Car,513.6
FP45327,Washington,Male,College,9095.05,37937,116.0,0,Personal Auto,SUV,556.8
IZ26849,Oregon,Female,Bachelor,5524.31,70360,69.0,0,Personal Auto,Two-Door Car,331.2
YY16391,Oregon,Male,College,11836.3,0,119.0,0,Personal Auto,Four-Door Car,856.8
GX44284,California,Male,Bachelor,2588.08,47509,66.0,0,Personal Auto,Four-Door Car,93.13
LV14566,Nevada,Male,Master,7176.59,27071,183.0,0,Personal Auto,Luxury,878.4
KQ50003,Arizona,Female,High School or Below,27890.06,46546,99.0,0,Special Auto,Four-Door Car,319.11
IW87075,Arizona,Male,Bachelor,7280.3,32627,67.0,4,Personal Auto,Four-Door Car,54.63
QY46560,Arizona,Male,Bachelor,2152.08,0,65.0,0,Personal Auto,Two-Door Car,460.38
PD79570,Oregon,Female,Bachelor,4334.21,0,116.0,0,Personal Auto,Four-Door Car,1065.62
IM78342,Oregon,Female,College,8630.7,0,122.0,2,Personal Auto,SUV,585.6
NT19879,Arizona,Female,Bachelor,4766.94,29177,64.0,2,Personal Auto,Four-Door Car,307.2
SW98498,California,Male,College,10439.5,88233,88.0,0,Personal Auto,Four-Door Car,253.06
WL42517,Washington,Female,College,3747.06,0,107.0,0,Personal Auto,SUV,549.99
LR82946,Oregon,Male,Bachelor,6617.14,0,195.0,0,Personal Auto,Luxury,1404.0
KT61396,California,Female,College,3821.82,79189,95.0,0,Corporate Auto,Two-Door Car,50.17
GD56260,Oregon,Female,Master,2863.05,41077,71.0,0,Personal Auto,Two-Door Car,82.42
YD45660,Arizona,Female,Bachelor,9420.97,47048,118.0,0,Personal Auto,SUV,566.4
XN50058,California,Male,Doctor,8767.63,45484,111.0,0,Corporate Auto,Four-Door Car,532.8
QO61775,California,Male,Master,4571.61,79453,115.0,0,Personal Auto,SUV,242.1
PZ67684,Arizona,Female,College,14514.01,88753,181.0,0,Personal Auto,Luxury,868.8
IK77998,Washington,Male,High School or Below,2588.44,0,74.0,0,Personal Auto,Four-Door Car,851.02
FL96333,Nevada,Male,College,6243.09,73945,78.0,0,Personal Auto,Two-Door Car,330.87
EI58541,Washington,Female,College,2719.51,14030,72.0,0,Personal Auto,Two-Door Car,345.6
WW68250,Oregon,Male,Bachelor,2719.26,81799,68.0,0,Personal Auto,Four-Door Car,326.4
XT19780,Oregon,Female,High School or Below,4803.78,23634,62.0,0,Personal Auto,Two-Door Car,440.19
SE44262,California,Male,Bachelor,2856.95,0,78.0,0,Personal Auto,Four-Door Car,374.4
GO86980,Oregon,Female,Bachelor,5169.56,56334,65.0,0,Corporate Auto,Two-Door Car,421.56
ZB69355,Oregon,Female,Bachelor,4082.7,23206,107.0,0,Personal Auto,Luxury,513.6
TM12486,Oregon,Male,High School or Below,2959.95,28140,85.0,0,Personal Auto,Four-Door Car,612.0
NB86870,Arizona,Female,High School or Below,16468.22,0,63.0,0,Personal Auto,Four-Door Car,685.13
SS12362,California,Male,High School or Below,12779.06,0,88.0,0,Special Auto,Four-Door Car,633.6
VW58299,California,Male,Bachelor,12168.74,14973,115.0,0,Personal Auto,SUV,828.0
TG37039,Oregon,Female,Bachelor,6240.66,0,87.0,0,Personal Auto,Four-Door Car,712.4
RO25639,Nevada,Female,Doctor,5442.74,25884,69.0,3,Personal Auto,Four-Door Car,292.27
JK35644,Oregon,Male,Master,3551.79,11607,96.0,0,Corporate Auto,Four-Door Car,313.35
DK69871,Nevada,Male,Master,24138.06,53691,67.0,0,Personal Auto,Four-Door Car,175.98
OU43146,Oregon,Male,Bachelor,15415.04,89464,194.0,1,Personal Auto,Luxury,1067.29
KN47424,Oregon,Female,High School or Below,5517.2,60596,71.0,4,Personal Auto,Four-Door Car,180.34
ZX80668,Nevada,Male,Bachelor,13448.81,43720,117.0,1,Personal Auto,SUV,561.6
OI80614,California,Male,High School or Below,6689.02,56980,84.0,0,Personal Auto,Two-Door Car,599.0
JA44693,Oregon,Female,College,7222.85,0,68.0,0,Personal Auto,Four-Door Car,350.21
FI61059,Oregon,Male,College,4311.42,0,67.0,1,Personal Auto,Four-Door Car,482.4
ZF81243,Nevada,Female,Bachelor,4376.36,63774,111.0,0,Personal Auto,Four-Door Car,60.04
XD19934,Oregon,Male,High School or Below,10506.94,61650,88.0,0,Personal Auto,Four-Door Car,117.47
TA77711,Oregon,Male,College,8667.09,31354,109.0,0,Personal Auto,SUV,527.76
PS92059,California,Female,Doctor,5938.51,44190,74.0,0,Corporate Auto,Four-Door Car,10.69
TT19625,Nevada,Female,Bachelor,15277.48,38183,191.0,0,Personal Auto,Luxury,981.01
EV95033,Oregon,Male,Master,2551.23,79751,63.0,0,Special Auto,Two-Door Car,392.24
CS30775,California,Male,High School or Below,4191.06,0,64.0,1,Personal Auto,Two-Door Car,535.95
CI51999,Arizona,Male,College,8161.17,12266,114.0,1,Personal Auto,SUV,732.05
HK96298,California,Male,Master,2784.97,61807,70.0,0,Personal Auto,Four-Door Car,104.21
UO59377,Arizona,Female,High School or Below,10083.49,11828,90.0,0,Personal Auto,Four-Door Car,571.48
OU99581,California,Male,Bachelor,19363.53,49945,70.0,0,Personal Auto,Four-Door Car,50.4
SN63066,Nevada,Female,Bachelor,7154.09,28204,182.0,0,Personal Auto,Luxury,532.09
DK92504,Arizona,Male,High School or Below,8779.09,54726,219.0,0,Corporate Auto,Luxury,1051.2
DW72437,Oregon,Female,Master,2731.4,43386,68.0,0,Personal Auto,Two-Door Car,315.35
GE49670,Arizona,Male,High School or Below,7429.08,0,101.0,0,Personal Auto,Four-Door Car,549.69
TK38409,Nevada,Male,College,2616.61,72302,66.0,0,Personal Auto,Two-Door Car,316.8
OD89873,Arizona,Male,Bachelor,8044.87,71391,67.0,0,Corporate Auto,Four-Door Car,284.0
KW41658,Arizona,Male,Bachelor,2534.31,21606,71.0,3,Personal Auto,Four-Door Car,340.8
UZ35113,California,Female,Bachelor,10014.03,74489,124.0,0,Special Auto,SUV,128.54
HO81102,Washington,Male,High School or Below,4745.18,50549,61.0,0,Personal Auto,Four-Door Car,292.8
SM42781,Arizona,Female,Bachelor,14040.96,0,195.0,1,Personal Auto,Luxury,669.04
TB40283,California,Female,Bachelor,14635.45,0,139.0,0,Corporate Auto,SUV,667.2
CR76145,California,Male,College,3885.46,0,105.0,0,Personal Auto,Four-Door Car,504.0
TK45392,California,Female,Bachelor,5107.16,35625,65.0,1,Personal Auto,Four-Door Car,288.57
JN78502,Washington,Female,High School or Below,9384.65,25370,116.0,0,Special Auto,SUV,556.8
KZ60207,Arizona,Male,College,5007.67,51523,62.0,0,Personal Auto,Four-Door Car,297.6
BR50492,Arizona,Male,Bachelor,49423.8,85058,137.0,0,Personal Auto,SUV,595.37
ES21306,California,Male,Bachelor,8558.93,0,125.0,0,Personal Auto,SUV,615.56
AT29024,California,Female,High School or Below,4892.63,27005,61.0,0,Corporate Auto,Four-Door Car,311.84
NP23146,Arizona,Female,College,5365.93,62808,66.0,0,Special Auto,Two-Door Car,211.52
SY48471,California,Female,High School or Below,5163.84,88692,64.0,0,Personal Auto,Four-Door Car,253.19
GJ47397,Oregon,Male,High School or Below,38055.21,0,115.0,0,Special Auto,SUV,552.0
CE69971,Oregon,Female,Master,7403.45,19064,98.0,1,Personal Auto,Four-Door Car,136.25
GM54859,Oregon,Male,High School or Below,6051.64,0,88.0,0,Personal Auto,Two-Door Car,633.6
WY27579,Oregon,Male,Bachelor,7229.33,60345,93.0,0,Personal Auto,Two-Door Car,36.11
ZT87452,Oregon,Female,Bachelor,3300.61,59592,84.0,0,Personal Auto,Four-Door Car,161.23
JM35350,California,Female,College,5505.17,15648,73.0,1,Special Auto,Two-Door Car,413.27
PT40521,California,Female,Bachelor,4334.06,23904,123.0,3,Corporate Auto,SUV,590.4
TN71469,Oregon,Female,College,4349.1,90893,110.0,0,Personal Auto,SUV,700.0
GE26813,Arizona,Male,High School or Below,4882.07,0,66.0,0,Personal Auto,Four-Door Car,475.2
LU37653,Oregon,Female,College,10114.99,74001,84.0,0,Corporate Auto,Four-Door Car,224.27
QW40254,Oregon,Male,College,5259.71,28447,67.0,0,Personal Auto,Four-Door Car,321.6
MH76107,California,Male,College,4013.95,56586,100.0,0,Personal Auto,Luxury,121.93
ZH28728,Oregon,Male,Bachelor,6285.02,0,172.0,0,Personal Auto,SUV,825.6
SF29524,Oregon,Male,Doctor,4518.78,19186,62.0,0,Personal Auto,Four-Door Car,297.6
WT21922,Arizona,Female,High School or Below,17738.2,65348,110.0,0,Corporate Auto,Luxury,134.12
WZ56476,California,Female,Doctor,6265.34,0,84.0,1,Personal Auto,Four-Door Car,481.03
PP62909,Oregon,Female,Master,12168.64,0,109.0,0,Special Auto,Luxury,30.99
XY57950,California,Male,College,3618.43,0,99.0,0,Special Auto,Four-Door Car,475.2
RA97108,Oregon,Female,High School or Below,6474.83,0,91.0,0,Personal Auto,Four-Door Car,436.8
LT57545,California,Female,College,5575.2,18892,73.0,0,Personal Auto,Four-Door Car,106.81
MM97107,Oregon,Male,High School or Below,32144.65,19066,103.0,0,Personal Auto,Two-Door Car,494.4
PO26937,Oregon,Male,Bachelor,8223.16,95102,101.0,0,Corporate Auto,Four-Door Car,94.34
GJ99406,Arizona,Female,College,7462.93,70263,93.0,0,Corporate Auto,Two-Door Car,7.35
LU86185,California,Female,Master,9031.21,0,122.0,0,Corporate Auto,Luxury,650.52
RO82935,Nevada,Female,High School or Below,7028.94,18120,63.0,4,Personal Auto,Two-Door Car,302.4
SC47383,Nevada,Female,Bachelor,7406.88,38169,62.0,0,Corporate Auto,Four-Door Car,71.68
LV27997,Oregon,Male,College,7582.11,64801,64.0,0,Personal Auto,Four-Door Car,268.47
RJ32720,Arizona,Female,College,10719.08,86036,90.0,3,Personal Auto,Four-Door Car,501.27
KR90607,Washington,Female,College,3721.39,0,101.0,0,Personal Auto,SUV,862.5
PZ95949,Arizona,Male,Doctor,3528.04,31278,92.0,4,Personal Auto,Two-Door Car,441.6
GI25850,Arizona,Female,High School or Below,17085.41,20053,62.0,1,Personal Auto,Four-Door Car,9.83
QH60569,California,Female,College,11955.4,71587,99.0,0,Personal Auto,Two-Door Car,133.1
II27516,California,Male,High School or Below,6366.23,44368,80.0,0,Personal Auto,Two-Door Car,384.0
QI21338,Oregon,Female,High School or Below,4669.23,76157,116.0,0,Personal Auto,Two-Door Car,556.8
HG83893,Nevada,Female,High School or Below,9100.73,59183,113.0,0,Personal Auto,SUV,542.4
RN66346,California,Male,Master,14663.2,91015,73.0,1,Personal Auto,Two-Door Car,119.06
RS53995,California,Male,College,7529.86,52774,66.0,4,Corporate Auto,Two-Door Car,78.45
TD90177,Oregon,Male,College,2647.52,37876,69.0,0,Personal Auto,Four-Door Car,300.06
FP11025,California,Female,Bachelor,8072.25,57938,101.0,0,Special Auto,SUV,282.46
SA62385,Oregon,Female,High School or Below,7644.68,26526,99.0,0,Personal Auto,Four-Door Car,523.7
NL68893,California,Male,Bachelor,2485.11,76608,62.0,0,Personal Auto,Four-Door Car,91.23
LA31975,Arizona,Male,College,13144.49,0,194.0,0,Personal Auto,Luxury,931.2
RM31359,Oregon,Female,High School or Below,3129.11,48056,78.0,0,Corporate Auto,Four-Door Car,374.4
WM19996,California,Male,Bachelor,8349.52,45428,109.0,1,Corporate Auto,SUV,487.27
SU32452,Arizona,Female,Bachelor,3241.59,89196,81.0,0,Personal Auto,Four-Door Car,41.18
MZ79386,California,Female,Bachelor,6925.18,88893,86.0,0,Personal Auto,Four-Door Car,72.87
OY15095,Oregon,Male,Bachelor,5098.85,0,97.0,4,Personal Auto,Two-Door Car,609.05
UV99893,Arizona,Female,Bachelor,2885.41,92722,72.0,1,Corporate Auto,Two-Door Car,28.13
LD48189,Nevada,Female,High School or Below,5979.72,57693,76.0,0,Personal Auto,Four-Door Car,547.2
EK13316,Arizona,Female,Bachelor,5416.41,53249,67.0,0,Personal Auto,Four-Door Car,343.34
FE82005,Oregon,Female,Bachelor,2345.13,26304,63.0,0,Personal Auto,Four-Door Car,302.4
BL44708,California,Female,High School or Below,12556.95,0,70.0,0,Personal Auto,Two-Door Car,504.0
PQ65328,Oregon,Male,High School or Below,2839.3,71460,74.0,5,Personal Auto,Four-Door Car,93.95
AA56476,Arizona,Female,High School or Below,5595.39,74454,71.0,0,Corporate Auto,Four-Door Car,340.8
BL66157,California,Female,Bachelor,3979.72,96413,99.0,0,Personal Auto,Four-Door Car,560.05
SN26999,Oregon,Female,High School or Below,10925.82,98542,90.0,0,Personal Auto,Two-Door Car,432.0
TS81548,Oregon,Female,Master,5669.97,43416,70.0,0,Personal Auto,Four-Door Car,336.0
DY34902,Oregon,Female,High School or Below,5168.15,81182,64.0,0,Corporate Auto,Four-Door Car,307.2
SX75100,Arizona,Male,Bachelor,2760.48,79065,69.0,0,Corporate Auto,Four-Door Car,290.89
LZ98529,Arizona,Male,High School or Below,10382.5,11721,102.0,2,Personal Auto,SUV,560.92
FM10372,California,Female,College,3816.41,82414,95.0,0,Personal Auto,Four-Door Car,30.42
QX54666,California,Male,High School or Below,11172.5,14533,63.0,0,Personal Auto,Four-Door Car,302.4
FR48094,Arizona,Male,High School or Below,2456.82,0,73.0,0,Personal Auto,Four-Door Car,525.6
FH61723,California,Female,Bachelor,7480.71,52513,65.0,3,Personal Auto,Two-Door Car,91.24
QY83498,Oregon,Female,College,2659.71,0,87.0,3,Personal Auto,Four-Door Car,420.04
GC81619,Oregon,Female,Master,4626.8,79487,114.0,0,Personal Auto,SUV,547.2
BD84823,Oregon,Male,High School or Below,12157.33,57449,103.0,0,Personal Auto,Four-Door Car,494.4
EU78163,California,Female,College,4792.51,20181,66.0,2,Personal Auto,Four-Door Car,316.8
FD34314,Arizona,Male,Bachelor,2821.35,73339,71.0,0,Corporate Auto,Four-Door Car,244.4
HS74723,Arizona,Female,College,17441.64,80969,217.0,0,Personal Auto,Luxury,1041.6
LX27768,Oregon,Female,Bachelor,4202.66,74057,105.0,1,Personal Auto,SUV,632.24
YB91420,Oregon,Female,Bachelor,7851.35,32225,66.0,0,Personal Auto,Four-Door Car,316.8
QA45054,Arizona,Female,High School or Below,8932.32,60909,112.0,0,Personal Auto,SUV,412.11
CO53758,California,Male,High School or Below,5059.99,70999,63.0,0,Corporate Auto,Four-Door Car,305.6
CW57656,Oregon,Female,College,11196.02,75457,93.0,0,Personal Auto,Four-Door Car,151.57
MR22119,Oregon,Male,High School or Below,4430.57,24059,112.0,0,Personal Auto,SUV,537.6
DI22093,California,Male,College,10330.44,56480,87.0,0,Personal Auto,Four-Door Car,384.7
PQ35034,Oregon,Female,College,9918.7,37586,63.0,0,Corporate Auto,Two-Door Car,153.49
XB30904,Arizona,Male,High School or Below,5876.37,97026,73.0,0,Personal Auto,Two-Door Car,97.42
VF15321,Washington,Male,College,2734.44,54010,69.0,0,Personal Auto,Four-Door Car,331.2
LX71137,Arizona,Female,Bachelor,3694.15,87485,92.0,0,Personal Auto,Four-Door Car,441.6
SI35064,Washington,Female,Bachelor,9521.68,74583,118.0,0,Personal Auto,SUV,161.21
SI26369,Oregon,Male,College,4377.53,0,64.0,0,Personal Auto,Two-Door Car,460.8
LD69905,Arizona,Male,High School or Below,6431.74,21238,95.0,4,Personal Auto,Four-Door Car,456.0
VY84895,Nevada,Female,High School or Below,6722.7,0,93.0,0,Personal Auto,Four-Door Car,669.6
UA38043,California,Female,High School or Below,2397.04,22283,65.0,0,Personal Auto,Four-Door Car,572.07
WM46083,Arizona,Male,Master,2393.81,58237,63.0,3,Personal Auto,Two-Door Car,273.69
GQ57207,California,Female,Bachelor,2359.42,19864,63.0,0,Personal Auto,Four-Door Car,352.39
CQ80529,Oregon,Female,College,4080.82,57283,106.0,1,Personal Auto,SUV,337.96
LN99954,Washington,Male,Master,26999.68,0,104.0,0,Personal Auto,Four-Door Car,622.89
UF36353,Oregon,Male,College,10914.2,71656,137.0,0,Special Auto,SUV,61.92
IZ24763,Nevada,Female,Bachelor,3445.86,0,94.0,0,Corporate Auto,Four-Door Car,590.63
TU27017,California,Male,Bachelor,6625.29,41460,83.0,0,Personal Auto,Four-Door Car,398.4
WS46887,Washington,Female,Bachelor,20067.4,85165,101.0,0,Personal Auto,Four-Door Car,384.31
GQ32356,Nevada,Female,High School or Below,3871.78,0,111.0,0,Personal Auto,Four-Door Car,799.2
PZ81131,California,Female,Bachelor,4171.3,36723,106.0,1,Personal Auto,SUV,580.09
ZW79814,California,Male,High School or Below,6689.02,56980,84.0,0,Personal Auto,Two-Door Car,599.0
KV79964,Arizona,Male,Doctor,9009.22,32260,113.0,0,Personal Auto,Four-Door Car,601.12
WE38399,California,Male,Bachelor,4974.8,75644,65.0,3,Personal Auto,Two-Door Car,467.8
MI13678,Oregon,Male,High School or Below,2506.2,92056,62.0,0,Personal Auto,Four-Door Car,89.4
VA63861,California,Female,College,4967.54,28524,62.0,0,Personal Auto,Four-Door Car,297.6
EH70612,California,Male,College,1918.12,0,61.0,2,Personal Auto,Two-Door Car,439.2
UO40726,Oregon,Female,Bachelor,3146.04,28089,82.0,1,Personal Auto,Two-Door Car,411.86
ZY49833,California,Female,Bachelor,5963.17,87020,74.0,0,Personal Auto,Four-Door Car,331.12
HZ47488,California,Male,Doctor,2860.75,27907,74.0,1,Personal Auto,Four-Door Car,406.44
LP51258,Oregon,Female,Bachelor,2857.11,91811,70.0,0,Personal Auto,Four-Door Car,333.79
VW65573,California,Male,High School or Below,7630.35,0,111.0,0,Special Auto,SUV,799.2
LV82913,Oregon,Male,College,5715.79,69451,72.0,0,Corporate Auto,Four-Door Car,230.24
OX53879,Arizona,Male,Bachelor,5113.9,92427,64.0,2,Personal Auto,Four-Door Car,126.05
QV76563,Arizona,Female,Doctor,5070.23,0,69.0,0,Personal Auto,Four-Door Car,331.2
CP27565,Oregon,Male,Bachelor,12036.62,44428,104.0,0,Special Auto,SUV,499.2
LL56632,Oregon,Female,High School or Below,8679.8,55842,109.0,0,Personal Auto,SUV,703.12
ZG88784,Oregon,Male,College,4911.46,52796,62.0,0,Corporate Auto,Four-Door Car,297.6
FO78512,California,Male,Master,17429.88,41775,109.0,0,Personal Auto,Luxury,104.67
TX13297,California,Female,Bachelor,2396.22,0,66.0,2,Corporate Auto,Four-Door Car,433.16
RS20615,California,Female,High School or Below,5671.93,34974,71.0,0,Special Auto,Four-Door Car,315.16
HP77890,Washington,Female,College,14413.38,56457,73.0,0,Personal Auto,Four-Door Car,138.46
GE45663,Arizona,Female,Bachelor,5217.51,39854,66.0,0,Personal Auto,Two-Door Car,261.93
UW90223,California,Female,Bachelor,2363.3,27839,65.0,5,Personal Auto,Two-Door Car,312.0
LC58452,California,Male,High School or Below,4655.61,88240,117.0,0,Personal Auto,SUV,561.6
WO25669,Oregon,Female,High School or Below,35692.17,0,102.0,0,Personal Auto,SUV,1123.21
NG59515,California,Male,College,10248.9,52693,129.0,0,Personal Auto,SUV,619.2
AQ52711,Oregon,Female,Bachelor,6897.51,65337,173.0,1,Personal Auto,SUV,830.4
AU23837,Oregon,Female,Bachelor,5010.38,64014,63.0,0,Corporate Auto,Four-Door Car,295.87
NG62780,Oregon,Female,High School or Below,4250.28,0,61.0,1,Personal Auto,Four-Door Car,292.8
WW16329,Oregon,Female,College,10208.93,35482,129.0,0,Corporate Auto,SUV,619.2
YN46118,Arizona,Female,High School or Below,4961.57,20951,65.0,0,Personal Auto,Four-Door Car,312.0
CW77053,Oregon,Female,High School or Below,4476.81,0,62.0,0,Personal Auto,Four-Door Car,297.6
LX15904,Washington,Female,High School or Below,2755.22,39393,70.0,1,Special Auto,Four-Door Car,405.88
IN26765,Oregon,Male,College,8271.91,62912,69.0,0,Personal Auto,Two-Door Car,168.36
WR55560,California,Male,High School or Below,5927.39,33561,152.0,0,Corporate Auto,Luxury,235.32
JQ70222,Washington,Female,High School or Below,8548.3,53055,112.0,2,Personal Auto,SUV,537.6
LU49168,Arizona,Male,High School or Below,21283.64,0,63.0,0,Personal Auto,Two-Door Car,302.4
EN97874,Oregon,Female,High School or Below,6446.71,55037,80.0,1,Corporate Auto,Four-Door Car,481.82
IP76282,Oregon,Female,High School or Below,4484.25,0,65.0,0,Personal Auto,Four-Door Car,463.38
NM18924,Oregon,Female,High School or Below,30286.69,27587,103.0,1,Corporate Auto,Luxury,241.14
NZ98813,California,Female,High School or Below,13840.16,29658,119.0,0,Personal Auto,SUV,571.2
XJ65608,California,Female,College,5391.78,63633,68.0,1,Corporate Auto,Two-Door Car,374.02
HI71466,California,Male,College,3847.35,23459,96.0,0,Personal Auto,Four-Door Car,185.07
RO70057,Nevada,Male,High School or Below,6369.26,34498,83.0,0,Personal Auto,Two-Door Car,398.4
LT77960,Arizona,Female,College,5316.76,28559,66.0,0,Corporate Auto,Four-Door Car,427.24
FO13691,Oregon,Male,Doctor,5124.22,73740,64.0,0,Personal Auto,Two-Door Car,229.27
IP87756,Washington,Male,High School or Below,4151.55,0,125.0,0,Personal Auto,SUV,900.0
YG37894,California,Female,College,2594.91,25925,72.0,3,Corporate Auto,Two-Door Car,660.59
SR24177,Nevada,Male,Bachelor,5763.27,31725,76.0,0,Personal Auto,Two-Door Car,177.23
BS91742,Washington,Male,College,18370.57,49659,234.0,0,Personal Auto,Luxury,1684.8
UJ38473,California,Male,Bachelor,21923.12,81197,109.0,0,Personal Auto,Luxury,94.73
BP54465,Arizona,Female,Master,10546.66,43922,88.0,0,Personal Auto,Four-Door Car,108.7
YY12812,Nevada,Female,Bachelor,8388.72,87123,69.0,0,Corporate Auto,Four-Door Car,118.47
HW61722,Oregon,Female,Bachelor,7188.61,0,66.0,0,Personal Auto,Four-Door Car,278.57
CE17855,Oregon,Female,Master,3238.93,68745,80.0,0,Personal Auto,Four-Door Car,473.61
ZX50209,California,Female,College,10960.94,29815,95.0,0,Personal Auto,Four-Door Car,76.18
CZ84042,Oregon,Female,High School or Below,2660.93,53333,66.0,0,Personal Auto,Two-Door Car,22.95
SQ54906,Oregon,Female,College,2004.35,0,66.0,4,Personal Auto,Four-Door Car,316.8
QE21030,Washington,Male,High School or Below,15483.53,24661,196.0,0,Personal Auto,Luxury,1961.16
WP60679,Oregon,Male,Bachelor,8940.58,95351,111.0,0,Personal Auto,Luxury,406.48
BZ47770,Washington,Female,Bachelor,5083.79,62088,64.0,2,Corporate Auto,Two-Door Car,73.26
TS76653,Nevada,Female,Master,9031.21,0,122.0,0,Personal Auto,Luxury,650.52
IJ28717,Oregon,Male,College,32098.32,31503,105.0,3,Personal Auto,SUV,504.0
XL78013,Oregon,Male,College,22332.44,49078,97.0,0,Corporate Auto,Four-Door Car,484.01
KN90631,Nevada,Female,High School or Below,8560.16,28120,112.0,0,Personal Auto,SUV,537.6
KU59569,California,Female,College,7714.62,0,106.0,0,Personal Auto,Luxury,763.2
IE71278,California,Male,Bachelor,2936.99,44369,77.0,3,Personal Auto,Four-Door Car,362.28
VY76337,Washington,Male,High School or Below,5112.1,15131,67.0,0,Personal Auto,Four-Door Car,321.6
YC77374,California,Female,Bachelor,5119.9,26890,65.0,0,Personal Auto,Two-Door Car,312.0
FX78218,California,Male,Doctor,2494.87,45855,62.0,1,Personal Auto,Four-Door Car,0.89
ZK11389,Oregon,Male,Bachelor,23594.68,76358,66.0,0,Corporate Auto,Four-Door Car,86.46
MO82744,California,Female,Bachelor,5656.2,45586,72.0,0,Personal Auto,Four-Door Car,203.42
GG20671,Nevada,Male,College,15673.14,43267,78.0,0,Special Auto,Four-Door Car,453.07
YC53575,Oregon,Male,High School or Below,8509.45,0,82.0,0,Personal Auto,Four-Door Car,590.4
ES82658,Oregon,Male,Master,6418.25,46648,81.0,0,Personal Auto,Four-Door Car,123.58
SU44811,Oregon,Female,High School or Below,3055.7,42406,77.0,0,Corporate Auto,Four-Door Car,108.87
AZ43057,California,Male,Master,5746.06,50798,72.0,0,Personal Auto,Four-Door Car,64.98
XU56756,Oregon,Male,Bachelor,23594.68,76358,66.0,0,Personal Auto,Four-Door Car,86.46
TM24806,Oregon,Male,College,6005.85,13528,86.0,0,Personal Auto,Four-Door Car,412.8
ZH18791,Oregon,Male,Bachelor,5028.84,0,67.0,0,Personal Auto,Four-Door Car,80.75
CE10235,California,Female,Bachelor,3409.68,85023,85.0,0,Personal Auto,Four-Door Car,408.0
IQ96928,Oregon,Female,High School or Below,4348.14,0,62.0,0,Corporate Auto,Four-Door Car,675.66
BM55732,Nevada,Female,High School or Below,8337.19,74460,69.0,0,Corporate Auto,Two-Door Car,331.2
PC76141,Nevada,Male,Bachelor,2346.68,22932,62.0,0,Personal Auto,Four-Door Car,297.6
RV98208,Arizona,Female,College,4991.04,54189,62.0,0,Personal Auto,Two-Door Car,29.04
LJ21457,California,Male,College,2879.51,42247,74.0,0,Personal Auto,Two-Door Car,355.2
MV86976,California,Male,High School or Below,3482.04,0,96.0,0,Personal Auto,Four-Door Car,726.13
HS13676,California,Male,High School or Below,8216.39,0,117.0,0,Personal Auto,Four-Door Car,983.13
OX35378,Oregon,Male,Bachelor,3155.46,36706,80.0,0,Personal Auto,Four-Door Car,488.3
VL95438,Arizona,Male,College,5292.2,67899,66.0,1,Corporate Auto,Four-Door Car,316.8
YU32377,Oregon,Female,College,6553.94,0,61.0,0,Corporate Auto,Two-Door Car,365.82
QW88350,Washington,Female,College,7618.44,41900,63.0,0,Corporate Auto,Four-Door Car,170.5
TM61357,Nevada,Male,Bachelor,24610.78,72786,76.0,0,Personal Auto,Four-Door Car,363.85
CP99334,Oregon,Female,College,3142.81,60108,78.0,0,Personal Auto,Four-Door Car,507.06
AO20938,Arizona,Female,High School or Below,32021.4,31433,100.0,0,Personal Auto,SUV,635.02
OY32548,Washington,Female,College,5096.7,27940,65.0,1,Personal Auto,Two-Door Car,27.67
XE36531,California,Female,High School or Below,4889.61,51246,122.0,0,Personal Auto,SUV,817.69
SZ86381,Oregon,Male,Bachelor,5112.57,56587,65.0,1,Personal Auto,Four-Door Car,312.0
YY29772,Arizona,Female,High School or Below,2725.32,45025,69.0,1,Personal Auto,Four-Door Car,452.27
FG69718,California,Female,High School or Below,9780.85,0,132.0,0,Corporate Auto,SUV,950.4
MI81870,Arizona,Female,Bachelor,15042.58,22799,190.0,0,Corporate Auto,SUV,912.0
QH27767,Oregon,Male,Doctor,5308.29,82601,66.0,0,Personal Auto,Four-Door Car,186.39
IV54766,Oregon,Female,Master,19160.99,22705,239.0,0,Personal Auto,Luxury,1294.7
AD33653,Oregon,Male,High School or Below,3324.55,0,92.0,0,Personal Auto,Two-Door Car,441.6
HU54636,California,Female,College,3791.55,41212,95.0,0,Personal Auto,Four-Door Car,405.44
CD45044,Arizona,Female,High School or Below,7600.03,0,70.0,0,Personal Auto,Four-Door Car,504.0
CB61335,California,Female,High School or Below,6950.1,21687,88.0,0,Personal Auto,Four-Door Car,603.1
DL53457,California,Female,College,4605.04,22571,63.0,0,Personal Auto,Four-Door Car,302.4
YG68142,Oregon,Female,High School or Below,5864.38,72032,72.0,0,Personal Auto,Four-Door Car,438.15
UI24036,Washington,Female,Bachelor,15374.18,42570,128.0,0,Personal Auto,SUV,587.41
LD63324,Arizona,Male,College,3230.58,62873,81.0,0,Corporate Auto,Four-Door Car,207.75
LB29621,Oregon,Female,Bachelor,9294.55,21370,77.0,0,Corporate Auto,Four-Door Car,105.18
XB43625,Arizona,Female,Bachelor,2504.87,66081,64.0,1,Personal Auto,Four-Door Car,42.03
FI65786,Oregon,Female,Master,7081.69,93854,87.0,0,Corporate Auto,Two-Door Car,417.6
ZC61874,Arizona,Female,Doctor,9560.05,19429,122.0,0,Special Auto,SUV,683.46
QA66968,California,Female,Bachelor,6756.06,46879,86.0,2,Personal Auto,Four-Door Car,324.94
YQ98322,Oregon,Male,Bachelor,5290.67,36791,68.0,0,Personal Auto,Four-Door Car,326.4
EN27946,California,Male,High School or Below,8391.13,40211,106.0,2,Personal Auto,Two-Door Car,710.74
GT18396,Arizona,Male,College,21151.23,48642,77.0,0,Personal Auto,Four-Door Car,92.31
KL43280,California,Male,College,9264.33,69063,115.0,0,Personal Auto,Two-Door Car,552.0
DB93245,Arizona,Female,Doctor,2853.6,87455,71.0,0,Corporate Auto,Four-Door Car,329.24
SN53710,Washington,Male,High School or Below,6245.44,80101,79.0,0,Personal Auto,Four-Door Car,442.92
IB82793,California,Male,High School or Below,2129.06,0,61.0,1,Corporate Auto,Four-Door Car,292.8
CT74097,Nevada,Male,College,14789.62,51817,129.0,4,Personal Auto,SUV,712.83
HE20556,Arizona,Female,Bachelor,5324.39,31561,68.0,0,Personal Auto,Four-Door Car,326.4
RQ41621,Arizona,Female,Doctor,2862.73,64640,73.0,2,Personal Auto,Four-Door Car,327.91
TB88830,California,Female,Master,8614.69,64220,107.0,0,Personal Auto,SUV,48.78
LV94312,Oregon,Male,College,4931.5,33580,62.0,0,Corporate Auto,Four-Door Car,315.33
PT45842,Arizona,Male,College,4642.02,0,64.0,0,Personal Auto,Two-Door Car,770.25
CV49750,Arizona,Male,Bachelor,21423.64,0,65.0,0,Personal Auto,Two-Door Car,312.0
RB63074,Oregon,Male,High School or Below,4858.07,0,67.0,0,Personal Auto,Four-Door Car,482.4
XX73066,Arizona,Male,Master,5261.1,43318,66.0,0,Personal Auto,Four-Door Car,48.94
VN22337,California,Female,College,3274.04,83869,81.0,0,Personal Auto,Four-Door Car,348.19
BA19651,California,Male,High School or Below,6134.39,43875,78.0,0,Corporate Auto,Four-Door Car,289.47
UX18122,Washington,Female,Bachelor,3690.7,59016,92.0,0,Corporate Auto,Four-Door Car,441.6
HY46017,California,Female,College,2776.77,70793,69.0,0,Personal Auto,Four-Door Car,62.63
ZI95657,California,Male,Doctor,10972.07,24164,137.0,0,Personal Auto,Luxury,657.6
MK93363,Washington,Female,Master,4177.67,29133,104.0,0,Personal Auto,Luxury,499.2
UM26324,Washington,Male,High School or Below,5838.9,81082,73.0,0,Corporate Auto,Four-Door Car,281.3
ZN18884,California,Male,Bachelor,6462.22,0,65.0,0,Corporate Auto,Four-Door Car,312.0
PN18863,California,Male,College,5109.5,21277,66.0,0,Corporate Auto,Four-Door Car,316.8
BK76340,California,Male,High School or Below,8278.72,16924,226.0,0,Personal Auto,Luxury,1084.8
QZ83992,California,Male,College,8682.23,10540,115.0,0,Corporate Auto,SUV,552.0
WE23159,Oregon,Male,High School or Below,9415.9,0,133.0,0,Special Auto,Luxury,1361.99
GA86186,Oregon,Male,College,3230.58,62873,81.0,0,Special Auto,Four-Door Car,207.75
ZM24497,California,Male,High School or Below,17019.19,98623,211.0,0,Personal Auto,Luxury,1012.8
EY97047,Oregon,Male,College,2647.52,37876,69.0,0,Corporate Auto,Four-Door Car,300.06
NW14895,Arizona,Male,Bachelor,12883.12,77469,109.0,1,Personal Auto,SUV,757.17
KS42294,California,Female,College,20930.05,30535,66.0,0,Personal Auto,Four-Door Car,94.14
DQ50258,California,Male,College,4814.35,0,67.0,0,Personal Auto,Four-Door Car,482.4
XK10881,Oregon,Male,Bachelor,4836.89,39310,61.0,0,Personal Auto,Four-Door Car,93.18
LC20778,Nevada,Female,Master,18745.4,27229,99.0,0,Personal Auto,Four-Door Car,475.2
LH87004,Washington,Male,College,17367.53,41418,112.0,0,Personal Auto,SUV,537.6
SZ17657,Oregon,Female,College,9012.92,67840,112.0,0,Personal Auto,SUV,83.24
RI44399,California,Female,Bachelor,5871.61,0,80.0,0,Corporate Auto,Four-Door Car,871.06
RF73080,Oregon,Male,College,5926.73,23091,96.0,5,Personal Auto,Four-Door Car,460.8
QA69109,Arizona,Female,Master,5453.71,69468,67.0,0,Personal Auto,Four-Door Car,302.73
FK85203,California,Male,High School or Below,9106.87,74143,114.0,0,Personal Auto,SUV,547.2
ET44462,Arizona,Male,High School or Below,5013.14,65165,126.0,1,Personal Auto,SUV,604.8
SK27185,California,Female,College,6672.06,50537,165.0,0,Personal Auto,SUV,60.01
JW87443,Oregon,Female,College,6521.37,72608,82.0,3,Personal Auto,Four-Door Car,393.6
OM37610,Nevada,Female,High School or Below,13024.22,26312,110.0,1,Personal Auto,Four-Door Car,565.84
TJ58873,Oregon,Male,High School or Below,2748.8,56900,68.0,0,Personal Auto,Four-Door Car,304.12
WE97690,Oregon,Female,Bachelor,2803.6,60707,70.0,0,Corporate Auto,Four-Door Car,327.06
HH99354,Oregon,Male,Bachelor,7231.0,67276,61.0,0,Personal Auto,Two-Door Car,181.8
UN90060,Oregon,Female,High School or Below,8329.29,30865,104.0,0,Personal Auto,SUV,21.26
BR76202,California,Female,Master,4626.8,79487,114.0,0,Personal Auto,SUV,547.2
MO48960,California,Female,Doctor,6265.34,0,84.0,1,Personal Auto,Four-Door Car,481.03
QG50480,Oregon,Male,College,4504.16,0,62.0,0,Personal Auto,Two-Door Car,135.85
RE73564,Oregon,Female,Bachelor,11533.48,41098,96.0,0,Personal Auto,Two-Door Car,250.06
EN32990,Arizona,Female,College,5350.0,89158,67.0,0,Personal Auto,Four-Door Car,272.2
OO97388,Oregon,Female,Master,2855.69,99612,70.0,0,Personal Auto,Two-Door Car,336.0
JN66901,Nevada,Male,High School or Below,6601.61,0,194.0,0,Corporate Auto,Luxury,2306.51
UI64573,Oregon,Female,High School or Below,3470.18,94885,86.0,3,Personal Auto,Four-Door Car,170.53
HJ64867,Arizona,Female,College,5895.11,78352,74.0,0,Personal Auto,Two-Door Car,152.37
MT35297,Oregon,Female,High School or Below,5065.94,43460,63.0,0,Personal Auto,Four-Door Car,302.4
VB69838,Oregon,Female,High School or Below,41787.9,46587,119.0,2,Personal Auto,Four-Door Car,571.2
JR34589,Nevada,Female,High School or Below,4882.29,21236,123.0,0,Personal Auto,SUV,131.26
EI85578,California,Female,Bachelor,3837.62,0,106.0,0,Personal Auto,SUV,117.23
DH85144,Oregon,Male,College,2154.07,0,65.0,0,Personal Auto,Four-Door Car,312.0
HC31007,California,Male,High School or Below,5049.12,0,68.0,0,Personal Auto,Four-Door Car,457.17
MT58123,California,Male,College,13869.93,28432,118.0,0,Corporate Auto,SUV,612.3
GQ78238,Oregon,Male,High School or Below,5213.37,65167,131.0,0,Personal Auto,SUV,628.8
UO44449,Washington,Female,College,4911.12,33700,62.0,0,Corporate Auto,Four-Door Car,274.11
VK98618,Arizona,Female,College,7751.86,0,105.0,0,Personal Auto,SUV,756.0
BG30513,California,Female,College,25464.82,13663,97.0,0,Personal Auto,Four-Door Car,465.6
KD20203,Oregon,Male,College,9472.96,0,131.0,0,Corporate Auto,SUV,628.8
HR26088,Arizona,Female,College,5926.96,0,84.0,2,Personal Auto,Four-Door Car,403.2
XD72019,Oregon,Female,Bachelor,8470.04,0,82.0,0,Personal Auto,Four-Door Car,479.31
XD82117,Arizona,Female,College,8675.99,65933,108.0,0,Personal Auto,SUV,379.95
CT47738,Oregon,Female,College,18205.67,0,128.0,0,Corporate Auto,Luxury,614.4
NY30370,Washington,Male,High School or Below,2618.33,28663,66.0,0,Corporate Auto,Two-Door Car,430.6
EH69733,Arizona,Male,Bachelor,3349.64,78092,84.0,0,Corporate Auto,Four-Door Car,344.02
QV89210,Nevada,Female,High School or Below,5979.72,57693,76.0,0,Corporate Auto,Four-Door Car,547.2
QK90365,Oregon,Female,Master,16301.97,19614,85.0,0,Personal Auto,Two-Door Car,574.02
UR67446,California,Female,High School or Below,7882.99,23235,99.0,0,Personal Auto,Four-Door Car,587.66
FJ76376,California,Male,Bachelor,7748.81,79528,64.0,0,Personal Auto,Two-Door Car,175.43
ZI85739,California,Female,Master,15860.04,0,136.0,0,Personal Auto,SUV,46.1
AM72411,Oregon,Male,High School or Below,2279.7,23253,61.0,0,Personal Auto,Two-Door Car,292.8
IC77855,California,Male,College,15272.8,40571,100.0,2,Personal Auto,SUV,361.79
ZM70632,California,Female,Bachelor,5498.75,60668,138.0,0,Personal Auto,SUV,553.7
JM59803,California,Male,Doctor,5743.4,61776,73.0,3,Personal Auto,Two-Door Car,343.28
KG84303,California,Male,Master,3942.92,38820,99.0,0,Personal Auto,Four-Door Car,547.62
OJ37666,California,Female,Bachelor,2503.6,47285,63.0,0,Personal Auto,Four-Door Car,302.4
VV49688,Oregon,Male,High School or Below,4558.59,0,62.0,0,Corporate Auto,Four-Door Car,446.4
KH55886,Oregon,Male,Bachelor,67907.27,78310,192.0,1,Personal Auto,Luxury,151.71
QZ70160,Nevada,Female,College,2396.67,26222,62.0,0,Personal Auto,Four-Door Car,297.6
FU51754,Arizona,Male,High School or Below,5568.95,0,79.0,1,Personal Auto,Two-Door Car,407.44
KY48450,Oregon,Female,College,7334.52,83926,181.0,0,Personal Auto,Luxury,124.45
ZG18090,California,Male,Master,7150.11,24124,91.0,0,Corporate Auto,Four-Door Car,436.8
UI99151,Nevada,Male,High School or Below,12023.75,28879,106.0,0,Personal Auto,Luxury,763.2
VB59276,Oregon,Male,Bachelor,4018.88,0,112.0,0,Corporate Auto,SUV,544.25
CJ64468,Oregon,Female,College,4770.55,12964,65.0,0,Personal Auto,Two-Door Car,362.77
GM61951,Nevada,Female,High School or Below,29297.33,0,115.0,0,Personal Auto,SUV,1251.04
BO15959,Washington,Female,College,27929.96,88105,86.0,0,Personal Auto,Four-Door Car,412.8
ZK50586,Oregon,Female,College,2899.92,66524,74.0,4,Personal Auto,Two-Door Car,238.52
DM22923,Oregon,Male,Bachelor,2331.33,27398,68.0,1,Personal Auto,Four-Door Car,326.4
DQ58142,Arizona,Male,High School or Below,8561.56,37759,108.0,0,Corporate Auto,SUV,518.4
YW47108,California,Male,College,11280.73,45743,96.0,0,Personal Auto,Four-Door Car,673.78
DS62172,Oregon,Female,Bachelor,2764.02,54183,70.0,0,Personal Auto,Four-Door Car,336.0
VL58402,Washington,Male,College,2580.85,46900,66.0,0,Personal Auto,Four-Door Car,316.8
YV82597,Nevada,Female,Doctor,10856.01,59803,90.0,0,Corporate Auto,Two-Door Car,22.76
FN33339,Oregon,Female,High School or Below,4150.84,53787,104.0,0,Corporate Auto,Four-Door Car,666.09
UZ97486,California,Male,Bachelor,16979.8,35095,73.0,0,Corporate Auto,Two-Door Car,525.6
LL92275,California,Female,College,5028.74,0,67.0,0,Personal Auto,Four-Door Car,216.2
FB95288,California,Male,High School or Below,64618.76,0,217.0,1,Personal Auto,Luxury,1562.4
NB30472,Arizona,Female,College,41103.24,30845,116.0,1,Personal Auto,Four-Door Car,556.8
RX66745,Washington,Male,Bachelor,22658.54,23665,67.0,0,Corporate Auto,Four-Door Car,404.82
II97469,California,Male,High School or Below,7013.44,92107,88.0,0,Personal Auto,Four-Door Car,16.37
VF17463,Oregon,Male,College,8658.86,62464,109.0,0,Personal Auto,Luxury,400.18
GW77328,Oregon,Male,Doctor,5214.34,69991,65.0,0,Personal Auto,Four-Door Car,4.62
CF44171,California,Female,Bachelor,4334.06,23904,123.0,3,Personal Auto,SUV,590.4
ZN65873,California,Female,High School or Below,3731.5,0,96.0,0,Corporate Auto,Four-Door Car,460.8
EO75698,Oregon,Female,Bachelor,22242.52,83894,110.0,0,Personal Auto,Four-Door Car,82.02
GB94407,California,Male,College,12280.77,88340,102.0,0,Corporate Auto,Two-Door Car,489.6
KM63956,California,Male,Master,13024.13,0,125.0,0,Corporate Auto,SUV,900.0
LM79795,Oregon,Male,High School or Below,7488.79,39602,64.0,0,Personal Auto,Two-Door Car,307.2
XT35473,Arizona,Male,Bachelor,2300.69,25905,63.0,0,Personal Auto,Four-Door Car,302.4
LO90163,Nevada,Female,Bachelor,30081.37,24626,108.0,0,Personal Auto,SUV,225.97
LU65596,California,Female,College,3745.37,59732,94.0,0,Corporate Auto,Four-Door Car,135.63
SV94314,Arizona,Male,Bachelor,13246.57,36898,169.0,1,Personal Auto,SUV,811.2
RW86245,Arizona,Male,High School or Below,5008.28,92864,123.0,0,Personal Auto,SUV,96.34
JG41490,Arizona,Female,Bachelor,2396.22,0,66.0,2,Corporate Auto,Four-Door Car,433.16
FO63400,California,Female,College,5146.9,93752,64.0,0,Corporate Auto,Four-Door Car,154.71
FE84109,Washington,Male,Bachelor,6540.2,21156,89.0,0,Personal Auto,Two-Door Car,111.84
KG21285,Arizona,Male,College,7159.81,67206,90.0,0,Personal Auto,Four-Door Car,76.29
TQ33359,California,Male,High School or Below,6087.3,85654,76.0,0,Personal Auto,Four-Door Car,46.2
ZG59671,Oregon,Male,College,9772.74,59325,83.0,0,Personal Auto,Four-Door Car,81.6
AY19539,California,Male,College,6005.85,13528,86.0,0,Personal Auto,Four-Door Car,412.8
KU23440,Oregon,Female,Master,6811.58,0,63.0,1,Personal Auto,Four-Door Car,302.4
IJ83011,California,Male,College,16350.13,0,165.0,1,Corporate Auto,SUV,1452.21
KE35335,Washington,Female,College,3580.26,75333,90.0,1,Personal Auto,Four-Door Car,289.24
FE90301,Nevada,Female,Bachelor,5821.13,61108,72.0,0,Personal Auto,Four-Door Car,23.77
CK35310,Nevada,Female,High School or Below,2839.57,27083,73.0,1,Personal Auto,Four-Door Car,525.6
XU97999,California,Male,High School or Below,10097.2,68997,63.0,0,Personal Auto,Four-Door Car,206.93
RF73329,California,Female,High School or Below,2674.23,33451,67.0,0,Personal Auto,Four-Door Car,337.22
WO12850,Nevada,Female,Bachelor,4515.45,21500,115.0,0,Corporate Auto,Four-Door Car,39.29
AB26022,Oregon,Male,High School or Below,7998.35,26487,112.0,0,Corporate Auto,SUV,602.43
HL91178,California,Male,High School or Below,2809.77,74713,70.0,0,Personal Auto,Four-Door Car,336.0
HS77089,Washington,Male,Bachelor,4748.79,0,70.0,0,Personal Auto,Four-Door Car,504.0
WK18603,California,Male,Doctor,5272.52,85607,66.0,0,Personal Auto,Four-Door Car,67.65
XS44101,California,Female,Bachelor,6712.29,44891,83.0,0,Personal Auto,Four-Door Car,74.8
RE93978,Washington,Male,College,8188.98,89061,103.0,0,Personal Auto,SUV,565.27
WX19595,Arizona,Male,High School or Below,14429.89,0,198.0,0,Personal Auto,Luxury,962.16
EA55071,Arizona,Female,Bachelor,4376.36,63774,111.0,0,Personal Auto,Four-Door Car,60.04
HH45183,Oregon,Male,High School or Below,3713.8,93308,92.0,0,Personal Auto,Four-Door Car,441.6
NL75739,Arizona,Male,High School or Below,7590.05,10375,66.0,0,Personal Auto,Two-Door Car,316.8
XE96798,Oregon,Male,Master,2795.74,85950,69.0,0,Personal Auto,Four-Door Car,47.71
UU12600,Nevada,Female,Bachelor,8640.75,33402,109.0,0,Personal Auto,SUV,71.05
NL39999,Washington,Male,High School or Below,2624.9,18129,71.0,0,Personal Auto,Two-Door Car,340.8
ZN45349,Oregon,Male,College,4815.02,0,66.0,0,Personal Auto,Two-Door Car,711.8
EV34073,California,Female,College,4460.42,0,65.0,1,Corporate Auto,Four-Door Car,312.0
HM94328,Arizona,Male,College,6047.03,20396,76.0,1,Corporate Auto,Four-Door Car,364.8
QX64770,Oregon,Female,Master,8221.87,13376,108.0,0,Personal Auto,Four-Door Car,774.71
IN95983,California,Female,College,6798.27,32517,94.0,3,Special Auto,Four-Door Car,451.2
AD89594,California,Male,College,12817.41,28651,67.0,0,Personal Auto,Four-Door Car,302.27
SQ37580,Arizona,Female,Bachelor,5219.89,64964,66.0,0,Personal Auto,Four-Door Car,286.97
IN64985,Nevada,Female,College,6140.24,34112,77.0,0,Personal Auto,Four-Door Car,369.6
UL96474,Arizona,Female,College,3756.64,0,108.0,3,Personal Auto,SUV,718.38
IG89777,California,Male,High School or Below,7356.56,81145,92.0,0,Corporate Auto,Two-Door Car,321.06
YJ14330,California,Female,Master,32725.3,39894,134.0,0,Corporate Auto,SUV,411.08
NK20941,California,Male,High School or Below,7057.46,52447,90.0,0,Personal Auto,Four-Door Car,61.59
XQ28930,California,Male,College,11005.02,0,69.0,2,Personal Auto,Four-Door Car,496.8
LY73893,California,Male,College,5563.77,35398,71.0,0,Personal Auto,Four-Door Car,340.8
II20035,Oregon,Female,High School or Below,7451.48,26239,65.0,0,Personal Auto,Four-Door Car,312.0
OH69760,Arizona,Female,College,5181.05,0,70.0,0,Personal Auto,Four-Door Car,336.0
WN45973,Washington,Male,Master,12584.01,83013,103.0,0,Corporate Auto,SUV,155.13
UT21323,California,Male,College,13057.01,0,190.0,0,Personal Auto,Luxury,1833.18
GM46746,Arizona,Female,High School or Below,17776.82,86205,223.0,0,Personal Auto,Luxury,1070.4
GZ64473,Nevada,Male,College,2757.38,50414,69.0,0,Personal Auto,Four-Door Car,331.2
FE93959,California,Male,Doctor,7535.43,37496,65.0,0,Corporate Auto,Two-Door Car,312.0
YC33550,Oregon,Female,High School or Below,2826.8,24224,71.0,0,Corporate Auto,Two-Door Car,511.2
MT91532,California,Male,Bachelor,7326.54,62338,92.0,0,Corporate Auto,Four-Door Car,4.22
XE65072,Oregon,Male,College,6633.14,63483,83.0,0,Personal Auto,Four-Door Car,85.07
AT72574,Arizona,Male,High School or Below,2485.89,0,70.0,0,Personal Auto,Two-Door Car,504.0
FP10040,Oregon,Male,High School or Below,8598.19,38113,73.0,0,Personal Auto,Four-Door Car,203.64
AQ51159,Arizona,Female,High School or Below,8586.8,38676,72.0,0,Personal Auto,Four-Door Car,146.12
HB21182,Arizona,Female,Master,2417.78,20200,65.0,3,Personal Auto,Two-Door Car,312.0
SM17747,Arizona,Male,College,2693.66,29038,69.0,0,Personal Auto,Four-Door Car,56.35
YA87855,Arizona,Male,Master,7179.23,23179,91.0,0,Corporate Auto,Two-Door Car,436.8
MR52230,Oregon,Male,Doctor,10629.34,56598,88.0,0,Personal Auto,Four-Door Car,92.97
FR54989,Arizona,Male,College,2710.92,0,76.0,0,Corporate Auto,Two-Door Car,547.2
RW82766,Oregon,Female,Bachelor,7724.05,46988,195.0,0,Corporate Auto,Luxury,294.76
IX60941,Oregon,Male,College,3508.57,20978,98.0,1,Personal Auto,Four-Door Car,1176.28
GQ26671,California,Female,High School or Below,2241.11,0,63.0,0,Personal Auto,Two-Door Car,453.6
UH89141,Oregon,Female,High School or Below,33279.77,59130,117.0,0,Corporate Auto,Luxury,436.53
WO30947,Washington,Male,Bachelor,5348.3,31572,70.0,3,Personal Auto,Four-Door Car,292.43
ZN86559,California,Female,Bachelor,5251.15,0,72.0,0,Personal Auto,Four-Door Car,345.6
NZ73268,California,Male,Bachelor,4686.81,32646,119.0,0,Corporate Auto,Four-Door Car,465.0
YD80815,Arizona,Female,Bachelor,7148.33,51791,181.0,1,Personal Auto,Luxury,422.96
BE54454,Washington,Male,High School or Below,5028.58,70828,62.0,0,Personal Auto,Four-Door Car,297.6
JB76199,Oregon,Female,College,2415.42,40903,61.0,0,Corporate Auto,Four-Door Car,409.89
PN68458,California,Female,High School or Below,7545.55,0,106.0,1,Corporate Auto,SUV,631.11
IM55696,California,Female,High School or Below,5264.43,24031,66.0,0,Personal Auto,Four-Door Car,316.8
UD99395,Oregon,Male,High School or Below,4474.48,84927,112.0,0,Personal Auto,SUV,537.6
PA90653,Oregon,Female,Bachelor,21578.86,0,72.0,0,Corporate Auto,Two-Door Car,510.98
WE64939,California,Female,College,2902.62,23893,73.0,0,Personal Auto,Four-Door Car,186.29
KC67652,Arizona,Male,Doctor,10876.48,71255,138.0,0,Personal Auto,Luxury,138.63
FQ33633,Nevada,Female,College,4413.29,37697,112.0,0,Personal Auto,SUV,38.4
QS23134,Arizona,Male,College,12504.49,33746,106.0,0,Personal Auto,Two-Door Car,508.8
EZ70589,Washington,Female,College,7462.93,70263,93.0,0,Personal Auto,Two-Door Car,7.35
KT91115,Oregon,Male,Bachelor,4690.79,43367,118.0,0,Personal Auto,Four-Door Car,1026.74
RS66246,California,Female,High School or Below,2943.05,0,81.0,0,Personal Auto,Two-Door Car,388.8
YX72707,Oregon,Female,Doctor,5003.34,0,66.0,1,Personal Auto,Four-Door Car,445.2
LJ79533,Nevada,Female,High School or Below,13466.92,11432,119.0,0,Special Auto,SUV,571.2
JQ95021,California,Male,College,3386.19,67249,86.0,0,Special Auto,Four-Door Car,33.89
ET88948,California,Female,Bachelor,5503.44,76839,68.0,0,Personal Auto,Four-Door Car,326.4
GW43195,Oregon,Female,College,25807.06,71210,214.0,1,Personal Auto,Luxury,1027.2
MQ54182,California,Female,Bachelor,4739.35,49447,119.0,2,Personal Auto,Four-Door Car,762.01
WM39308,Nevada,Female,High School or Below,15777.89,98713,65.0,0,Personal Auto,Two-Door Car,289.89
DK20428,Oregon,Male,Bachelor,2619.87,26094,67.0,0,Personal Auto,Two-Door Car,2.03
IZ67803,California,Male,Master,15445.66,26990,65.0,1,Personal Auto,Four-Door Car,297.86
VW65351,Washington,Female,College,3355.53,46644,84.0,0,Personal Auto,Four-Door Car,150.69
SY36127,California,Female,Master,2874.09,33462,72.0,0,Personal Auto,Four-Door Car,112.43
LA20890,Oregon,Female,Bachelor,2846.65,66880,71.0,0,Personal Auto,Four-Door Car,340.8
EP48362,Arizona,Male,Bachelor,23813.52,88680,66.0,0,Personal Auto,Four-Door Car,201.76
BI46495,Oregon,Male,High School or Below,5313.47,0,79.0,0,Corporate Auto,Two-Door Car,568.8
ON91363,Washington,Male,College,3730.14,75132,93.0,2,Personal Auto,Four-Door Car,446.4
TG95261,California,Female,Master,9031.21,0,122.0,0,Personal Auto,Luxury,650.52
EE59791,California,Female,High School or Below,5931.28,56617,74.0,0,Personal Auto,Four-Door Car,355.2
IV84135,California,Female,College,9429.08,75638,83.0,4,Personal Auto,Four-Door Car,108.7
TE11374,California,Female,Bachelor,7613.05,24982,109.0,4,Personal Auto,SUV,523.2
GH12466,Washington,Female,High School or Below,3313.01,40348,83.0,0,Personal Auto,Four-Door Car,26.31
PC43437,Arizona,Female,College,7317.01,24083,63.0,1,Personal Auto,Four-Door Car,340.45
PW98890,Oregon,Female,Bachelor,2665.74,81538,66.0,0,Personal Auto,Four-Door Car,272.84
BQ94892,Oregon,Male,College,3230.58,62873,81.0,0,Personal Auto,Four-Door Car,207.75
LA33814,Oregon,Male,High School or Below,17367.27,66245,145.0,0,Personal Auto,SUV,181.5
WM87004,Oregon,Male,Bachelor,10595.81,0,102.0,0,Personal Auto,SUV,734.4
OL28902,California,Male,College,5999.38,26303,165.0,0,Personal Auto,SUV,956.59
VW88885,California,Female,Bachelor,17006.0,58620,71.0,0,Corporate Auto,Four-Door Car,340.8
OQ51004,California,Male,Bachelor,3954.34,18375,103.0,0,Personal Auto,Luxury,535.08
GJ88864,Nevada,Female,College,3589.37,30944,92.0,0,Personal Auto,Four-Door Car,348.22
AF69537,Arizona,Male,College,7329.78,59630,185.0,0,Personal Auto,SUV,888.0
TX11163,Nevada,Female,Bachelor,7380.57,53957,184.0,0,Corporate Auto,Luxury,61.55
FG43850,Oregon,Male,High School or Below,7472.67,44385,97.0,0,Corporate Auto,Four-Door Car,465.6
WY37677,Oregon,Male,High School or Below,8500.12,0,119.0,0,Personal Auto,Luxury,856.8
WY80801,California,Female,High School or Below,19357.8,25561,163.0,0,Corporate Auto,SUV,983.37
GZ90429,California,Male,High School or Below,5846.11,85956,145.0,0,Corporate Auto,SUV,510.38
SX89429,Arizona,Female,High School or Below,2231.79,0,61.0,1,Personal Auto,Four-Door Car,311.4
FW35631,Oregon,Male,Bachelor,4864.53,37406,122.0,1,Corporate Auto,SUV,1134.96
HM20848,California,Female,High School or Below,4594.29,39053,114.0,0,Personal Auto,Luxury,547.2
FO49408,Oregon,Male,High School or Below,3044.0,24475,84.0,3,Personal Auto,Four-Door Car,604.8
LL95376,Washington,Male,Bachelor,2759.98,92296,69.0,0,Personal Auto,Two-Door Car,331.2
UK49045,Oregon,Male,High School or Below,11064.29,29484,93.0,0,Personal Auto,Two-Door Car,446.4
JA24437,California,Male,College,7555.83,0,114.0,0,Personal Auto,Four-Door Car,820.8
TU77462,Oregon,Male,College,7469.56,48088,94.0,0,Personal Auto,Two-Door Car,134.83
DA26490,California,Male,Bachelor,4920.49,21366,63.0,0,Personal Auto,Two-Door Car,302.4
JC37131,Arizona,Male,High School or Below,12298.69,17101,113.0,0,Special Auto,SUV,542.4
YZ77792,Washington,Female,High School or Below,4630.36,0,64.0,0,Personal Auto,Four-Door Car,460.8
AH53588,California,Male,College,4636.55,26802,66.0,1,Personal Auto,Two-Door Car,316.8
QV89018,Arizona,Male,High School or Below,20467.72,89025,64.0,0,Personal Auto,Four-Door Car,179.25
SY95534,California,Male,Bachelor,3792.83,0,104.0,0,Personal Auto,SUV,748.8
YT37186,California,Female,Bachelor,17526.18,52228,220.0,1,Personal Auto,Luxury,1056.0
DY81347,California,Female,High School or Below,4715.47,0,126.0,0,Personal Auto,SUV,694.36
VH45074,California,Male,College,2288.76,0,63.0,0,Personal Auto,Four-Door Car,344.29
BF45697,California,Male,College,5670.13,83086,71.0,3,Personal Auto,Four-Door Car,320.49
RY27018,Washington,Male,High School or Below,7228.99,53214,91.0,0,Personal Auto,Four-Door Car,436.8
YJ16163,Oregon,Female,Bachelor,11009.13,51643,283.0,0,Special Auto,Luxury,1358.4
QM61543,Arizona,Male,High School or Below,5639.94,73168,70.0,0,Corporate Auto,Four-Door Car,425.8
IU83998,Washington,Female,Bachelor,11196.46,0,298.0,0,Personal Auto,Luxury,2145.6
NE29938,California,Female,College,12840.43,0,90.0,0,Personal Auto,Two-Door Car,648.0
VQ57815,Oregon,Male,Doctor,8828.38,61246,110.0,0,Personal Auto,Luxury,159.24
FF93355,Washington,Male,High School or Below,13268.79,32762,112.0,0,Corporate Auto,Four-Door Car,326.93
MG12206,California,Male,College,3728.87,0,69.0,5,Personal Auto,Two-Door Car,496.8
NE55975,Nevada,Female,High School or Below,4983.11,0,133.0,0,Personal Auto,Luxury,957.6
BX70848,Washington,Male,College,13727.8,0,126.0,0,Personal Auto,SUV,604.8
NJ88229,California,Female,College,8343.75,64127,71.0,0,Personal Auto,Four-Door Car,72.86
QW31435,Oregon,Male,High School or Below,7191.83,0,67.0,0,Personal Auto,Two-Door Car,308.55
DJ22229,Washington,Female,Bachelor,13759.15,16794,96.0,0,Personal Auto,Four-Door Car,460.8
MB12747,Nevada,Male,Bachelor,9788.71,31930,83.0,0,Personal Auto,Four-Door Car,37.7
XQ50187,Oregon,Male,Master,3360.44,74918,85.0,0,Special Auto,Two-Door Car,314.25
WU62992,Oregon,Male,Bachelor,4887.79,70742,124.0,1,Personal Auto,SUV,211.68
CE11667,Oregon,Male,College,7582.11,64801,64.0,0,Corporate Auto,Four-Door Car,268.47
BP53979,California,Female,Bachelor,2516.21,48829,64.0,1,Personal Auto,Four-Door Car,300.31
DM59806,California,Female,Doctor,3571.35,73853,89.0,0,Personal Auto,Four-Door Car,427.2
LJ88616,Arizona,Male,High School or Below,9868.6,0,99.0,0,Personal Auto,Four-Door Car,712.8
TC82133,Oregon,Male,Bachelor,5375.82,66844,70.0,4,Personal Auto,Four-Door Car,104.98
NW65065,California,Female,High School or Below,4254.62,11904,61.0,2,Corporate Auto,Two-Door Car,292.8
LS17120,California,Male,Bachelor,3061.05,56869,83.0,3,Personal Auto,Four-Door Car,269.41
ZN96843,Arizona,Male,Bachelor,2414.77,0,67.0,0,Personal Auto,Two-Door Car,482.4
HZ98935,Washington,Female,Bachelor,4526.53,0,68.0,1,Personal Auto,Four-Door Car,326.4
WG51330,Arizona,Male,College,5635.29,59325,71.0,0,Corporate Auto,Four-Door Car,229.69
DS58268,Arizona,Female,High School or Below,8254.7,0,115.0,0,Corporate Auto,Luxury,552.0
SN27401,Washington,Male,High School or Below,7320.07,0,112.0,1,Personal Auto,Two-Door Car,806.4
AI74959,California,Male,High School or Below,3933.81,25927,103.0,0,Personal Auto,SUV,674.97
RC16862,Arizona,Male,College,2433.09,0,71.0,0,Corporate Auto,Four-Door Car,493.06
YP19985,California,Male,Bachelor,5706.96,83073,71.0,0,Corporate Auto,Two-Door Car,10.42
SY29553,Oregon,Female,High School or Below,2585.44,0,73.0,2,Personal Auto,Four-Door Car,350.4
EM78211,Oregon,Female,College,2659.71,0,87.0,3,Special Auto,Four-Door Car,420.04
JL70559,Arizona,Female,College,5310.86,0,72.0,1,Personal Auto,Four-Door Car,345.6
IS95117,Arizona,Female,College,5874.82,35301,74.0,0,Personal Auto,Four-Door Car,128.64
YU66872,California,Female,College,8579.89,21829,111.0,0,Personal Auto,Luxury,532.8
WK62379,Washington,Female,Bachelor,8903.97,15142,116.0,0,Personal Auto,Two-Door Car,792.61
WR85740,Arizona,Female,Doctor,8149.77,0,71.0,0,Corporate Auto,Two-Door Car,340.8
YY58769,Arizona,Male,Bachelor,2570.16,58498,67.0,3,Personal Auto,Four-Door Car,321.6
YK83904,Nevada,Female,High School or Below,2585.56,64592,64.0,0,Personal Auto,Four-Door Car,307.2
IE36279,California,Male,Bachelor,2844.85,80306,71.0,0,Corporate Auto,Two-Door Car,340.8
FT61724,California,Female,Bachelor,4633.55,29105,117.0,0,Personal Auto,Luxury,272.61
YV63603,Arizona,Female,Bachelor,6678.9,47137,84.0,0,Personal Auto,Four-Door Car,161.64
PT52001,Nevada,Female,College,2222.87,0,62.0,0,Corporate Auto,Two-Door Car,446.4
FM83188,Washington,Female,Doctor,8522.76,0,109.0,0,Corporate Auto,SUV,723.79
RN96985,Oregon,Female,High School or Below,25082.18,0,100.0,0,Personal Auto,SUV,1000.85
OA59724,Washington,Female,College,3479.26,66711,86.0,0,Corporate Auto,Two-Door Car,366.38
LY83340,Oregon,Female,High School or Below,7851.58,48943,65.0,0,Corporate Auto,Two-Door Car,105.07
AX99820,Arizona,Female,Bachelor,2509.51,0,71.0,0,Personal Auto,Four-Door Car,511.2
MH13358,Oregon,Female,High School or Below,2854.27,34807,73.0,0,Personal Auto,Two-Door Car,472.04
UQ51981,Oregon,Female,High School or Below,8879.79,52583,113.0,0,Personal Auto,SUV,528.2
JQ60102,California,Male,Master,8392.62,0,111.0,0,Corporate Auto,Luxury,617.4
CB52667,Washington,Female,High School or Below,5279.48,92589,65.0,0,Personal Auto,Four-Door Car,312.0
YP29527,Oregon,Male,College,8272.33,96689,103.0,0,Personal Auto,Luxury,37.8
GW89349,Nevada,Male,High School or Below,7662.43,0,73.0,0,Corporate Auto,Four-Door Car,525.6
ZD72991,California,Male,Doctor,4899.98,76594,122.0,1,Personal Auto,SUV,832.45
CS51928,Arizona,Male,Bachelor,4508.86,83777,112.0,0,Personal Auto,Luxury,377.35
IJ18945,Washington,Female,College,3094.32,20954,78.0,0,Special Auto,Four-Door Car,534.5
EF21564,Nevada,Male,Master,4383.15,84491,110.0,0,Personal Auto,SUV,156.28
AY35539,Oregon,Female,Bachelor,2530.71,89451,63.0,0,Personal Auto,Four-Door Car,61.77
XJ96507,Arizona,Female,High School or Below,8291.66,85132,106.0,5,Personal Auto,SUV,501.13
ZG95780,Arizona,Male,College,8164.31,11193,114.0,0,Personal Auto,SUV,820.8
GI55977,Oregon,Female,High School or Below,2337.35,28806,61.0,0,Personal Auto,Four-Door Car,292.8
BV63942,Washington,Male,High School or Below,9002.41,76184,111.0,0,Corporate Auto,Two-Door Car,532.8
PF81183,California,Male,College,5389.5,66429,136.0,0,Corporate Auto,Luxury,57.71
HV16877,California,Female,High School or Below,2721.59,43278,68.0,0,Personal Auto,Four-Door Car,326.4
XO92596,California,Male,College,6005.85,13528,86.0,0,Personal Auto,Four-Door Car,412.8
IQ73438,California,Male,Bachelor,5555.83,74015,72.0,0,Personal Auto,Four-Door Car,471.44
FY74419,Nevada,Female,Bachelor,5470.06,54507,138.0,0,Personal Auto,SUV,702.99
JQ30166,Oregon,Female,Master,15610.9,0,119.0,5,Personal Auto,Four-Door Car,439.35
WC22220,Arizona,Male,College,2616.61,72302,66.0,0,Corporate Auto,Two-Door Car,316.8
OT66924,Oregon,Female,Bachelor,4681.53,14606,72.0,5,Personal Auto,Four-Door Car,439.77
UC21019,Arizona,Male,Master,4890.11,0,68.0,0,Personal Auto,Four-Door Car,689.28
YW88487,Arizona,Female,College,7457.34,43406,187.0,0,Personal Auto,Luxury,897.6
CA45756,Arizona,Female,Master,22185.88,60426,62.0,0,Corporate Auto,Two-Door Car,133.28
JY42899,California,Male,Bachelor,5305.09,26334,71.0,0,Personal Auto,Two-Door Car,340.8
KM72781,Washington,Female,College,9470.62,22514,80.0,0,Personal Auto,Four-Door Car,203.47
DV62119,Arizona,Female,Doctor,3548.15,76114,88.0,0,Personal Auto,Four-Door Car,422.4
DO12179,Oregon,Male,Bachelor,2451.54,48791,62.0,3,Personal Auto,Two-Door Car,69.79
ER20865,California,Male,Bachelor,8652.65,65605,111.0,2,Corporate Auto,Two-Door Car,377.78
YQ95507,Oregon,Female,High School or Below,2535.22,69259,63.0,0,Personal Auto,Four-Door Car,362.52
VW65691,Oregon,Female,High School or Below,4314.07,0,64.0,1,Personal Auto,Four-Door Car,460.8
LL55780,Oregon,Female,High School or Below,6731.05,0,62.0,0,Corporate Auto,Four-Door Car,446.4
WK29536,Oregon,Female,Bachelor,7779.59,90969,65.0,0,Personal Auto,Four-Door Car,190.75
UX87980,Nevada,Male,College,2805.29,50180,77.0,3,Personal Auto,Four-Door Car,360.5
TJ68521,Washington,Male,Master,5251.97,41991,67.0,0,Personal Auto,Four-Door Car,88.38
RJ57593,Arizona,Male,Bachelor,8044.87,71391,67.0,0,Personal Auto,Four-Door Car,284.0
YI83073,California,Female,High School or Below,4250.28,0,61.0,1,Personal Auto,Four-Door Car,292.8
QQ18636,Arizona,Female,College,13891.68,70725,70.0,0,Corporate Auto,Four-Door Car,336.0
JV23769,Oregon,Female,Master,2725.36,36650,69.0,1,Personal Auto,Four-Door Car,56.6
PA19547,Washington,Male,High School or Below,4779.89,54194,119.0,1,Personal Auto,SUV,112.27
IH91478,Oregon,Female,Bachelor,4808.96,23554,61.0,0,Personal Auto,Two-Door Car,142.46
OR78439,Arizona,Male,College,8658.86,62464,109.0,0,Corporate Auto,Luxury,400.18
CW15758,Oregon,Female,College,9215.54,71888,115.0,0,Personal Auto,SUV,552.0
RY26286,California,Male,College,5068.43,80846,65.0,0,Corporate Auto,Four-Door Car,227.18
YP71513,Oregon,Male,College,4879.71,0,67.0,0,Personal Auto,Four-Door Car,321.6
CJ51511,Arizona,Female,High School or Below,13466.92,11432,119.0,0,Corporate Auto,SUV,571.2
GQ11852,Oregon,Female,College,13306.18,39017,170.0,2,Personal Auto,SUV,592.86
TC29250,California,Male,Bachelor,7350.18,0,108.0,0,Personal Auto,Luxury,777.6
HX63408,Arizona,Male,Bachelor,4822.44,73769,61.0,0,Corporate Auto,Four-Door Car,121.65
LJ15849,Arizona,Female,Master,3554.85,58557,88.0,0,Personal Auto,Four-Door Car,55.51
NC40609,Nevada,Male,College,3135.58,0,91.0,0,Corporate Auto,Four-Door Car,707.26
JZ23377,Oregon,Female,College,57520.5,48367,161.0,0,Personal Auto,SUV,772.8
TB17648,Arizona,Male,College,2515.41,39718,65.0,2,Personal Auto,Four-Door Car,366.53
OP68330,Oregon,Female,College,7247.5,0,96.0,1,Personal Auto,Four-Door Car,460.8
GO53814,Oregon,Female,High School or Below,4878.95,43358,61.0,0,Corporate Auto,Two-Door Car,400.29
VW11431,California,Female,Bachelor,2971.92,83873,76.0,1,Personal Auto,Two-Door Car,218.37
FG96614,California,Female,Doctor,11302.6,22361,95.0,0,Personal Auto,Four-Door Car,530.67
KQ98040,California,Female,Bachelor,7996.6,70061,99.0,0,Corporate Auto,Four-Door Car,699.52
DP23630,California,Male,High School or Below,7411.81,0,73.0,0,Personal Auto,Four-Door Car,525.6
No31089,Arizona,Female,Bachelor,3179.47,65742,79.0,0,Personal Auto,Four-Door Car,277.36
TU15769,Washington,Male,Bachelor,22658.54,23665,67.0,0,Personal Auto,Four-Door Car,404.82
DA20791,California,Male,College,3774.86,66457,95.0,0,Personal Auto,Four-Door Car,456.0
AE89300,Arizona,Female,Bachelor,8224.77,82634,104.0,0,Personal Auto,SUV,324.1
UE13511,Oregon,Female,High School or Below,2563.58,0,69.0,0,Corporate Auto,Four-Door Car,331.2
MS46793,Oregon,Male,College,2393.92,0,70.0,0,Personal Auto,Four-Door Car,425.27
ME22430,Nevada,Male,Bachelor,2453.57,29735,69.0,0,Personal Auto,Four-Door Car,331.2
JZ28710,California,Male,College,5143.88,61417,65.0,0,Personal Auto,Two-Door Car,206.02
HP80279,Oregon,Female,High School or Below,7378.51,0,105.0,0,Personal Auto,SUV,756.0
EH22538,California,Male,High School or Below,2574.2,43846,65.0,1,Personal Auto,Four-Door Car,125.52
JP87331,Arizona,Male,High School or Below,22315.06,0,67.0,0,Personal Auto,Four-Door Car,482.4
VA89684,Nevada,Female,College,2430.48,33775,61.0,0,Personal Auto,Two-Door Car,292.8
XS68865,Oregon,Male,College,6161.0,96988,77.0,0,Personal Auto,Two-Door Car,369.6
IZ13533,Arizona,Male,Bachelor,7912.13,0,114.0,0,Personal Auto,Two-Door Car,820.8
JB47784,Oregon,Female,Doctor,5534.82,81945,68.0,0,Personal Auto,Four-Door Car,47.45
LT79371,Arizona,Female,Bachelor,2382.67,0,65.0,0,Personal Auto,Four-Door Car,27.03
DE78840,Nevada,Female,Bachelor,6991.25,19019,186.0,0,Personal Auto,Luxury,1003.05
PU25554,Oregon,Female,Bachelor,2885.33,62579,72.0,0,Personal Auto,Four-Door Car,326.24
ZI47098,California,Female,High School or Below,41787.9,46587,119.0,2,Personal Auto,Four-Door Car,571.2
CN53343,Arizona,Female,Bachelor,2848.56,0,81.0,0,Personal Auto,Four-Door Car,583.2
IN18876,Arizona,Female,Bachelor,8123.02,0,78.0,0,Special Auto,Four-Door Car,561.6
FV38119,Washington,Male,High School or Below,9661.1,0,135.0,0,Corporate Auto,SUV,648.0
YD89516,California,Male,High School or Below,4488.13,0,66.0,0,Corporate Auto,Four-Door Car,758.46
BN89470,California,Male,College,4561.27,29327,118.0,0,Special Auto,Four-Door Car,627.9
VZ64716,Oregon,Male,Master,11546.17,81081,96.0,1,Corporate Auto,Four-Door Car,206.21
FU17577,Oregon,Female,High School or Below,3788.81,0,106.0,0,Personal Auto,SUV,763.2
QY37300,Nevada,Male,Master,13502.63,57222,112.0,1,Personal Auto,Luxury,297.19
UI84849,Arizona,Male,College,8563.97,91147,107.0,0,Personal Auto,Luxury,50.47
MN81810,California,Female,High School or Below,2913.48,76638,73.0,1,Personal Auto,Four-Door Car,435.19
XN42396,California,Male,Bachelor,7540.58,29697,64.0,0,Personal Auto,Four-Door Car,147.13
VZ13840,Arizona,Male,High School or Below,6950.53,0,61.0,0,Corporate Auto,Four-Door Car,301.4
NI27358,Arizona,Female,College,7255.14,67352,181.0,1,Personal Auto,Luxury,560.95
LO39834,Oregon,Female,Bachelor,4334.06,23904,123.0,3,Personal Auto,SUV,590.4
WX18073,Arizona,Male,Bachelor,6307.5,0,88.0,2,Personal Auto,Four-Door Car,422.4
PG27422,California,Female,Bachelor,5904.85,89953,74.0,0,Corporate Auto,Four-Door Car,274.17
AX56708,California,Male,High School or Below,4794.48,20862,68.0,0,Personal Auto,Four-Door Car,326.4
JI80257,Nevada,Female,College,9180.15,47663,114.0,0,Personal Auto,Luxury,103.7
EK95340,Washington,Male,Master,8355.51,49564,105.0,0,Corporate Auto,Four-Door Car,661.61
FS67856,California,Male,College,13869.93,28432,118.0,0,Personal Auto,SUV,612.3
JX27737,California,Male,College,13452.19,32356,117.0,2,Personal Auto,Two-Door Car,428.49
SY81273,Oregon,Male,High School or Below,16798.86,55269,71.0,0,Personal Auto,Two-Door Car,340.8
FZ16327,California,Female,College,8273.11,0,116.0,0,Personal Auto,Four-Door Car,509.51
XC26395,Oregon,Male,High School or Below,7408.84,76771,95.0,1,Personal Auto,Two-Door Car,91.67
HA72996,Nevada,Female,College,4349.31,75648,108.0,0,Corporate Auto,SUV,112.66
WP51328,Oregon,Male,Doctor,4744.97,20698,68.0,5,Personal Auto,Two-Door Car,248.42
CP47989,Oregon,Female,High School or Below,17208.06,29734,63.0,0,Corporate Auto,Two-Door Car,649.84
JO75190,Nevada,Male,Bachelor,8673.59,43963,110.0,0,Corporate Auto,SUV,528.0
AP47670,California,Male,High School or Below,2497.91,29465,63.0,0,Personal Auto,Four-Door Car,302.4
BT61680,Arizona,Female,High School or Below,32069.88,24851,103.0,0,Personal Auto,SUV,604.29
KX23022,Arizona,Male,Bachelor,3312.25,0,107.0,2,Corporate Auto,SUV,770.4
KB20508,California,Male,College,10828.37,11033,97.0,0,Special Auto,Two-Door Car,511.12
HU89665,Oregon,Female,College,12128.37,20495,61.0,0,Personal Auto,Four-Door Car,292.8
HD12841,California,Female,Master,5505.69,95766,68.0,0,Personal Auto,Four-Door Car,162.56
AR63478,California,Male,College,6715.34,0,65.0,0,Corporate Auto,Four-Door Car,655.07
UP90711,Oregon,Female,Bachelor,2836.68,61029,72.0,0,Personal Auto,Two-Door Car,114.43
EK58626,Oregon,Male,Bachelor,3561.6,0,105.0,0,Personal Auto,SUV,504.0
CA14631,California,Male,High School or Below,6552.4,56188,86.0,3,Special Auto,Four-Door Car,175.97
AU98438,Arizona,Female,Bachelor,2833.98,94812,70.0,0,Personal Auto,Four-Door Car,121.03
RD96782,California,Female,Bachelor,5099.51,0,70.0,1,Personal Auto,Two-Door Car,336.0
SY66568,Oregon,Female,College,9415.53,55338,116.0,0,Corporate Auto,Two-Door Car,556.8
WE52979,California,Female,High School or Below,3644.83,82477,90.0,0,Personal Auto,Two-Door Car,432.0
PL56477,Oregon,Female,College,2927.52,20852,73.0,0,Personal Auto,Two-Door Car,383.79
XK20264,Washington,Female,High School or Below,9227.95,0,82.0,0,Personal Auto,Two-Door Car,296.64
DV57698,Oregon,Female,Doctor,3148.42,0,83.0,0,Personal Auto,Two-Door Car,544.22
RD53171,Arizona,Female,College,3063.11,0,95.0,2,Personal Auto,Two-Door Car,456.0
PK23339,Arizona,Female,High School or Below,3417.95,72460,85.0,0,Personal Auto,Four-Door Car,370.02
GA74551,Oregon,Male,Bachelor,23594.68,76358,66.0,0,Personal Auto,Four-Door Car,86.46
BS26376,California,Male,High School or Below,7519.13,96306,95.0,1,Corporate Auto,Four-Door Car,185.36
WW74234,Arizona,Female,College,3969.43,49544,101.0,0,Personal Auto,SUV,0.77
UA26783,Oregon,Male,High School or Below,4874.07,0,68.0,0,Personal Auto,Two-Door Car,609.32
DV38369,California,Male,Bachelor,7261.62,0,101.0,0,Corporate Auto,SUV,727.2
ZM42260,Arizona,Male,College,8005.96,63357,101.0,0,Personal Auto,SUV,565.51
EB34435,Arizona,Male,High School or Below,2996.14,0,82.0,0,Corporate Auto,Four-Door Car,590.4
QY41527,Arizona,Male,Bachelor,4175.95,23060,109.0,3,Corporate Auto,SUV,731.35
WG61503,Arizona,Male,Master,8491.86,27781,71.0,0,Corporate Auto,Four-Door Car,340.8
TY59969,Arizona,Male,College,2402.17,43246,62.0,0,Personal Auto,Four-Door Car,52.44
DO20853,Oregon,Female,High School or Below,4775.48,14254,124.0,0,Corporate Auto,SUV,595.2
CD14267,Nevada,Male,College,4235.18,60334,106.0,0,Corporate Auto,Four-Door Car,111.16
WL40338,California,Female,Bachelor,5107.16,35625,65.0,1,Personal Auto,Four-Door Car,288.57
GV75215,Oregon,Female,Bachelor,13167.61,54684,111.0,3,Corporate Auto,Luxury,302.14
CN91738,Oregon,Male,Bachelor,2520.3,56228,65.0,0,Personal Auto,Two-Door Car,276.88
UR36951,Oregon,Male,Bachelor,5189.29,82166,134.0,3,Personal Auto,SUV,643.2
JU87932,Oregon,Female,Bachelor,2893.31,30406,73.0,0,Personal Auto,Four-Door Car,350.4
IR50609,Arizona,Male,Bachelor,3985.55,75007,101.0,0,Personal Auto,Four-Door Car,668.77
VI18029,Washington,Male,Bachelor,2414.64,79271,62.0,4,Personal Auto,Four-Door Car,232.75
CC46747,Arizona,Female,High School or Below,18688.31,0,76.0,0,Personal Auto,Four-Door Car,364.8
ZK58906,California,Male,Bachelor,16589.71,59414,140.0,0,Personal Auto,SUV,65.02
SQ70457,Oregon,Male,Bachelor,23331.83,44719,66.0,0,Personal Auto,Four-Door Car,316.8
ZA37110,Nevada,Female,Bachelor,4699.03,0,129.0,2,Personal Auto,SUV,291.74
HH23204,California,Female,Doctor,2395.57,21986,63.0,0,Personal Auto,Two-Door Car,333.7
IE29890,Oregon,Female,High School or Below,8861.48,58480,113.0,1,Personal Auto,SUV,542.4
VO25412,Washington,Female,Master,8936.82,37520,74.0,0,Special Auto,Two-Door Car,163.58
ME37051,California,Male,Bachelor,7340.5,50165,62.0,0,Personal Auto,Two-Door Car,130.0
DL17162,Arizona,Male,College,26453.94,42961,83.0,0,Personal Auto,Four-Door Car,398.4
DD27563,Oregon,Male,High School or Below,6342.47,86687,80.0,0,Personal Auto,Four-Door Car,274.16
IA27050,Oregon,Female,High School or Below,6560.82,0,93.0,0,Personal Auto,Four-Door Car,41.62
UQ63751,Arizona,Female,Bachelor,6687.59,23772,83.0,0,Personal Auto,Four-Door Car,100.65
MV26494,California,Male,College,3681.25,0,98.0,0,Personal Auto,Four-Door Car,354.94
EN89709,Arizona,Female,Doctor,2555.54,18241,65.0,0,Personal Auto,Two-Door Car,151.99
QN68814,Oregon,Male,Bachelor,2373.8,0,65.0,0,Corporate Auto,Two-Door Car,312.0
NE70831,California,Female,High School or Below,2732.65,86650,69.0,2,Personal Auto,Two-Door Car,323.87
FV72595,Arizona,Male,Bachelor,4703.72,0,137.0,0,Personal Auto,SUV,1554.09
VZ81004,Oregon,Female,Master,19259.84,35973,159.0,0,Personal Auto,Luxury,763.2
VM89271,Arizona,Male,High School or Below,3844.57,26262,97.0,0,Personal Auto,Four-Door Car,465.6
CL97519,California,Male,College,4683.44,25187,121.0,0,Personal Auto,SUV,580.8
RN71166,Oregon,Female,High School or Below,5174.08,88081,64.0,0,Personal Auto,Four-Door Car,82.48
PJ86059,Oregon,Female,High School or Below,2655.86,83460,66.0,0,Corporate Auto,Four-Door Car,443.45
BP34620,California,Female,Bachelor,5615.07,19949,74.0,1,Corporate Auto,Four-Door Car,355.2
HI58196,Oregon,Male,College,3161.17,0,92.0,0,Personal Auto,Two-Door Car,897.38
OZ58610,Arizona,Male,High School or Below,7575.65,0,109.0,0,Personal Auto,SUV,784.8
WC34456,California,Female,Bachelor,3985.4,77739,98.0,0,Personal Auto,Four-Door Car,428.56
FC15606,Oregon,Female,College,9706.38,23649,122.0,0,Personal Auto,SUV,535.61
UM99946,Arizona,Male,College,7736.65,68980,98.0,0,Personal Auto,Four-Door Car,464.04
JG94795,Oregon,Female,Master,4179.49,60010,103.0,0,Special Auto,Four-Door Car,494.4
GD93408,California,Female,Bachelor,5759.01,30968,74.0,1,Corporate Auto,Two-Door Car,45.43
QO12561,California,Male,High School or Below,4165.4,0,116.0,0,Personal Auto,Four-Door Car,556.8
VI12822,Washington,Female,High School or Below,2632.55,99841,65.0,0,Personal Auto,Four-Door Car,312.0
CT84535,California,Male,College,3885.46,0,105.0,0,Personal Auto,Four-Door Car,504.0
NT36519,California,Male,College,8161.94,32967,105.0,1,Personal Auto,SUV,504.0
WT86597,Oregon,Male,Master,13024.13,0,125.0,0,Personal Auto,SUV,900.0
ZJ27465,California,Female,College,14137.23,31794,119.0,0,Personal Auto,SUV,571.2
QF75939,Washington,Female,High School or Below,3700.68,36710,94.0,0,Personal Auto,Four-Door Car,676.8
MC73302,Oregon,Female,Bachelor,5511.03,36267,69.0,0,Personal Auto,Four-Door Car,263.45
WE21182,Oregon,Male,High School or Below,5169.5,12430,73.0,0,Personal Auto,Four-Door Car,350.4
TD90906,Oregon,Female,High School or Below,6044.02,93715,74.0,0,Personal Auto,Four-Door Car,532.8
WB66665,Nevada,Female,College,4349.31,75648,108.0,0,Corporate Auto,SUV,112.66
ZP26168,Washington,Female,College,9688.13,24584,66.0,0,Corporate Auto,Four-Door Car,279.71
ZG56744,California,Male,Bachelor,5528.21,36088,72.0,0,Personal Auto,Four-Door Car,345.6
BO81145,Arizona,Male,Bachelor,7894.5,21723,104.0,0,Personal Auto,SUV,748.8
BQ28323,Oregon,Female,High School or Below,5935.82,63833,73.0,0,Personal Auto,Four-Door Car,199.46
WD38315,California,Male,College,4520.34,0,61.0,0,Personal Auto,Four-Door Car,304.16
IS73434,Arizona,Female,Bachelor,3219.15,45892,81.0,0,Corporate Auto,Four-Door Car,388.8
VO94890,Oregon,Male,College,5935.57,90263,74.0,0,Personal Auto,Two-Door Car,355.2
ZH43085,Washington,Male,High School or Below,2322.57,0,63.0,0,Corporate Auto,Four-Door Car,453.6
HQ10502,Oregon,Male,Bachelor,11692.01,40548,98.0,0,Personal Auto,Four-Door Car,470.4
SP46702,Oregon,Male,College,10175.24,0,99.0,0,Corporate Auto,Two-Door Car,831.34
JB60515,Washington,Male,High School or Below,2513.97,50450,63.0,0,Personal Auto,Four-Door Car,302.4
TK49887,California,Female,College,2897.78,0,85.0,0,Personal Auto,Two-Door Car,612.0
EG16813,Arizona,Female,College,5515.25,75963,69.0,0,Corporate Auto,Two-Door Car,102.15
SI13406,Arizona,Female,High School or Below,3469.84,32714,87.0,0,Personal Auto,Four-Door Car,513.04
WC11272,Oregon,Female,Bachelor,6907.55,42790,87.0,0,Personal Auto,Two-Door Car,290.06
TU27563,Oregon,Female,Bachelor,3647.25,20694,94.0,1,Personal Auto,Two-Door Car,451.2
IL72707,California,Female,Bachelor,3265.16,25820,82.0,0,Personal Auto,Four-Door Car,393.6
DZ62350,California,Male,High School or Below,2514.28,24744,65.0,0,Personal Auto,Four-Door Car,312.0
VV82891,Washington,Female,Bachelor,4463.0,0,73.0,3,Personal Auto,Two-Door Car,350.4
UQ41461,Washington,Female,Bachelor,4570.67,27538,63.0,4,Personal Auto,Four-Door Car,285.84
NI58226,Oregon,Female,High School or Below,2752.66,81280,68.0,0,Personal Auto,Four-Door Car,308.35
VA78645,California,Male,College,2188.66,0,67.0,1,Personal Auto,Four-Door Car,321.6
UY61301,Nevada,Male,Bachelor,2710.15,0,73.0,0,Personal Auto,Four-Door Car,350.4
XC25965,Washington,Female,Bachelor,14754.36,26486,128.0,1,Personal Auto,SUV,614.4
EB93628,Oregon,Female,High School or Below,10759.4,0,97.0,0,Personal Auto,Two-Door Car,465.6
PK35830,Oregon,Male,Bachelor,12357.12,0,182.0,0,Personal Auto,Luxury,1953.88
KY98596,Arizona,Male,Bachelor,5033.39,68331,63.0,0,Personal Auto,Four-Door Car,302.4
CI19819,Arizona,Male,High School or Below,2370.62,0,71.0,1,Personal Auto,Two-Door Car,511.2
TN82637,Nevada,Male,College,11236.31,21636,64.0,5,Personal Auto,Two-Door Car,213.59
FA90739,Oregon,Male,High School or Below,12476.65,0,121.0,0,Corporate Auto,SUV,871.2
FD62224,Oregon,Female,College,14641.52,0,133.0,0,Personal Auto,SUV,1386.87
KE45653,California,Female,Bachelor,4731.84,0,64.0,0,Personal Auto,Four-Door Car,307.2
FC10193,Washington,Female,College,10620.49,35601,69.0,0,Personal Auto,Four-Door Car,249.8
DO48835,Oregon,Male,High School or Below,13478.8,0,198.0,1,Corporate Auto,Luxury,1425.6
VK44934,California,Male,College,8873.2,28558,119.0,4,Personal Auto,SUV,797.56
XB89264,Nevada,Female,High School or Below,5260.92,60101,66.0,0,Corporate Auto,Two-Door Car,1.33
XL49151,Arizona,Male,College,2792.01,22426,76.0,1,Corporate Auto,Four-Door Car,528.39
FG42635,Oregon,Male,College,10018.66,30720,139.0,4,Personal Auto,SUV,778.46
FE12805,Oregon,Female,Bachelor,7180.27,34161,186.0,3,Personal Auto,SUV,892.8
GT17701,Oregon,Female,Bachelor,3012.04,42987,77.0,0,Personal Auto,Four-Door Car,128.49
CH76379,Oregon,Male,Bachelor,4236.81,0,61.0,0,Personal Auto,Four-Door Car,292.8
QT77453,Arizona,Female,High School or Below,5283.36,80928,132.0,0,Corporate Auto,SUV,538.55
BS90503,Washington,Female,Bachelor,5395.09,86640,67.0,0,Personal Auto,Four-Door Car,65.46
MX93376,California,Female,College,6913.57,26714,64.0,1,Personal Auto,Two-Door Car,307.2
KT54608,Arizona,Male,Bachelor,2619.34,78618,66.0,0,Corporate Auto,Two-Door Car,225.58
CY18875,Oregon,Female,High School or Below,8390.12,0,78.0,0,Personal Auto,Four-Door Car,732.34
YT74573,California,Male,College,13727.8,0,126.0,0,Personal Auto,SUV,604.8
WL46640,Nevada,Male,College,4482.02,62977,115.0,0,Corporate Auto,SUV,552.0
CY49953,Oregon,Female,College,2827.56,0,79.0,0,Special Auto,Four-Door Car,568.8
FD72269,California,Female,High School or Below,5584.96,19724,72.0,0,Personal Auto,Four-Door Car,345.6
RE29039,California,Female,High School or Below,7568.85,27558,65.0,0,Personal Auto,Four-Door Car,312.0
TA35356,California,Female,College,9664.33,86054,239.0,0,Personal Auto,Luxury,115.17
HS88081,California,Female,High School or Below,6480.68,42846,81.0,0,Corporate Auto,Four-Door Car,286.14
SM52948,Nevada,Female,Bachelor,8707.62,57107,110.0,3,Personal Auto,SUV,528.0
ZL30083,Oregon,Male,High School or Below,9048.98,0,119.0,0,Personal Auto,Luxury,571.2
MP22051,Washington,Male,College,2615.85,54314,66.0,0,Personal Auto,Four-Door Car,282.77
OF38237,California,Female,Doctor,4878.83,29950,61.0,0,Personal Auto,Two-Door Car,292.8
KL27677,Nevada,Female,College,10793.76,24195,90.0,0,Personal Auto,Two-Door Car,360.27
NX58648,Oregon,Female,High School or Below,5528.08,0,73.0,0,Personal Auto,Four-Door Car,388.82
WP19664,Arizona,Male,College,4605.87,47481,116.0,0,Personal Auto,SUV,556.8
LB83807,Oregon,Male,Bachelor,8343.41,63354,106.0,0,Personal Auto,Two-Door Car,508.8
EL44544,Oregon,Female,High School or Below,13009.24,57591,66.0,0,Corporate Auto,Four-Door Car,316.8
ST99840,Nevada,Female,Bachelor,7486.02,0,71.0,0,Corporate Auto,Four-Door Car,340.8
ZS15062,Oregon,Male,Master,9547.71,34919,82.0,1,Personal Auto,Four-Door Car,277.87
RJ68578,Oregon,Male,High School or Below,8110.7,76879,101.0,0,Corporate Auto,Luxury,487.1
AE74442,California,Female,Bachelor,7379.46,61584,61.0,0,Corporate Auto,Four-Door Car,205.29
TF80571,California,Male,High School or Below,6612.62,28792,185.0,3,Corporate Auto,Luxury,1166.6
YH31618,Oregon,Female,Bachelor,7452.23,0,105.0,0,Corporate Auto,Two-Door Car,504.0
HZ39407,Washington,Male,Master,2686.54,26713,71.0,0,Personal Auto,Four-Door Car,142.7
GX38439,California,Female,College,4470.18,0,129.0,0,Personal Auto,SUV,928.8
FF65294,Oregon,Male,High School or Below,10348.01,34244,87.0,2,Personal Auto,Four-Door Car,417.6
GC40999,Oregon,Male,College,11790.5,25251,66.0,0,Personal Auto,Four-Door Car,316.8
BA87048,Washington,Male,Bachelor,4566.12,0,68.0,0,Personal Auto,Four-Door Car,326.4
DE23903,Oregon,Female,Bachelor,5905.97,59848,73.0,1,Personal Auto,Two-Door Car,131.61
UP30859,Nevada,Female,College,7492.06,39815,64.0,0,Special Auto,Four-Door Car,91.39
PY17715,California,Female,Master,3427.15,58840,86.0,0,Corporate Auto,Two-Door Car,73.27
NU22358,Washington,Female,Master,5181.62,97131,64.0,0,Special Auto,Four-Door Car,307.2
BR77413,Arizona,Male,College,4686.47,58089,118.0,0,Personal Auto,SUV,566.4
FI17798,California,Male,Doctor,2710.12,0,71.0,0,Personal Auto,Four-Door Car,340.8
KN32615,Arizona,Female,College,4313.34,0,126.0,2,Personal Auto,SUV,656.57
EB86696,California,Male,Bachelor,4755.37,21808,119.0,0,Special Auto,SUV,571.2
YB14965,Arizona,Male,College,36516.05,89771,114.0,0,Personal Auto,SUV,432.41
ZD42550,Nevada,Female,Master,7792.07,36776,65.0,0,Corporate Auto,Four-Door Car,240.19
FI61655,Arizona,Male,Bachelor,2550.0,31213,65.0,0,Corporate Auto,Four-Door Car,312.0
PC30692,Oregon,Male,Bachelor,7521.28,0,115.0,0,Personal Auto,SUV,987.29
EK71077,California,Female,Bachelor,11510.36,0,61.0,0,Corporate Auto,Four-Door Car,439.2
ED91989,Arizona,Male,College,7999.25,0,107.0,0,Personal Auto,SUV,513.6
JH58573,California,Male,College,7927.18,32555,68.0,0,Personal Auto,Two-Door Car,86.91
YP75411,Arizona,Male,College,21123.12,0,69.0,0,Personal Auto,Two-Door Car,496.8
FV33188,Washington,Male,Bachelor,2453.57,29735,69.0,0,Personal Auto,Four-Door Car,331.2
ZQ94561,Washington,Male,College,2981.55,80590,74.0,0,Corporate Auto,Four-Door Car,97.93
JZ16164,Oregon,Female,Bachelor,5110.76,22565,132.0,0,Personal Auto,SUV,633.6
MU63232,Arizona,Male,Master,5351.85,54817,137.0,0,Personal Auto,SUV,209.5
CG13512,Oregon,Male,College,9015.82,0,62.0,0,Personal Auto,Two-Door Car,42.64
ZR86524,Oregon,Female,College,5903.61,55393,74.0,1,Corporate Auto,Four-Door Car,2.17
UG38549,California,Female,High School or Below,8852.73,0,83.0,0,Personal Auto,Four-Door Car,597.6
HJ37943,California,Female,Bachelor,13333.39,75634,110.0,0,Personal Auto,Two-Door Car,432.81
QA72881,Oregon,Male,College,8658.86,62464,109.0,0,Personal Auto,Luxury,400.18
BL54814,Arizona,Male,College,4871.15,72648,61.0,0,Personal Auto,Four-Door Car,120.85
MG72449,Nevada,Female,Bachelor,5279.2,77167,66.0,0,Personal Auto,Four-Door Car,137.09
VR66049,Washington,Male,High School or Below,6689.02,56980,84.0,0,Corporate Auto,Two-Door Car,599.0
KC17606,California,Female,College,5244.55,27444,66.0,0,Personal Auto,Four-Door Car,313.93
LB12820,Oregon,Male,High School or Below,6688.86,57289,86.0,0,Corporate Auto,Two-Door Car,562.22
ZH30674,Oregon,Male,Bachelor,8408.31,84091,105.0,0,Personal Auto,Four-Door Car,380.56
HX96638,Arizona,Male,College,2052.95,0,67.0,2,Personal Auto,Four-Door Car,806.18
TT20057,Oregon,Male,College,10592.59,59590,136.0,0,Personal Auto,SUV,460.27
AM26598,Arizona,Female,College,2913.49,89672,72.0,0,Personal Auto,Four-Door Car,309.57
AY73718,California,Female,Bachelor,5243.45,96535,66.0,0,Personal Auto,Four-Door Car,271.07
EL11108,Oregon,Female,Doctor,14191.6,25575,117.0,0,Personal Auto,SUV,561.6
FA15811,Nevada,Female,College,9426.38,38910,78.0,0,Personal Auto,Two-Door Car,20.21
BA51898,Arizona,Male,Bachelor,4521.19,39426,114.0,0,Special Auto,SUV,412.88
PP30874,California,Female,High School or Below,3579.02,28304,91.0,2,Personal Auto,Four-Door Car,655.2
MN74944,Arizona,Male,College,6285.15,52210,80.0,0,Personal Auto,Four-Door Car,384.0
FK94501,Nevada,Female,Bachelor,7844.25,0,102.0,0,Personal Auto,SUV,273.95
HZ84382,Oregon,Male,Master,8283.84,94851,104.0,0,Personal Auto,Four-Door Car,191.0
FA89548,Arizona,Male,Bachelor,2436.4,0,67.0,0,Personal Auto,Four-Door Car,399.06
GD29440,Washington,Male,Bachelor,2538.63,18608,71.0,0,Personal Auto,Four-Door Car,340.8
DE21910,Oregon,Female,College,7304.4,41025,92.0,0,Personal Auto,Four-Door Car,20.37
CH50584,Oregon,Male,High School or Below,32474.77,71449,102.0,0,Personal Auto,SUV,734.4
JV97593,California,Female,Bachelor,6674.46,92653,83.0,1,Personal Auto,Four-Door Car,456.52
ND68993,Nevada,Female,Bachelor,33473.35,33190,106.0,0,Personal Auto,SUV,508.8
YT46746,Oregon,Female,College,6459.64,24290,82.0,0,Personal Auto,Four-Door Car,393.6
RF94484,Oregon,Female,College,4605.04,22571,63.0,0,Corporate Auto,Four-Door Car,302.4
No19664,California,Female,High School or Below,5686.74,26409,71.0,0,Personal Auto,Four-Door Car,475.17
BA97018,Arizona,Male,High School or Below,6608.17,21616,93.0,0,Personal Auto,Two-Door Car,944.85
HY16703,Oregon,Male,College,7158.53,36463,92.0,0,Personal Auto,Four-Door Car,441.6
MA15172,California,Female,Bachelor,10179.72,14290,271.0,0,Personal Auto,Luxury,1300.8
WO81184,California,Male,Bachelor,5052.38,34645,69.0,3,Special Auto,Two-Door Car,220.45
FX39582,Washington,Male,Bachelor,5201.36,67001,131.0,0,Personal Auto,SUV,463.43
ZG23976,California,Female,Bachelor,8632.78,96200,107.0,0,Personal Auto,Two-Door Car,513.6
WE25756,Arizona,Male,High School or Below,7350.93,69241,93.0,0,Personal Auto,Four-Door Car,111.25
AP59947,California,Female,Bachelor,7690.16,55843,64.0,0,Corporate Auto,Two-Door Car,307.2
JG31799,California,Female,Bachelor,8259.11,20305,76.0,1,Personal Auto,Two-Door Car,496.48
XY28151,Oregon,Female,Bachelor,2317.28,0,68.0,0,Corporate Auto,Two-Door Car,489.6
ZB72138,Oregon,Male,Bachelor,8929.61,44329,112.0,0,Personal Auto,SUV,537.6
OP52966,Arizona,Male,High School or Below,4854.36,44279,61.0,0,Personal Auto,Two-Door Car,292.8
TG67664,California,Female,College,2659.71,0,87.0,3,Personal Auto,Four-Door Car,420.04
DH14632,Oregon,Female,College,8750.22,34695,113.0,0,Personal Auto,SUV,100.32
QN26812,Arizona,Male,High School or Below,5054.78,79297,64.0,0,Personal Auto,Four-Door Car,72.76
PD97837,Arizona,Male,Bachelor,2199.52,0,62.0,0,Corporate Auto,Four-Door Car,297.6
LX67597,Nevada,Male,Bachelor,5715.31,84183,72.0,0,Personal Auto,Four-Door Car,255.57
VH35998,California,Male,Doctor,9566.84,53375,79.0,0,Personal Auto,Four-Door Car,127.32
UE54045,California,Female,High School or Below,10094.13,32046,127.0,0,Corporate Auto,SUV,475.6
XA50997,Nevada,Male,High School or Below,5444.79,91393,67.0,0,Personal Auto,Two-Door Car,460.55
GM37281,California,Female,Bachelor,2582.41,76731,64.0,0,Personal Auto,Four-Door Car,201.46
QT84069,Oregon,Male,Master,50568.26,82081,249.0,0,Personal Auto,Luxury,753.76
MG74662,Oregon,Female,High School or Below,3484.25,51337,88.0,0,Corporate Auto,Four-Door Car,72.54
EP46328,California,Male,Bachelor,5555.83,74015,72.0,0,Personal Auto,Four-Door Car,471.44
UL87052,Arizona,Female,Bachelor,4173.14,0,117.0,0,Personal Auto,SUV,842.4
GA93544,Oregon,Female,High School or Below,2897.49,0,77.0,0,Personal Auto,Four-Door Car,554.4
EW73206,California,Female,Bachelor,8044.51,68849,67.0,0,Corporate Auto,Two-Door Car,252.7
MV19629,Oregon,Female,College,7717.0,37376,99.0,0,Personal Auto,Four-Door Car,65.55
TK67721,Oregon,Female,High School or Below,2274.67,0,64.0,0,Corporate Auto,Four-Door Car,621.97
AD38685,California,Male,College,8658.86,62464,109.0,0,Personal Auto,Luxury,400.18
LX72964,Arizona,Female,High School or Below,11260.9,88304,95.0,0,Personal Auto,Four-Door Car,276.47
MR37609,Oregon,Male,College,16414.04,0,112.0,0,Special Auto,SUV,682.42
OG30514,Nevada,Female,Bachelor,20018.2,65900,62.0,0,Personal Auto,Four-Door Car,297.6
GJ44951,Washington,Female,Bachelor,4698.76,0,67.0,0,Personal Auto,Two-Door Car,321.6
YB19340,Oregon,Male,High School or Below,9002.12,61374,113.0,0,Corporate Auto,Two-Door Car,210.1
BD42101,California,Male,Bachelor,25030.89,0,110.0,1,Corporate Auto,SUV,528.0
RZ89024,Oregon,Male,Doctor,3103.0,31841,78.0,0,Personal Auto,Four-Door Car,126.86
ZO20633,Oregon,Female,High School or Below,2587.11,27861,65.0,0,Corporate Auto,Four-Door Car,312.0
KL39500,Arizona,Male,College,4983.62,0,83.0,3,Personal Auto,Four-Door Car,736.0
QK24293,Oregon,Female,Doctor,6265.34,0,84.0,1,Corporate Auto,Four-Door Car,481.03
RW71963,Nevada,Female,High School or Below,7233.54,94550,90.0,0,Personal Auto,Four-Door Car,432.0
HR71115,Nevada,Male,College,5357.26,39604,68.0,0,Personal Auto,Four-Door Car,63.13
UL55837,Nevada,Female,Bachelor,11130.12,42928,93.0,0,Personal Auto,Four-Door Car,651.62
IW77519,Washington,Female,Bachelor,2610.37,54737,66.0,0,Personal Auto,Four-Door Car,391.97
CR88883,Arizona,Male,College,7452.54,0,68.0,0,Corporate Auto,Two-Door Car,489.6
YD58301,California,Female,High School or Below,6352.96,80587,78.0,0,Personal Auto,Four-Door Car,276.19
RT60959,Oregon,Female,High School or Below,14585.38,0,194.0,0,Corporate Auto,Luxury,931.2
KC67832,California,Male,College,17292.94,80028,86.0,0,Corporate Auto,Four-Door Car,114.02
DK92014,Arizona,Female,High School or Below,4254.62,11904,61.0,2,Personal Auto,Two-Door Car,292.8
ZA44520,Arizona,Female,High School or Below,9621.73,54872,121.0,0,Personal Auto,SUV,580.8
AJ69060,California,Male,College,14260.91,0,99.0,0,Personal Auto,Two-Door Car,204.12
ME35315,Washington,Male,College,7756.31,0,74.0,0,Corporate Auto,Two-Door Car,532.8
BU61331,Arizona,Male,College,5875.21,46417,74.0,0,Corporate Auto,Four-Door Car,164.75
XI68015,Washington,Female,College,4946.96,46239,67.0,3,Personal Auto,Four-Door Car,6.4
HG51739,Oregon,Female,College,2660.01,0,73.0,0,Personal Auto,Four-Door Car,350.4
FI22970,Oregon,Female,High School or Below,2372.29,25550,61.0,0,Personal Auto,Four-Door Car,439.2
OF93412,Nevada,Female,Bachelor,15613.95,27514,197.0,0,Personal Auto,SUV,1367.2
AH97088,Nevada,Male,High School or Below,7803.5,84417,98.0,0,Personal Auto,Two-Door Car,139.71
BI81476,Oregon,Female,High School or Below,10346.11,55906,86.0,0,Personal Auto,Four-Door Car,58.47
IA18854,California,Male,High School or Below,4960.55,21638,65.0,0,Personal Auto,Four-Door Car,468.0
OO62338,Oregon,Male,Bachelor,7099.57,16121,65.0,2,Corporate Auto,Four-Door Car,312.0
JH35547,Oregon,Male,College,24442.3,36261,68.0,0,Personal Auto,Four-Door Car,16.8
DY34638,Oregon,Female,High School or Below,13466.92,11432,119.0,0,Personal Auto,SUV,571.2
MT16688,Arizona,Female,Bachelor,2598.06,62566,65.0,1,Corporate Auto,Four-Door Car,48.34
NN51066,Oregon,Female,High School or Below,2886.45,10312,78.0,0,Personal Auto,Four-Door Car,486.28
YF73402,Oregon,Male,High School or Below,2566.4,67778,64.0,1,Personal Auto,Four-Door Car,171.29
ZR56751,Washington,Female,Master,6252.36,92895,77.0,0,Personal Auto,Two-Door Car,43.14
GR32910,California,Female,College,5174.69,55290,65.0,0,Personal Auto,Four-Door Car,13.87
MZ89625,California,Female,Bachelor,9263.18,23377,116.0,0,Personal Auto,Four-Door Car,556.8
IK51081,California,Female,College,4834.71,38713,66.0,4,Personal Auto,Four-Door Car,316.8
VI34110,Arizona,Female,Bachelor,2361.74,0,66.0,1,Personal Auto,Four-Door Car,145.9
VH62312,Nevada,Male,College,2674.73,56342,69.0,0,Corporate Auto,Four-Door Car,331.2
YU39743,Oregon,Male,College,16159.54,29593,137.0,0,Personal Auto,Luxury,657.6
RO57944,Nevada,Female,High School or Below,26197.41,18495,113.0,0,Personal Auto,SUV,542.4
VL32622,California,Female,High School or Below,2664.24,82887,66.0,1,Corporate Auto,Four-Door Car,420.37
NV35796,Oregon,Female,Master,15162.07,71366,94.0,0,Personal Auto,Four-Door Car,265.22
UU32345,California,Male,College,22332.44,49078,97.0,0,Corporate Auto,Four-Door Car,484.01
YM94448,Arizona,Female,College,4995.17,10787,71.0,0,Personal Auto,Two-Door Car,697.8
WX46704,California,Female,High School or Below,16109.75,0,73.0,0,Personal Auto,Four-Door Car,350.4
HY35960,Arizona,Male,High School or Below,4957.4,10194,65.0,0,Personal Auto,Two-Door Car,312.0
PB41497,Oregon,Male,High School or Below,2866.78,81763,72.0,1,Personal Auto,Two-Door Car,518.4
GP37412,Arizona,Female,College,8719.9,59763,73.0,0,Personal Auto,Two-Door Car,350.4
KU62853,California,Female,College,22448.69,0,78.0,0,Special Auto,Four-Door Car,561.6
EA87824,Arizona,Female,College,6864.65,96832,85.0,0,Personal Auto,Two-Door Car,408.0
DM42912,California,Female,College,4980.19,21135,130.0,0,Personal Auto,SUV,678.95
HK50871,California,Male,High School or Below,2312.33,16143,62.0,1,Personal Auto,Four-Door Car,32.11
ZX73673,Arizona,Male,Bachelor,5555.83,74015,72.0,0,Personal Auto,Four-Door Car,471.44
EO95783,Arizona,Male,High School or Below,26763.83,84178,74.0,0,Personal Auto,Two-Door Car,12.59
TR18791,Arizona,Male,Bachelor,2471.44,0,70.0,0,Personal Auto,Two-Door Car,504.0
DC83427,Oregon,Female,High School or Below,17759.39,0,63.0,0,Personal Auto,Four-Door Car,661.72
OG31942,California,Male,College,14628.5,63936,189.0,0,Personal Auto,Luxury,765.01
AK17025,Washington,Male,Bachelor,5801.83,0,83.0,0,Personal Auto,Four-Door Car,597.6
RT17851,Oregon,Female,High School or Below,5209.95,37940,129.0,0,Special Auto,SUV,512.54
UF56271,Washington,Female,High School or Below,2814.44,30703,70.0,0,Personal Auto,Four-Door Car,336.0
BP25150,Arizona,Female,College,5417.74,54898,69.0,0,Corporate Auto,Two-Door Car,176.24
XT34986,Oregon,Male,Bachelor,16775.81,89030,139.0,0,Personal Auto,SUV,49.57
OI74902,California,Female,College,7980.3,15630,115.0,1,Personal Auto,SUV,656.78
GV33313,Arizona,Female,Bachelor,5107.16,35625,65.0,1,Personal Auto,Four-Door Car,288.57
WA54110,Nevada,Male,High School or Below,2690.78,48329,67.0,0,Corporate Auto,Four-Door Car,470.39
IS94199,California,Female,High School or Below,4254.62,11904,61.0,2,Personal Auto,Two-Door Car,292.8
XE22944,Arizona,Female,Bachelor,4643.41,12261,125.0,0,Personal Auto,SUV,600.0
CK24264,Arizona,Male,High School or Below,6217.26,0,86.0,0,Personal Auto,Four-Door Car,39.73
BF54215,California,Female,Master,11373.99,87810,94.0,3,Personal Auto,Four-Door Car,225.64
HW85007,Oregon,Male,Bachelor,10861.71,64744,139.0,0,Personal Auto,SUV,41.31
PA56702,Arizona,Male,Doctor,8569.36,0,117.0,0,Personal Auto,SUV,957.13
VD87432,Washington,Male,Bachelor,16069.95,60735,135.0,0,Personal Auto,SUV,571.7
GG57214,Washington,Female,Bachelor,2410.36,0,67.0,0,Personal Auto,Two-Door Car,482.4
EK10022,California,Male,Bachelor,14057.42,36261,118.0,0,Corporate Auto,SUV,1197.71
IV97881,Nevada,Male,High School or Below,4872.58,0,135.0,0,Personal Auto,Luxury,648.0
GS85403,Washington,Female,Master,9031.21,0,122.0,0,Corporate Auto,Luxury,650.52
UO48558,California,Male,High School or Below,2993.12,23277,77.0,2,Corporate Auto,Four-Door Car,369.6
SX18141,Arizona,Female,High School or Below,5846.52,50320,73.0,0,Personal Auto,Four-Door Car,297.74
KK26955,Washington,Female,High School or Below,2589.43,49675,65.0,0,Personal Auto,Two-Door Car,312.0
PV12088,Arizona,Male,High School or Below,6558.88,19508,61.0,0,Personal Auto,Two-Door Car,292.8
TV97612,Oregon,Male,Bachelor,8106.0,20815,110.0,0,Personal Auto,SUV,528.0
VA95387,Nevada,Male,High School or Below,7232.61,46621,61.0,0,Corporate Auto,Four-Door Car,30.45
XF93358,Arizona,Female,High School or Below,13599.92,22775,184.0,0,Personal Auto,Luxury,883.2
WP64059,California,Female,Bachelor,5093.38,91814,63.0,0,Personal Auto,Two-Door Car,167.04
YY63521,Arizona,Male,College,6047.03,20396,76.0,1,Personal Auto,Four-Door Car,364.8
FH69597,California,Female,High School or Below,7172.07,73836,182.0,3,Personal Auto,Luxury,553.39
UT76436,Nevada,Female,Bachelor,3438.95,55910,86.0,0,Personal Auto,Four-Door Car,324.35
VA94160,California,Female,High School or Below,5418.46,43054,68.0,0,Personal Auto,Four-Door Car,326.4
NJ55678,Arizona,Female,Bachelor,7824.49,64543,65.0,0,Personal Auto,Four-Door Car,200.18
OJ60800,Oregon,Male,Bachelor,7930.6,75988,67.0,0,Personal Auto,Four-Door Car,200.55
PG20605,Arizona,Male,College,9321.28,0,64.0,0,Personal Auto,Four-Door Car,572.52
UT88283,Arizona,Female,College,2775.08,29051,73.0,0,Personal Auto,Two-Door Car,153.2
AF48816,Arizona,Female,Bachelor,5792.67,87382,72.0,0,Personal Auto,Four-Door Car,345.6
SY93381,California,Female,College,3596.83,30694,91.0,1,Personal Auto,Four-Door Car,436.8
ZI63885,Washington,Male,High School or Below,14713.52,0,85.0,0,Personal Auto,Four-Door Car,877.03
SD41771,California,Male,High School or Below,44520.14,49259,144.0,0,Personal Auto,Luxury,820.43
IG80910,Oregon,Female,High School or Below,3071.78,47528,77.0,1,Personal Auto,Four-Door Car,277.58
RA62452,Nevada,Male,Bachelor,8471.29,70624,106.0,0,Corporate Auto,SUV,49.23
NI88122,California,Female,College,7205.02,0,64.0,0,Corporate Auto,Four-Door Car,505.98
LG90006,Oregon,Female,Doctor,11154.68,31409,93.0,0,Personal Auto,Four-Door Car,381.96
XZ83249,Nevada,Female,High School or Below,10168.27,35504,128.0,0,Personal Auto,SUV,404.3
EP26605,Washington,Female,Bachelor,5688.2,44833,72.0,0,Personal Auto,Two-Door Car,345.6
LW29130,Washington,Female,High School or Below,5272.93,24423,67.0,0,Corporate Auto,Two-Door Car,321.6
UD61088,California,Male,Bachelor,13799.05,0,127.0,0,Personal Auto,SUV,609.6
UY81122,Oregon,Female,College,4167.99,0,69.0,3,Personal Auto,Four-Door Car,433.96
ED87136,Arizona,Male,High School or Below,4242.69,0,61.0,0,Personal Auto,Four-Door Car,439.2
PK58026,Nevada,Female,Bachelor,5736.46,96917,71.0,0,Personal Auto,Two-Door Car,373.05
OD79784,Arizona,Male,Bachelor,2679.69,84450,68.0,0,Corporate Auto,Four-Door Car,291.26
OO79691,Arizona,Female,College,11828.61,0,111.0,0,Personal Auto,SUV,1018.81
PE72393,Arizona,Female,High School or Below,11905.07,0,115.0,0,Corporate Auto,Four-Door Car,840.18
QG39997,Arizona,Female,College,4212.8,10097,110.0,0,Personal Auto,Four-Door Car,218.64
ET45138,California,Female,College,5553.19,33255,138.0,0,Personal Auto,Luxury,662.4
WP46383,Oregon,Female,Bachelor,26538.58,94132,73.0,0,Personal Auto,Four-Door Car,350.4
FJ12205,Oregon,Male,Master,6511.47,42602,85.0,3,Personal Auto,Two-Door Car,63.16
KE42114,Nevada,Male,Doctor,4730.36,17250,62.0,0,Personal Auto,Four-Door Car,175.53
CO15448,California,Male,College,2908.02,74212,73.0,0,Personal Auto,Four-Door Car,188.88
SU31072,Washington,Male,Bachelor,4821.16,85756,61.0,0,Personal Auto,Four-Door Car,117.04
LC87490,Arizona,Female,Bachelor,2248.45,24910,63.0,1,Personal Auto,Four-Door Car,347.86
OT36536,Oregon,Male,Bachelor,5232.45,41596,66.0,0,Personal Auto,Four-Door Car,316.8
DE59454,Nevada,Male,Bachelor,2557.59,72202,63.0,0,Corporate Auto,Two-Door Car,453.6
VS63956,California,Male,Bachelor,5871.18,33967,76.0,0,Personal Auto,Four-Door Car,364.8
TR39403,California,Female,Master,3681.98,77951,93.0,3,Corporate Auto,Two-Door Car,19.67
AB62982,Oregon,Female,Doctor,5918.07,77521,73.0,0,Personal Auto,Two-Door Car,350.4
QP76867,Oregon,Male,College,16152.9,0,109.0,0,Personal Auto,Luxury,852.46
MO41014,Arizona,Male,Bachelor,4984.62,86305,62.0,0,Corporate Auto,Four-Door Car,80.73
EK56325,Arizona,Male,High School or Below,6637.23,0,92.0,2,Personal Auto,Four-Door Car,662.4
LB59405,California,Female,High School or Below,5979.72,57693,76.0,0,Personal Auto,Four-Door Car,547.2
JI37927,Oregon,Female,College,7736.46,0,112.0,3,Corporate Auto,SUV,78.98
OJ43280,California,Male,Bachelor,5644.47,33137,74.0,0,Personal Auto,Two-Door Car,472.5
YW43854,Washington,Male,High School or Below,6944.74,0,68.0,0,Personal Auto,Four-Door Car,489.6
AL43475,California,Female,College,7373.23,44938,183.0,0,Personal Auto,Luxury,2069.31
XY80192,Oregon,Male,High School or Below,13979.09,33617,117.0,0,Personal Auto,Four-Door Car,761.72
PI71828,Arizona,Male,College,2395.97,38460,61.0,0,Personal Auto,Four-Door Car,191.37
RQ94849,California,Male,College,2387.86,0,67.0,0,Personal Auto,Four-Door Car,482.4
JX93039,Washington,Female,College,4883.34,40171,123.0,0,Personal Auto,SUV,576.88
KF44948,Washington,Female,High School or Below,20496.69,0,64.0,0,Personal Auto,Four-Door Car,307.2
OK14812,Nevada,Male,Doctor,2491.32,36631,62.0,0,Personal Auto,Four-Door Car,67.53
UV49359,Nevada,Female,Bachelor,7372.23,74335,187.0,0,Corporate Auto,Luxury,896.44
IZ88103,California,Female,Bachelor,12625.28,79421,104.0,0,Personal Auto,Four-Door Car,115.13
QC27179,Oregon,Male,Bachelor,5261.42,38466,68.0,0,Personal Auto,Two-Door Car,204.69
VC47959,Arizona,Female,College,4895.81,54495,61.0,0,Personal Auto,Four-Door Car,182.35
BN45584,Oregon,Female,College,4034.93,0,112.0,0,Special Auto,Luxury,806.4
YP53257,Oregon,Female,Bachelor,10179.72,14290,271.0,0,Personal Auto,Luxury,1300.8
VP84987,California,Male,College,17497.52,0,73.0,0,Personal Auto,Two-Door Car,350.4
LK57934,Nevada,Male,Bachelor,10569.63,45776,89.0,0,Personal Auto,Four-Door Car,95.95
AV49798,Arizona,Male,College,7842.87,94263,98.0,0,Personal Auto,Four-Door Car,112.42
RD73104,Washington,Female,High School or Below,7942.45,12181,108.0,0,Personal Auto,Four-Door Car,591.51
IZ17303,California,Male,Bachelor,17002.02,97268,85.0,0,Personal Auto,Four-Door Car,35.28
PK79296,California,Female,College,2602.21,28995,67.0,0,Personal Auto,Four-Door Car,321.6
VA82895,Oregon,Female,High School or Below,4112.84,25030,113.0,4,Personal Auto,Luxury,542.4
WC66749,Oregon,Female,College,5213.07,12613,70.0,0,Personal Auto,Four-Door Car,336.0
JO68735,California,Female,Bachelor,2292.79,0,64.0,0,Personal Auto,Two-Door Car,460.8
JA55700,California,Male,High School or Below,3933.81,25927,103.0,0,Personal Auto,SUV,674.97
IX97339,Arizona,Female,College,9234.28,0,134.0,0,Corporate Auto,SUV,643.2
DH93540,Oregon,Male,College,4650.06,28215,65.0,0,Personal Auto,Two-Door Car,468.0
KV56995,Nevada,Male,Bachelor,3954.34,18375,103.0,0,Personal Auto,Luxury,535.08
PA15141,California,Female,High School or Below,6953.95,43221,87.0,0,Special Auto,Four-Door Car,398.74
FC48492,California,Male,Bachelor,2876.78,0,84.0,0,Personal Auto,Four-Door Car,849.01
ZJ29643,Washington,Female,Doctor,6265.34,0,84.0,1,Personal Auto,Four-Door Car,481.03
EC22495,Oregon,Male,High School or Below,3145.46,52082,79.0,0,Personal Auto,Four-Door Car,379.2
RO87000,California,Male,High School or Below,2688.88,50719,68.0,0,Personal Auto,Four-Door Car,394.25
YU35148,Washington,Female,Bachelor,4749.13,0,123.0,0,Personal Auto,SUV,590.4
BW51534,California,Female,High School or Below,8364.5,0,110.0,0,Corporate Auto,SUV,528.0
ER50891,California,Male,High School or Below,3450.33,39248,87.0,0,Personal Auto,Four-Door Car,386.77
LM63497,Oregon,Female,College,2935.84,0,82.0,0,Personal Auto,Four-Door Car,590.4
DE71115,Washington,Male,High School or Below,2772.5,68463,70.0,1,Personal Auto,Four-Door Car,336.0
AX71238,California,Male,High School or Below,3963.4,38096,99.0,0,Personal Auto,Two-Door Car,475.2
IZ50034,Washington,Male,College,8062.55,42124,101.0,0,Personal Auto,SUV,484.8
AR75105,California,Female,College,7805.31,21073,106.0,1,Personal Auto,SUV,508.8
LX77880,Oregon,Female,Bachelor,4855.77,24149,61.0,0,Personal Auto,Four-Door Car,292.8
PQ72803,Washington,Female,High School or Below,2886.45,10312,78.0,0,Personal Auto,Four-Door Car,486.28
PV99529,Arizona,Male,Bachelor,2724.43,0,77.0,0,Personal Auto,Two-Door Car,404.82
UW10841,California,Male,Bachelor,9976.25,74115,63.0,0,Personal Auto,Four-Door Car,275.35
UO93347,California,Male,High School or Below,3755.26,34624,95.0,0,Personal Auto,Four-Door Car,270.37
WK46492,Arizona,Female,Bachelor,9642.21,36108,128.0,2,Personal Auto,SUV,614.4
DO70918,Nevada,Female,High School or Below,4574.0,0,127.0,0,Special Auto,Luxury,914.4
KG71396,Nevada,Male,High School or Below,4017.06,0,118.0,0,Corporate Auto,Two-Door Car,959.85
MI16758,Nevada,Female,High School or Below,12052.89,43184,102.0,0,Personal Auto,SUV,376.84
AT98182,California,Female,Doctor,2525.42,0,67.0,0,Corporate Auto,Four-Door Car,146.3
GP67583,Arizona,Male,College,8207.78,35349,102.0,0,Personal Auto,Four-Door Car,489.6
DY73849,California,Female,Bachelor,4569.88,0,124.0,0,Personal Auto,SUV,250.72
UR42360,California,Male,Bachelor,16979.8,35095,73.0,0,Personal Auto,Two-Door Car,525.6
IK74329,Arizona,Female,High School or Below,18061.92,13164,70.0,0,Personal Auto,Two-Door Car,75.39
WJ20394,Nevada,Male,High School or Below,5191.05,0,141.0,0,Corporate Auto,SUV,676.8
PF26758,Oregon,Female,College,6271.32,94880,79.0,3,Special Auto,Four-Door Car,347.6
DK81475,Nevada,Male,College,4619.45,95301,114.0,0,Personal Auto,SUV,547.2
DK93464,Nevada,Female,Bachelor,8571.48,56202,107.0,0,Personal Auto,Two-Door Car,513.51
XS76166,Oregon,Female,College,3245.48,35592,82.0,0,Personal Auto,Two-Door Car,496.81
TZ76531,California,Male,High School or Below,12489.21,0,113.0,0,Personal Auto,Four-Door Car,542.4
RC22595,Arizona,Female,College,3799.75,0,102.0,0,Personal Auto,Four-Door Car,489.6
IA90990,California,Female,High School or Below,10004.75,0,89.0,0,Corporate Auto,Two-Door Car,640.8
QQ69088,Washington,Male,Doctor,5577.67,11097,73.0,0,Corporate Auto,Two-Door Car,350.4
ED59130,Arizona,Male,Bachelor,16705.1,74900,208.0,0,Personal Auto,Luxury,998.4
SC90717,California,Male,Doctor,31864.86,23576,89.0,0,Personal Auto,Four-Door Car,383.51
PP36346,Nevada,Female,High School or Below,3708.81,23393,95.0,0,Corporate Auto,Four-Door Car,456.0
JU75786,Oregon,Female,Master,7203.13,0,95.0,0,Personal Auto,Two-Door Car,149.84
TU68427,Arizona,Female,High School or Below,2649.66,0,73.0,0,Personal Auto,Two-Door Car,350.4
YD28431,California,Female,Master,6991.61,66346,87.0,1,Personal Auto,Four-Door Car,78.18
MY56715,Oregon,Male,Bachelor,3380.71,58109,86.0,0,Corporate Auto,Two-Door Car,412.8
NF60680,Arizona,Female,High School or Below,20096.89,92766,71.0,0,Personal Auto,Two-Door Car,379.03
BD70337,California,Male,High School or Below,24706.92,26307,73.0,0,Personal Auto,Four-Door Car,313.19
DM77491,Oregon,Male,Bachelor,7416.47,0,69.0,0,Personal Auto,Four-Door Car,238.06
EV57176,California,Female,High School or Below,5605.38,21171,72.0,0,Corporate Auto,Four-Door Car,345.6
CQ76876,California,Female,College,13749.37,82753,114.0,0,Personal Auto,Four-Door Car,264.67
QI89498,Oregon,Female,College,2203.59,0,64.0,0,Personal Auto,Four-Door Car,757.21
BH43020,California,Male,Bachelor,3369.71,39754,85.0,0,Personal Auto,Four-Door Car,62.28
EC66666,Arizona,Female,College,7296.49,0,67.0,0,Personal Auto,Two-Door Car,321.6
EO74797,Arizona,Female,Bachelor,7840.65,0,76.0,1,Personal Auto,Four-Door Car,364.8
IA30254,Nevada,Male,High School or Below,14837.5,0,70.0,0,Corporate Auto,Four-Door Car,712.62
KC79907,Arizona,Female,College,7441.0,91915,186.0,0,Personal Auto,Luxury,93.57
XW34862,Nevada,Female,Master,11981.98,21514,62.0,0,Special Auto,Two-Door Car,257.25
RI76930,California,Female,College,4163.04,43276,104.0,0,Personal Auto,SUV,499.2
XZ40716,California,Female,High School or Below,8054.98,75531,102.0,0,Personal Auto,Four-Door Car,489.6
ZC75052,California,Male,Bachelor,22658.54,23665,67.0,0,Personal Auto,Four-Door Car,404.82
DH51686,Arizona,Female,Bachelor,4048.72,0,118.0,0,Personal Auto,Four-Door Car,566.4
HJ89045,California,Female,Bachelor,10288.92,96337,127.0,0,Personal Auto,SUV,609.6
DJ34695,California,Male,High School or Below,21920.81,60180,183.0,0,Corporate Auto,Luxury,988.53
KR89806,Oregon,Female,High School or Below,16468.22,0,63.0,0,Personal Auto,Four-Door Car,685.13
OX62816,Washington,Male,Master,5167.36,30376,66.0,0,Personal Auto,Four-Door Car,316.8
WM36886,California,Male,Master,5757.44,88997,72.0,0,Corporate Auto,Four-Door Car,174.04
BE92692,Oregon,Male,Bachelor,2487.78,69236,63.0,1,Personal Auto,Four-Door Car,110.87
JV79596,Oregon,Female,Bachelor,14594.45,27627,63.0,0,Special Auto,Two-Door Car,453.6
KA49711,Nevada,Male,Bachelor,5320.34,77524,68.0,3,Corporate Auto,Four-Door Car,64.8
YI68606,Oregon,Female,High School or Below,2442.2,75449,61.0,0,Corporate Auto,Two-Door Car,130.78
AU11344,Oregon,Female,Bachelor,5142.39,35666,131.0,0,Personal Auto,SUV,312.11
BG42047,Nevada,Male,College,2511.94,17658,65.0,0,Personal Auto,Four-Door Car,312.0
CF73234,Oregon,Male,High School or Below,2629.32,0,71.0,0,Corporate Auto,Four-Door Car,340.8
VE85103,Nevada,Male,College,2449.13,20567,72.0,4,Personal Auto,Four-Door Car,345.6
LN99977,California,Female,College,4062.0,30061,104.0,0,Special Auto,Luxury,499.2
CR56473,Nevada,Male,High School or Below,5252.51,0,74.0,0,Corporate Auto,Four-Door Car,532.8
YP32443,Oregon,Male,Bachelor,4372.19,20354,116.0,0,Personal Auto,SUV,556.8
MQ46375,Oregon,Male,Bachelor,15320.22,36637,192.0,0,Corporate Auto,Luxury,921.6
VU30980,California,Male,High School or Below,9657.58,0,131.0,0,Personal Auto,SUV,628.8
JX50349,Oregon,Female,College,2472.47,63860,62.0,0,Personal Auto,Four-Door Car,208.6
DH34004,California,Male,College,6191.4,0,199.0,3,Personal Auto,Luxury,955.2
DU66880,Arizona,Male,High School or Below,13583.62,58544,114.0,0,Personal Auto,Four-Door Car,769.79
QH87479,Oregon,Female,High School or Below,27528.31,54586,76.0,0,Personal Auto,Two-Door Car,122.59
MF87270,California,Female,High School or Below,2952.58,57248,74.0,0,Personal Auto,Four-Door Car,355.2
PX99904,California,Female,Bachelor,4949.39,0,134.0,0,Corporate Auto,Luxury,964.8
TD43065,California,Male,Bachelor,8209.92,66037,69.0,0,Personal Auto,Four-Door Car,69.0
DU39756,Nevada,Female,Master,4170.69,29462,107.0,1,Corporate Auto,SUV,513.6
GY65868,California,Male,Bachelor,20600.24,64541,86.0,0,Personal Auto,Four-Door Car,256.28
NG15645,California,Female,Master,2858.09,27382,71.0,0,Personal Auto,Four-Door Car,134.1
HH69970,California,Female,Bachelor,6282.08,32311,79.0,0,Corporate Auto,Four-Door Car,207.29
YJ57293,California,Male,College,2776.84,23830,76.0,1,Corporate Auto,Two-Door Car,364.8
BV22194,Arizona,Female,High School or Below,14194.15,88178,70.0,0,Personal Auto,Two-Door Car,336.0
UH22701,Oregon,Female,Master,9726.55,72236,80.0,0,Personal Auto,Four-Door Car,518.06
IA85970,California,Female,Bachelor,8099.47,0,112.0,0,Personal Auto,SUV,438.81
TC18240,Oregon,Male,College,5020.47,67890,63.0,0,Personal Auto,Four-Door Car,174.09
GE58317,Arizona,Female,College,4834.71,38713,66.0,4,Personal Auto,Four-Door Car,316.8
GW42895,Oregon,Female,Bachelor,17625.54,77803,63.0,0,Personal Auto,Four-Door Car,217.55
FH77504,California,Female,Bachelor,11009.13,51643,283.0,0,Personal Auto,Luxury,1358.4
XK87182,Oregon,Female,College,4502.21,46402,113.0,0,Personal Auto,Four-Door Car,476.39
HB17438,Washington,Male,Bachelor,10570.79,92044,132.0,0,Personal Auto,SUV,617.29
DH18269,Arizona,Male,College,10614.64,16040,96.0,0,Personal Auto,Two-Door Car,611.48
DP19820,Oregon,Male,College,11436.43,0,135.0,4,Personal Auto,SUV,980.53
IK64989,Washington,Male,Bachelor,4458.11,17622,65.0,1,Personal Auto,Four-Door Car,312.0
MP85571,Arizona,Female,Bachelor,5558.31,0,188.0,4,Personal Auto,SUV,2156.01
VO29645,Oregon,Male,High School or Below,5169.5,12430,73.0,0,Personal Auto,Four-Door Car,350.4
GP83239,California,Male,College,7840.17,58414,210.0,2,Personal Auto,Luxury,1008.0
GQ21970,Nevada,Female,Bachelor,24108.3,17257,70.0,0,Personal Auto,Four-Door Car,551.13
HP40365,Oregon,Female,College,5638.05,70492,70.0,0,Personal Auto,Two-Door Car,328.36
UX87150,California,Male,College,7680.15,68229,96.0,0,Corporate Auto,Four-Door Car,460.8
OZ30867,Oregon,Female,High School or Below,8409.07,33397,106.0,0,Personal Auto,SUV,508.8
LC60153,California,Male,Bachelor,12341.83,72503,106.0,0,Personal Auto,SUV,295.82
OX87524,California,Female,Master,2611.13,90349,64.0,0,Personal Auto,Four-Door Car,435.72
ZY78741,California,Male,High School or Below,6081.48,0,87.0,0,Corporate Auto,Four-Door Car,626.4
DB79306,California,Male,College,4416.35,25480,117.0,3,Personal Auto,SUV,486.55
EM77767,Oregon,Female,College,10932.21,72462,68.0,0,Personal Auto,Two-Door Car,272.74
PH78214,Oregon,Female,College,5427.17,27677,72.0,1,Personal Auto,Four-Door Car,345.6
LY17996,California,Male,High School or Below,6190.32,25743,79.0,0,Personal Auto,Two-Door Car,596.25
XV76553,Oregon,Male,High School or Below,4523.75,74935,112.0,0,Corporate Auto,SUV,192.86
SD38003,California,Male,Bachelor,2482.39,0,71.0,0,Personal Auto,Four-Door Car,511.2
QC30094,Oregon,Female,High School or Below,6903.95,15921,92.0,1,Corporate Auto,Four-Door Car,571.55
KH92987,Arizona,Female,High School or Below,21740.03,30095,136.0,0,Personal Auto,SUV,652.8
OB32671,Oregon,Female,High School or Below,37939.49,20587,106.0,0,Personal Auto,SUV,363.78
CD26907,California,Male,Bachelor,31215.69,0,117.0,0,Personal Auto,Luxury,1227.82
YY46839,Washington,Female,High School or Below,8482.46,29628,106.0,0,Corporate Auto,Two-Door Car,763.2
HY36253,California,Male,Bachelor,8490.28,28677,78.0,0,Personal Auto,Four-Door Car,131.52
KA62728,California,Male,High School or Below,8886.61,87094,113.0,1,Personal Auto,Four-Door Car,64.89
GH98275,California,Female,College,4670.95,0,64.0,0,Corporate Auto,Four-Door Car,181.81
DJ87316,Oregon,Male,High School or Below,10209.93,43736,128.0,0,Personal Auto,SUV,614.4
XC85830,Oregon,Female,Bachelor,4118.59,69379,103.0,0,Corporate Auto,Two-Door Car,494.4
VK85405,California,Female,High School or Below,7409.59,80415,62.0,0,Corporate Auto,Two-Door Car,281.37
ZP27971,California,Male,High School or Below,3803.8,26050,97.0,0,Personal Auto,Four-Door Car,465.6
QC95625,California,Male,High School or Below,12157.33,57449,103.0,0,Personal Auto,Four-Door Car,494.4
DN34058,Washington,Female,Bachelor,28119.29,68211,99.0,0,Corporate Auto,Four-Door Car,475.2
VS80344,Arizona,Female,Bachelor,8219.36,28445,103.0,0,Special Auto,Two-Door Car,427.76
SJ24275,Nevada,Female,College,4803.24,37313,62.0,0,Personal Auto,Four-Door Car,246.58
YB58105,California,Male,High School or Below,10865.86,0,110.0,1,Corporate Auto,Four-Door Car,1066.91
BP35803,California,Female,College,3425.73,29194,89.0,0,Personal Auto,Four-Door Car,424.47
CL73599,Arizona,Female,Bachelor,8609.16,79090,107.0,0,Personal Auto,SUV,289.04
ZR22245,Washington,Female,College,4605.04,22571,63.0,0,Personal Auto,Four-Door Car,302.4
JJ57298,Oregon,Male,College,18634.73,0,139.0,0,Corporate Auto,SUV,1066.63
FF53048,Arizona,Female,Master,3465.53,48744,86.0,0,Personal Auto,Two-Door Car,412.8
HD83496,Arizona,Male,Bachelor,2478.18,0,71.0,0,Corporate Auto,Four-Door Car,511.2
DD94148,California,Male,College,5792.44,29530,74.0,0,Personal Auto,Two-Door Car,222.48
FM52759,Nevada,Male,Bachelor,5548.03,67798,69.0,0,Personal Auto,Four-Door Car,331.2
OI39918,California,Male,Bachelor,3443.3,16208,93.0,0,Personal Auto,Two-Door Car,446.4
PC72443,Oregon,Female,College,4529.07,94757,112.0,0,Personal Auto,Four-Door Car,5.45
OQ15169,Washington,Female,High School or Below,5597.12,37995,139.0,0,Corporate Auto,SUV,667.2
ZO89996,Oregon,Male,College,2616.61,72302,66.0,0,Personal Auto,Two-Door Car,316.8
OP70207,Oregon,Male,College,10506.88,37934,137.0,1,Personal Auto,Luxury,385.44
ID39569,Washington,Male,High School or Below,10758.66,19382,94.0,0,Personal Auto,Four-Door Car,676.8
RJ80405,Arizona,Male,Bachelor,5498.66,33191,70.0,0,Personal Auto,Four-Door Car,443.54
NT21324,Arizona,Male,College,2791.88,72389,70.0,0,Personal Auto,Four-Door Car,206.16
IY98928,Arizona,Female,Master,5176.16,91475,64.0,0,Personal Auto,Four-Door Car,73.3
XJ81725,California,Male,College,8166.88,0,111.0,0,Personal Auto,Four-Door Car,799.2
FE62142,Oregon,Female,Bachelor,4267.08,43682,107.0,0,Corporate Auto,SUV,148.0
ZH55575,California,Female,Bachelor,5217.51,39854,66.0,0,Corporate Auto,Two-Door Car,261.93
WI86229,Oregon,Male,Master,7807.22,52162,99.0,0,Personal Auto,Two-Door Car,251.15
QR42111,Arizona,Female,High School or Below,5058.93,0,134.0,0,Special Auto,SUV,643.2
DN71979,Arizona,Male,College,7772.58,74755,195.0,0,Personal Auto,Luxury,1404.0
IC22580,California,Male,College,11533.97,85339,95.0,0,Personal Auto,Four-Door Car,392.75
MX93069,Oregon,Male,Doctor,5073.28,57709,125.0,0,Personal Auto,SUV,600.0
TG37225,California,Male,College,4636.55,26802,66.0,1,Personal Auto,Two-Door Car,316.8
GY69750,Oregon,Male,Master,5296.84,0,73.0,0,Personal Auto,Four-Door Car,152.08
KX99703,Oregon,Female,College,6273.91,18577,86.0,0,Personal Auto,Four-Door Car,412.8
AA35519,Arizona,Female,College,8002.31,0,107.0,0,Personal Auto,SUV,513.6
FE99816,Nevada,Female,Bachelor,15563.37,0,253.0,5,Personal Auto,Luxury,1214.4
YP92773,Washington,Female,Bachelor,4723.82,21546,119.0,1,Corporate Auto,Two-Door Car,625.4
CF26052,Arizona,Female,Bachelor,8436.35,49182,70.0,0,Personal Auto,Two-Door Car,165.41
PR37714,California,Female,Bachelor,7153.21,32238,91.0,0,Personal Auto,Four-Door Car,439.78
CE92675,California,Female,College,6990.69,0,68.0,0,Personal Auto,Four-Door Car,326.4
BK47926,California,Male,High School or Below,6375.08,98118,83.0,3,Personal Auto,Four-Door Car,398.4
BY62906,Arizona,Male,High School or Below,27990.36,22971,101.0,0,Personal Auto,SUV,562.02
UY95661,California,Male,Master,4971.73,49161,63.0,2,Personal Auto,Two-Door Car,171.75
OS84395,Nevada,Male,Bachelor,7611.95,90252,95.0,0,Corporate Auto,Four-Door Car,122.92
JS53793,Arizona,Female,Doctor,2422.19,25036,61.0,1,Corporate Auto,Four-Door Car,292.8
BV25135,California,Male,Bachelor,4647.42,28314,121.0,0,Personal Auto,SUV,580.8
AF17671,Washington,Female,Bachelor,7765.23,56337,97.0,0,Personal Auto,Four-Door Car,465.6
AY30324,Oregon,Female,Bachelor,6189.44,99074,77.0,1,Special Auto,Two-Door Car,208.39
XE17270,California,Male,High School or Below,3520.7,31708,94.0,1,Personal Auto,Two-Door Car,451.2
LS46182,Nevada,Male,Bachelor,2678.46,0,83.0,1,Personal Auto,Four-Door Car,398.4
LH33181,Arizona,Male,Bachelor,6274.56,0,67.0,1,Personal Auto,Four-Door Car,431.32
AT84725,Washington,Male,College,4650.06,28215,65.0,0,Personal Auto,Two-Door Car,468.0
TP33286,Washington,Male,High School or Below,12010.94,0,119.0,0,Corporate Auto,Four-Door Car,856.8
YB79192,California,Female,Bachelor,10193.77,21119,128.0,0,Personal Auto,SUV,614.4
SC43870,California,Male,Bachelor,15862.18,0,66.0,0,Corporate Auto,Four-Door Car,475.2
OO72857,Oregon,Male,Bachelor,17254.04,0,69.0,1,Personal Auto,Four-Door Car,331.2
MO38559,Arizona,Female,Doctor,5294.23,0,70.0,0,Personal Auto,Four-Door Car,20.52
RL65736,Oregon,Female,High School or Below,6274.45,13662,85.0,0,Personal Auto,Four-Door Car,408.0
ID30085,Arizona,Female,High School or Below,8007.4,0,112.0,0,Personal Auto,Luxury,537.6
CO68055,Oregon,Male,Bachelor,30966.32,0,109.0,0,Personal Auto,SUV,691.4
NX37589,Washington,Female,Bachelor,2666.98,79251,67.0,1,Personal Auto,Four-Door Car,321.6
BX88206,Nevada,Female,High School or Below,18572.01,51294,116.0,0,Corporate Auto,SUV,113.24
AA30683,California,Male,Bachelor,6595.1,0,105.0,2,Personal Auto,Four-Door Car,847.72
BD13927,California,Female,High School or Below,2243.47,0,62.0,0,Personal Auto,Two-Door Car,675.47
SJ71233,California,Female,College,7423.93,0,107.0,0,Personal Auto,SUV,513.6
WK52692,Oregon,Female,College,4627.09,29124,129.0,4,Personal Auto,SUV,619.2
OG67387,California,Male,College,4413.26,0,65.0,0,Personal Auto,Four-Door Car,312.0
XR99310,California,Male,College,3163.28,97266,79.0,0,Special Auto,Two-Door Car,546.05
GU84478,Oregon,Male,High School or Below,4908.12,48207,63.0,2,Personal Auto,Four-Door Car,164.97
ZX29705,California,Female,College,7850.59,0,69.0,0,Corporate Auto,Four-Door Car,331.2
WN67367,California,Female,Bachelor,3210.42,0,88.0,0,Personal Auto,Four-Door Car,325.92
QN67807,Arizona,Male,Bachelor,5387.41,97316,67.0,0,Personal Auto,Two-Door Car,309.08
AU77281,Oregon,Female,College,2472.47,63860,62.0,0,Personal Auto,Four-Door Car,208.6
DN46994,California,Female,Bachelor,5403.59,72633,67.0,0,Personal Auto,Four-Door Car,155.76
OW97322,Oregon,Male,Bachelor,31410.93,28013,266.0,0,Personal Auto,Luxury,1276.8
ZC97171,Arizona,Female,High School or Below,7627.43,60479,96.0,0,Personal Auto,Four-Door Car,85.16
NG69817,California,Female,Bachelor,7540.39,0,68.0,0,Personal Auto,Two-Door Car,519.76
BS95225,California,Male,College,2617.7,14151,72.0,1,Personal Auto,Four-Door Car,345.6
AE93522,Washington,Male,Bachelor,7212.14,75891,61.0,0,Corporate Auto,Two-Door Car,61.29
LP15901,Nevada,Male,Bachelor,6671.77,0,183.0,0,Personal Auto,Luxury,1317.6
FB95495,California,Male,College,5677.64,53078,73.0,0,Personal Auto,Four-Door Car,764.22
PE59735,Oregon,Female,High School or Below,22952.07,20031,86.0,0,Personal Auto,Four-Door Car,109.69
WR73970,Arizona,Male,Bachelor,2960.57,92070,74.0,0,Corporate Auto,Four-Door Car,368.67
JD15492,Oregon,Female,High School or Below,2446.68,44509,61.0,0,Personal Auto,Four-Door Car,226.73
OF46381,California,Male,High School or Below,7659.72,0,73.0,0,Personal Auto,Two-Door Car,525.6
GP85044,Arizona,Male,Bachelor,4533.73,91967,113.0,0,Special Auto,SUV,156.74
OO64005,Oregon,Female,Bachelor,2355.28,0,63.0,0,Personal Auto,Four-Door Car,302.4
VB42222,Nevada,Female,Bachelor,14316.85,97379,119.0,0,Personal Auto,Four-Door Car,354.76
ZR79373,Arizona,Female,Bachelor,10179.72,14290,271.0,0,Personal Auto,Luxury,1300.8
KH12081,Arizona,Female,High School or Below,8129.51,0,119.0,1,Personal Auto,SUV,729.41
WV64743,Washington,Male,High School or Below,13272.23,0,194.0,0,Personal Auto,Luxury,1396.8
ZT58755,Oregon,Female,High School or Below,17817.46,0,68.0,0,Personal Auto,Four-Door Car,256.92
WX52894,Nevada,Male,College,25002.02,21927,71.0,0,Personal Auto,Four-Door Car,128.62
EO51920,Oregon,Female,High School or Below,19955.26,69096,99.0,0,Corporate Auto,Four-Door Car,64.67
AQ34238,Oregon,Male,Bachelor,4606.27,0,72.0,2,Corporate Auto,Four-Door Car,518.4
EI10204,Oregon,Female,High School or Below,15114.4,28513,100.0,1,Personal Auto,SUV,480.0
GY23881,Oregon,Male,High School or Below,4782.35,81687,61.0,0,Personal Auto,Four-Door Car,292.8
FL59259,Nevada,Female,High School or Below,6317.37,13792,87.0,2,Personal Auto,Four-Door Car,620.19
RN45606,Nevada,Female,High School or Below,16224.54,32184,136.0,1,Personal Auto,SUV,266.15
OJ64812,Washington,Male,Bachelor,9585.5,26432,88.0,3,Personal Auto,Four-Door Car,422.4
AK11669,Arizona,Female,Doctor,10130.93,59232,85.0,0,Corporate Auto,Two-Door Car,408.0
EM53324,Oregon,Female,College,7343.53,0,72.0,3,Personal Auto,Four-Door Car,345.6
JE99638,Arizona,Male,Bachelor,7699.63,23577,68.0,0,Personal Auto,Four-Door Car,91.82
LR69185,Nevada,Male,College,5739.82,0,80.0,0,Personal Auto,Four-Door Car,848.2
AS55478,Oregon,Male,Bachelor,3874.87,26670,98.0,0,Corporate Auto,Four-Door Car,541.23
OB52091,Washington,Male,Bachelor,8112.32,87403,68.0,0,Personal Auto,Four-Door Car,456.29
AM28777,Oregon,Female,College,2707.43,51455,67.0,0,Personal Auto,Four-Door Car,11.05
AQ70385,Oregon,Male,High School or Below,5686.96,30242,72.0,0,Personal Auto,Four-Door Car,48.29
FL22732,Oregon,Male,Bachelor,7381.62,64311,62.0,0,Personal Auto,Four-Door Car,157.17
JD75068,Oregon,Female,College,2724.26,0,70.0,0,Corporate Auto,Four-Door Car,405.38
MM70762,Arizona,Male,Master,9075.77,37722,116.0,0,Personal Auto,Luxury,158.08
JT46803,Oregon,Female,Bachelor,2756.54,42336,69.0,0,Personal Auto,Four-Door Car,25.61
VO25938,Oregon,Male,Bachelor,8382.48,25998,71.0,0,Personal Auto,Four-Door Car,791.88
FP31685,Oregon,Female,Bachelor,7868.1,24887,68.0,0,Personal Auto,Four-Door Car,326.4
LP69867,Oregon,Male,High School or Below,2851.65,0,82.0,0,Personal Auto,Four-Door Car,590.4
BX88330,Washington,Female,College,7615.37,90918,64.0,0,Personal Auto,Four-Door Car,163.41
QQ86648,Oregon,Male,High School or Below,5658.53,78834,72.0,2,Personal Auto,Two-Door Car,345.6
VE80757,Oregon,Male,Bachelor,4307.46,0,62.0,0,Personal Auto,Two-Door Car,434.27
BE69929,Arizona,Female,College,4820.7,27872,61.0,0,Personal Auto,Two-Door Car,186.86
BM31989,Arizona,Male,College,8754.16,24012,112.0,1,Personal Auto,Four-Door Car,82.21
HW27766,Arizona,Male,College,7259.33,16367,94.0,0,Personal Auto,Four-Door Car,515.57
BC90645,California,Female,Master,2675.03,55479,68.0,1,Personal Auto,Four-Door Car,117.96
GC36679,Oregon,Male,High School or Below,3305.13,40778,86.0,0,Personal Auto,Four-Door Car,412.8
VI74176,Arizona,Male,High School or Below,8984.04,0,137.0,3,Personal Auto,SUV,1532.08
BX24569,California,Male,Bachelor,3567.5,0,102.0,0,Personal Auto,SUV,660.43
DR32525,Arizona,Male,College,23747.47,0,96.0,4,Personal Auto,Four-Door Car,460.8
CP76842,Nevada,Female,College,3352.87,95438,83.0,0,Corporate Auto,Two-Door Car,99.22
IH20118,Oregon,Male,High School or Below,5169.5,12430,73.0,0,Personal Auto,Four-Door Car,350.4
DA20472,California,Male,High School or Below,8564.77,95697,107.0,0,Personal Auto,Luxury,178.01
DN67273,Oregon,Female,High School or Below,8028.48,0,74.0,0,Personal Auto,Two-Door Car,532.8
ZZ20738,California,Female,High School or Below,9000.44,28108,114.0,0,Personal Auto,Luxury,547.2
AS18084,California,Female,College,11638.9,25370,102.0,0,Personal Auto,Luxury,489.6
FY21364,California,Male,Bachelor,7376.8,0,105.0,0,Corporate Auto,SUV,756.0
LL73047,California,Female,High School or Below,7892.09,28672,71.0,0,Personal Auto,Four-Door Car,340.8
CG15505,California,Female,Master,19160.99,22705,239.0,0,Personal Auto,Luxury,1294.7
ZZ22047,Washington,Male,Bachelor,5548.03,67798,69.0,0,Corporate Auto,Four-Door Car,331.2
NG56399,Arizona,Male,High School or Below,8319.53,61367,70.0,0,Personal Auto,Two-Door Car,498.53
MD45928,Arizona,Female,High School or Below,13770.98,59207,116.0,0,Personal Auto,Four-Door Car,556.8
OV29928,Washington,Female,College,5225.25,67423,65.0,0,Corporate Auto,Four-Door Car,293.31
OR28030,California,Male,Bachelor,16979.8,35095,73.0,0,Corporate Auto,Two-Door Car,525.6
LO48748,Oregon,Female,Master,7485.36,26380,96.0,0,Personal Auto,Four-Door Car,177.37
FX95323,Oregon,Male,College,2639.64,88731,66.0,0,Personal Auto,Four-Door Car,148.97
AG85127,Oregon,Male,Bachelor,8085.45,61409,68.0,0,Special Auto,Four-Door Car,264.04
JN33628,California,Male,Bachelor,12316.8,0,167.0,0,Personal Auto,SUV,1986.0
QU69375,Nevada,Male,High School or Below,5568.95,0,79.0,1,Corporate Auto,Two-Door Car,407.44
FM37864,California,Female,Bachelor,3571.83,74931,89.0,0,Personal Auto,Two-Door Car,230.85
IL23615,Oregon,Male,College,3350.24,74770,86.0,0,Personal Auto,Four-Door Car,412.8
FZ44411,Arizona,Male,Bachelor,2716.19,0,95.0,5,Corporate Auto,Four-Door Car,619.27
JE32215,California,Female,Bachelor,38887.9,44299,107.0,0,Personal Auto,Two-Door Car,180.09
FQ88964,Arizona,Male,College,2272.45,0,71.0,1,Personal Auto,Two-Door Car,390.5
WW22291,California,Male,Master,2849.25,63326,72.0,0,Personal Auto,Four-Door Car,361.56
EV39637,Oregon,Female,High School or Below,5328.32,0,73.0,0,Personal Auto,Four-Door Car,794.45
TG36139,California,Female,High School or Below,4679.98,21720,128.0,0,Corporate Auto,SUV,837.91
XN25550,Oregon,Male,College,5345.2,55571,135.0,0,Personal Auto,SUV,904.81
NG94966,California,Male,College,2437.08,34759,61.0,0,Personal Auto,Four-Door Car,302.35
AD28349,Arizona,Male,High School or Below,4637.54,0,68.0,0,Personal Auto,Four-Door Car,352.13
VZ56705,Oregon,Male,Bachelor,8804.58,38638,74.0,0,Personal Auto,Four-Door Car,355.2
TQ82322,California,Female,Bachelor,2438.69,80927,62.0,0,Personal Auto,Two-Door Car,211.66
CB77819,California,Male,High School or Below,4736.35,0,65.0,0,Personal Auto,Two-Door Car,585.45
VG68427,Arizona,Male,High School or Below,5608.16,81914,70.0,0,Corporate Auto,Four-Door Car,198.75
WO42164,Oregon,Male,High School or Below,6465.22,0,92.0,0,Personal Auto,Four-Door Car,662.4
NL87371,Oregon,Male,Bachelor,2435.25,0,72.0,0,Personal Auto,Two-Door Car,345.6
QW24080,Oregon,Female,College,2111.99,0,74.0,4,Personal Auto,Four-Door Car,369.82
ZL53118,Arizona,Male,High School or Below,2347.59,0,69.0,1,Personal Auto,Four-Door Car,757.89
GT19025,Oregon,Female,Bachelor,3636.56,25407,98.0,0,Personal Auto,Four-Door Car,284.24
VN44400,California,Female,College,5692.68,86073,70.0,0,Personal Auto,Two-Door Car,291.59
JF45126,Nevada,Male,Bachelor,4041.24,23818,104.0,1,Personal Auto,SUV,499.2
SW94040,Oregon,Female,College,7756.17,21326,99.0,0,Personal Auto,Four-Door Car,632.77
XI36396,California,Male,Bachelor,3151.16,18486,86.0,0,Personal Auto,Four-Door Car,412.8
CL38926,Oregon,Male,Bachelor,7198.42,10458,102.0,0,Corporate Auto,SUV,489.6
CU10179,California,Female,College,5263.92,82528,131.0,0,Personal Auto,Luxury,258.04
BK57087,California,Female,College,4347.16,38223,112.0,2,Personal Auto,SUV,537.6
LF94282,Nevada,Male,Bachelor,2884.64,63438,72.0,0,Personal Auto,Two-Door Car,36.73
BO46265,Oregon,Male,College,6906.2,13432,92.0,0,Personal Auto,Four-Door Car,610.57
VJ45879,California,Male,Bachelor,4450.22,26848,114.0,0,Personal Auto,Two-Door Car,100.56
FR12423,Oregon,Male,Bachelor,24127.5,14072,71.0,0,Personal Auto,Four-Door Car,511.2
IY87065,California,Female,Bachelor,5246.28,28909,66.0,0,Corporate Auto,Two-Door Car,456.7
LR49944,Nevada,Female,Doctor,2744.74,35159,68.0,0,Personal Auto,Two-Door Car,150.5
LU40443,Oregon,Male,Master,5543.8,64255,70.0,0,Personal Auto,Four-Door Car,193.87
HN54181,California,Female,College,6013.04,0,84.0,0,Personal Auto,Four-Door Car,604.8
GC52187,Nevada,Female,College,3650.58,88842,90.0,0,Personal Auto,Two-Door Car,350.76
FH22095,California,Male,College,2520.82,39377,64.0,0,Corporate Auto,Two-Door Car,307.2
KY55245,California,Male,High School or Below,5169.5,12430,73.0,0,Personal Auto,Four-Door Car,350.4
ST43920,Arizona,Female,Doctor,2395.57,21986,63.0,0,Personal Auto,Two-Door Car,333.7
GG84614,Oregon,Female,High School or Below,3031.59,27435,76.0,0,Personal Auto,Two-Door Car,455.55
JW94491,California,Male,College,11790.5,25251,66.0,0,Personal Auto,Four-Door Car,316.8
EW51866,Arizona,Female,College,6755.08,29881,85.0,0,Personal Auto,Four-Door Car,17.92
KU13616,California,Female,Bachelor,11315.2,11885,101.0,0,Personal Auto,Four-Door Car,484.8
CB15842,California,Male,High School or Below,8207.7,40420,104.0,0,Special Auto,SUV,499.2
RN66968,California,Male,High School or Below,5332.62,74837,66.0,0,Personal Auto,Four-Door Car,376.5
IQ30108,Oregon,Male,High School or Below,3087.43,67591,77.0,0,Special Auto,Four-Door Car,198.08
VB23257,Oregon,Male,Bachelor,4652.6,47590,119.0,0,Special Auto,SUV,121.33
CV13878,California,Female,High School or Below,2489.75,75474,62.0,0,Personal Auto,Two-Door Car,297.6
FD14790,Oregon,Male,Bachelor,18196.64,57177,92.0,0,Personal Auto,Four-Door Car,441.6
VZ61940,Nevada,Female,Doctor,2668.73,52344,66.0,0,Personal Auto,Four-Door Car,182.61
PX66705,California,Female,High School or Below,8257.01,20072,70.0,0,Personal Auto,Four-Door Car,487.81
XG66314,California,Male,College,12465.92,33604,105.0,0,Personal Auto,SUV,357.62
ZM40672,Oregon,Female,Master,6743.13,0,61.0,0,Corporate Auto,Two-Door Car,292.8
VF21523,Nevada,Female,High School or Below,2883.17,37741,74.0,0,Corporate Auto,Two-Door Car,355.2
OM50417,Arizona,Female,Bachelor,29973.42,48471,83.0,1,Personal Auto,Four-Door Car,208.9
SO54368,Oregon,Male,College,4686.47,58089,118.0,0,Personal Auto,SUV,566.4
XZ62430,Arizona,Male,Bachelor,6057.07,27681,83.0,0,Personal Auto,Two-Door Car,398.4
RZ51338,Arizona,Male,Bachelor,6895.31,28992,74.0,4,Personal Auto,Four-Door Car,355.2
NV13794,Nevada,Female,High School or Below,9549.11,55986,119.0,0,Personal Auto,SUV,388.51
JB23570,California,Male,College,10593.59,94042,132.0,0,Corporate Auto,SUV,633.6
MH24522,California,Male,College,7735.47,0,101.0,0,Personal Auto,Luxury,563.28
TD78032,Washington,Male,High School or Below,2306.43,0,67.0,0,Corporate Auto,Four-Door Car,482.4
WW41496,Nevada,Female,Bachelor,31234.89,70164,88.0,0,Personal Auto,Two-Door Car,375.4
IF32545,Nevada,Female,Master,5096.67,22886,65.0,0,Corporate Auto,Four-Door Car,312.0
HF72557,Washington,Male,Bachelor,3226.79,19948,89.0,0,Personal Auto,Four-Door Car,427.2
MD41042,Arizona,Female,College,5896.54,39293,74.0,0,Personal Auto,Two-Door Car,352.74
UP31333,Washington,Male,College,13869.93,28432,118.0,0,Corporate Auto,SUV,612.3
UC35517,Oregon,Male,College,18532.41,0,70.0,0,Corporate Auto,Four-Door Car,504.0
HS89788,Arizona,Female,High School or Below,7716.44,0,107.0,0,Personal Auto,Luxury,1166.75
SG82836,Oregon,Male,High School or Below,6439.78,47412,81.0,0,Personal Auto,Two-Door Car,421.82
VM50666,California,Male,Doctor,9718.46,0,65.0,0,Special Auto,Four-Door Car,312.0
MD70513,Washington,Male,College,12759.28,68351,107.0,0,Personal Auto,SUV,725.34
YX96463,Oregon,Female,Bachelor,5926.98,58733,74.0,0,Corporate Auto,Four-Door Car,355.2
LH38387,Nevada,Female,Bachelor,11389.94,58187,95.0,0,Personal Auto,Two-Door Car,76.73
BY59578,California,Male,College,3497.48,63189,88.0,0,Personal Auto,Four-Door Car,569.12
RN12107,Oregon,Female,High School or Below,9476.9,0,254.0,0,Corporate Auto,Luxury,1828.8
MZ84108,Arizona,Male,Bachelor,9853.77,44006,130.0,0,Personal Auto,Luxury,494.66
JG68387,Nevada,Female,Bachelor,8099.4,60932,101.0,0,Corporate Auto,SUV,484.8
AQ94108,Oregon,Female,College,8507.83,56704,71.0,0,Corporate Auto,Four-Door Car,84.72
NE85389,Oregon,Female,High School or Below,23903.68,0,74.0,1,Personal Auto,Four-Door Car,355.2
JQ35849,California,Male,High School or Below,5360.56,24254,68.0,0,Personal Auto,Four-Door Car,326.4
QU93024,California,Male,Bachelor,29706.78,0,128.0,0,Personal Auto,SUV,1345.32
EQ90867,Oregon,Male,College,5431.21,57125,68.0,0,Corporate Auto,Four-Door Car,326.4
PG67485,Nevada,Male,High School or Below,9048.98,0,119.0,0,Personal Auto,Luxury,571.2
OX62244,California,Male,Bachelor,4359.74,0,64.0,0,Personal Auto,Four-Door Car,307.2
MW98508,Oregon,Female,College,2889.09,72075,73.0,2,Special Auto,Four-Door Car,22.57
MM50888,Arizona,Female,High School or Below,3056.22,34317,78.0,2,Personal Auto,Two-Door Car,263.59
QZ19741,Oregon,Female,College,13815.78,96745,179.0,5,Personal Auto,SUV,859.2
ET10831,Oregon,Male,College,5116.73,95427,65.0,0,Personal Auto,Four-Door Car,442.81
OL72669,Arizona,Male,Bachelor,10033.28,0,146.0,0,Corporate Auto,SUV,1404.85
BM46418,Nevada,Male,College,2772.84,30606,71.0,0,Personal Auto,Two-Door Car,253.05
VD78722,Oregon,Male,College,2647.52,37876,69.0,0,Personal Auto,Four-Door Car,300.06
FL69981,California,Female,Bachelor,4038.86,0,110.0,0,Personal Auto,SUV,528.0
EG10175,California,Female,Master,7781.9,57474,97.0,0,Personal Auto,Two-Door Car,280.04
WS60888,California,Male,Bachelor,16473.17,22828,106.0,0,Personal Auto,SUV,508.8
LM58227,Oregon,Female,High School or Below,5285.31,65096,67.0,3,Personal Auto,Four-Door Car,321.6
IK49861,Oregon,Male,Bachelor,3107.59,0,88.0,0,Personal Auto,Two-Door Car,87.14
RM87465,Arizona,Male,High School or Below,5780.18,51066,74.0,0,Personal Auto,Four-Door Car,787.99
BY75330,California,Male,Bachelor,26939.51,96866,113.0,1,Personal Auto,SUV,377.39
CF41619,Nevada,Male,College,2329.46,20934,61.0,1,Personal Auto,Four-Door Car,292.8
ZZ54454,Nevada,Male,Master,4589.94,32510,119.0,0,Personal Auto,Two-Door Car,571.2
CU84967,California,Female,High School or Below,4428.03,58577,110.0,0,Personal Auto,SUV,303.87
UR56056,Oregon,Male,Bachelor,10881.77,73268,137.0,0,Personal Auto,SUV,41.14
VN30344,California,Male,College,5412.7,0,80.0,0,Personal Auto,Four-Door Car,576.0
YE67531,Oregon,Male,High School or Below,8382.63,19683,117.0,1,Personal Auto,Luxury,561.6
EW67348,Nevada,Female,College,4834.71,38713,66.0,4,Personal Auto,Four-Door Car,316.8
PD69398,Washington,Male,College,21710.28,62370,94.0,2,Corporate Auto,Four-Door Car,32.01
YT43943,California,Female,High School or Below,2430.87,28476,62.0,0,Personal Auto,Four-Door Car,297.6
ON74557,California,Male,Bachelor,14651.62,74915,122.0,0,Personal Auto,SUV,393.15
JL52508,Oregon,Male,Doctor,5073.28,57709,125.0,0,Personal Auto,SUV,600.0
UI62725,Oregon,Male,Bachelor,5520.48,94676,69.0,0,Corporate Auto,Four-Door Car,331.2
LO75919,Arizona,Male,Bachelor,6008.18,43543,76.0,0,Personal Auto,Two-Door Car,339.26
SM62247,Nevada,Female,High School or Below,24543.2,68297,212.0,3,Corporate Auto,Luxury,1272.49
AF20716,Oregon,Male,Bachelor,2429.37,74241,61.0,0,Personal Auto,Two-Door Car,138.59
LQ22609,Arizona,Female,College,3452.03,61385,86.0,0,Personal Auto,Four-Door Car,199.3
ZP80265,Oregon,Male,Bachelor,4109.31,0,62.0,0,Personal Auto,Two-Door Car,446.4
BO87401,Nevada,Female,College,8714.92,0,118.0,0,Personal Auto,SUV,566.4
SX20211,Oregon,Male,College,8110.31,52548,101.0,0,Personal Auto,Four-Door Car,587.5
EK61334,California,Female,Bachelor,3669.83,0,95.0,0,Personal Auto,Four-Door Car,429.66
QJ49871,Oregon,Male,College,3893.31,26605,100.0,0,Personal Auto,SUV,933.33
OO65445,Oregon,Female,Bachelor,2496.48,0,67.0,0,Personal Auto,Four-Door Car,181.34
WP55297,Washington,Male,Bachelor,4629.97,0,70.0,0,Personal Auto,Four-Door Car,754.95
WY12393,Washington,Female,High School or Below,17684.65,82667,64.0,1,Special Auto,Two-Door Car,307.2
JF32940,Oregon,Female,Bachelor,15663.66,31789,130.0,0,Personal Auto,SUV,316.42
WX84274,Oregon,Female,Bachelor,4940.12,0,71.0,0,Corporate Auto,Four-Door Car,551.57
CW85845,California,Female,High School or Below,2754.46,25151,69.0,0,Corporate Auto,Four-Door Car,318.04
IO57824,Arizona,Male,Bachelor,2953.8,0,87.0,2,Personal Auto,Four-Door Car,414.19
AX86552,California,Male,College,6198.79,24053,87.0,1,Personal Auto,Four-Door Car,624.53
LM84078,Oregon,Male,College,12176.01,0,117.0,0,Personal Auto,SUV,1373.26
GG87344,Oregon,Female,College,4035.01,55407,101.0,1,Personal Auto,SUV,275.34
LA35379,Oregon,Female,Master,2954.39,62461,73.0,0,Personal Auto,Four-Door Car,129.27
EZ43738,California,Female,Bachelor,5204.65,29406,68.0,0,Personal Auto,Four-Door Car,326.4
DF49110,Oregon,Male,Doctor,8100.24,89420,67.0,0,Personal Auto,Four-Door Car,212.46
IL32727,California,Female,High School or Below,4443.63,0,121.0,0,Personal Auto,SUV,644.27
QV55524,Washington,Male,College,7503.37,52464,95.0,0,Personal Auto,Four-Door Car,515.93
EB55390,Oregon,Female,Master,2548.51,43731,64.0,2,Special Auto,Four-Door Car,162.46
KB54415,Arizona,Male,High School or Below,2473.37,13449,68.0,0,Personal Auto,Four-Door Car,326.4
PG14554,Arizona,Male,Bachelor,32777.3,0,115.0,0,Personal Auto,SUV,552.0
QI63521,Nevada,Male,High School or Below,19228.46,0,187.0,0,Personal Auto,Luxury,897.6
DC85335,Oregon,Male,College,4538.12,49821,61.0,4,Personal Auto,Four-Door Car,333.31
SR26762,California,Female,Bachelor,7663.51,34837,63.0,0,Personal Auto,Four-Door Car,72.83
UH86550,Oregon,Female,College,4177.29,44222,104.0,0,Personal Auto,Four-Door Car,413.2
ON72594,California,Female,Master,11776.0,58881,97.0,0,Personal Auto,Four-Door Car,354.89
LE28486,Oregon,Female,College,3996.77,46210,100.0,0,Personal Auto,SUV,46.32
EJ86526,Oregon,Female,Bachelor,5490.78,49480,70.0,1,Corporate Auto,Four-Door Car,72.69
DQ92905,Arizona,Male,Bachelor,12989.82,0,65.0,0,Personal Auto,Four-Door Car,312.0
JL25091,California,Male,Bachelor,4599.76,79284,117.0,1,Special Auto,Four-Door Car,156.45
HP42153,Washington,Female,High School or Below,2351.88,12928,64.0,0,Personal Auto,Four-Door Car,307.2
OQ27893,Oregon,Male,High School or Below,2903.24,20510,74.0,0,Personal Auto,Two-Door Car,355.2
PB31909,California,Male,College,3807.53,0,115.0,0,Corporate Auto,Four-Door Car,828.0
AL43715,Nevada,Male,Master,8310.7,67541,104.0,0,Personal Auto,Four-Door Car,203.89
YA70612,Oregon,Male,Bachelor,8962.8,97924,74.0,0,Personal Auto,Two-Door Car,355.2
LO37570,Arizona,Male,High School or Below,12157.54,40432,77.0,0,Personal Auto,Four-Door Car,369.6
XC83045,Nevada,Male,Bachelor,16460.08,16869,222.0,0,Personal Auto,Luxury,1065.6
NC47038,Arizona,Male,High School or Below,8788.53,91171,110.0,0,Personal Auto,SUV,771.4
DS31990,Oregon,Male,High School or Below,5093.48,0,71.0,0,Personal Auto,Two-Door Car,150.88
CR99369,Arizona,Male,High School or Below,5377.91,34528,69.0,2,Corporate Auto,Four-Door Car,183.6
RE68901,Washington,Female,College,5635.75,20303,71.0,0,Corporate Auto,Four-Door Car,340.8
VQ97965,Oregon,Female,Bachelor,3514.21,73643,89.0,0,Corporate Auto,Four-Door Car,147.49
ZK83518,California,Male,College,4386.28,10621,67.0,0,Personal Auto,Four-Door Car,321.6
EJ77557,California,Male,High School or Below,7294.58,76407,91.0,0,Personal Auto,Four-Door Car,436.8
QJ62033,Arizona,Male,High School or Below,2415.06,0,71.0,0,Personal Auto,Four-Door Car,511.2
OH23652,Oregon,Female,Bachelor,4693.75,26607,122.0,0,Personal Auto,SUV,585.6
NE51159,Oregon,Male,College,7481.83,61783,94.0,0,Personal Auto,Four-Door Car,658.13
GU56606,Nevada,Male,Bachelor,5953.35,20283,77.0,0,Personal Auto,Two-Door Car,369.6
HR28499,California,Male,Bachelor,3890.96,43578,98.0,0,Personal Auto,Two-Door Car,105.66
VK92827,California,Male,Bachelor,5352.22,93606,67.0,0,Personal Auto,Four-Door Car,321.6
DZ85842,California,Male,High School or Below,8105.81,17920,72.0,0,Personal Auto,Four-Door Car,424.38
HX87528,California,Male,College,3509.97,51800,92.0,0,Personal Auto,Four-Door Car,299.45
FJ57446,Oregon,Female,College,8434.12,27694,108.0,0,Personal Auto,SUV,741.85
GU91528,Oregon,Female,High School or Below,4254.62,11904,61.0,2,Personal Auto,Two-Door Car,292.8
LR92373,Nevada,Female,Bachelor,2839.95,53444,72.0,1,Personal Auto,Four-Door Car,315.7
LC90366,Nevada,Male,Bachelor,16473.17,22828,106.0,0,Personal Auto,SUV,508.8
UI36597,Oregon,Male,Bachelor,31706.93,50719,131.0,0,Personal Auto,SUV,870.63
MD33155,California,Male,College,2580.85,46900,66.0,0,Corporate Auto,Four-Door Car,316.8
MB20764,Oregon,Male,High School or Below,17622.13,0,252.0,0,Corporate Auto,Luxury,1814.4
JA76884,California,Male,Master,14435.67,60880,119.0,0,Personal Auto,Two-Door Car,109.91
BQ32117,California,Male,Doctor,12731.95,40870,105.0,0,Personal Auto,SUV,504.0
ZM45168,Oregon,Male,College,2398.35,14321,65.0,0,Personal Auto,Four-Door Car,423.82
BE25221,Arizona,Male,High School or Below,6182.62,20072,82.0,0,Corporate Auto,Four-Door Car,473.27
II92123,Oregon,Male,High School or Below,9431.38,77365,79.0,0,Personal Auto,Two-Door Car,2.82
PN35535,California,Female,College,4651.28,98475,115.0,0,Personal Auto,SUV,552.0
EI17022,Washington,Male,Bachelor,12168.74,14973,115.0,0,Corporate Auto,SUV,828.0
OH41318,Washington,Male,Master,26122.13,83385,131.0,2,Personal Auto,SUV,704.34
ER52041,California,Male,College,3237.31,0,90.0,0,Personal Auto,Four-Door Car,659.44
PY57181,Oregon,Male,College,9416.47,0,86.0,1,Personal Auto,Four-Door Car,412.8
CY12922,Arizona,Male,College,2506.36,0,73.0,0,Personal Auto,Four-Door Car,525.6
YV85096,Oregon,Female,Bachelor,5272.01,98110,65.0,0,Corporate Auto,Four-Door Car,176.29
DG34434,California,Female,Bachelor,5246.28,28909,66.0,0,Corporate Auto,Two-Door Car,456.7
DL14445,California,Female,College,10611.56,0,96.0,0,Personal Auto,Four-Door Car,949.95
QL80621,Oregon,Female,Bachelor,2249.87,0,62.0,0,Personal Auto,Four-Door Car,297.6
NY57065,California,Male,Bachelor,2816.76,42937,71.0,0,Corporate Auto,Two-Door Car,251.78
EO17010,California,Male,Master,4751.28,30887,119.0,0,Personal Auto,SUV,444.17
LC47479,Oregon,Male,College,28622.31,35442,239.0,0,Personal Auto,Luxury,1147.2
GB92679,Nevada,Female,High School or Below,8421.52,95139,103.0,0,Personal Auto,Four-Door Car,34.02
VQ78876,Oregon,Female,Bachelor,4660.4,89834,116.0,0,Corporate Auto,SUV,43.16
YQ24856,California,Male,Bachelor,6843.85,0,66.0,0,Corporate Auto,Two-Door Car,478.51
XV11038,California,Female,College,9223.99,18814,122.0,0,Personal Auto,Luxury,585.6
MG88768,California,Male,College,4938.73,82733,62.0,0,Corporate Auto,Four-Door Car,72.1
RN36393,California,Female,High School or Below,15114.4,28513,100.0,1,Personal Auto,SUV,480.0
BU59722,Washington,Male,High School or Below,5037.95,0,68.0,1,Personal Auto,Four-Door Car,326.4
JD86991,Oregon,Male,Bachelor,5097.32,67233,63.0,0,Personal Auto,Two-Door Car,246.69
QM60216,Oregon,Male,College,8906.99,58718,226.0,0,Personal Auto,Luxury,1084.8
NJ43658,California,Male,Master,22721.47,21724,198.0,0,Corporate Auto,Luxury,1505.23
GL34504,California,Female,High School or Below,9095.15,65103,115.0,4,Personal Auto,Four-Door Car,552.0
YX51934,California,Female,High School or Below,4898.96,55071,61.0,0,Personal Auto,Four-Door Car,231.52
FO83170,California,Male,Doctor,2916.38,85817,72.0,0,Personal Auto,Four-Door Car,154.99
JW33458,California,Female,Master,5729.86,92254,70.0,0,Corporate Auto,Four-Door Car,245.59
JP10227,California,Male,College,12280.77,88340,102.0,0,Corporate Auto,Two-Door Car,489.6
HX90683,California,Female,College,2472.47,63860,62.0,0,Personal Auto,Four-Door Car,208.6
UC19334,California,Female,High School or Below,4698.35,26411,126.0,1,Corporate Auto,SUV,604.8
ED61615,California,Male,High School or Below,7950.18,26189,69.0,0,Personal Auto,Four-Door Car,331.2
CB78049,California,Male,College,3299.34,66114,92.0,4,Personal Auto,Four-Door Car,178.84
OS70004,California,Male,College,7506.78,49561,193.0,0,Personal Auto,SUV,926.4
SM67119,California,Female,College,7123.69,16139,62.0,0,Personal Auto,Four-Door Car,297.6
RO77709,California,Male,High School or Below,8008.1,63775,100.0,0,Corporate Auto,SUV,462.75
QT27514,California,Female,Bachelor,5318.9,25134,67.0,0,Personal Auto,Four-Door Car,321.6
ZT53375,California,Male,Bachelor,5483.89,87777,68.0,0,Personal Auto,Two-Door Car,257.71
LB35863,California,Female,Bachelor,7244.5,0,103.0,0,Personal Auto,SUV,494.4
JL95389,California,Female,Bachelor,15558.44,62922,194.0,0,Corporate Auto,Luxury,1121.63
MF30956,California,Male,College,8945.69,83761,112.0,0,Corporate Auto,SUV,270.23
FD36230,California,Female,High School or Below,8441.67,50801,72.0,3,Personal Auto,Four-Door Car,43.42
OE75629,California,Male,College,2798.83,48675,71.0,1,Corporate Auto,Four-Door Car,340.8
VV97308,California,Male,High School or Below,7522.9,55916,63.0,0,Personal Auto,Four-Door Car,302.4
LU17507,California,Female,Bachelor,39033.08,0,180.0,0,Personal Auto,Luxury,864.0
TW11115,California,Female,High School or Below,2594.79,30064,65.0,0,Personal Auto,Two-Door Car,296.85
ND42562,California,Male,High School or Below,8991.12,0,127.0,0,Personal Auto,Luxury,1176.29
FZ29605,California,Male,College,2332.1,0,67.0,0,Corporate Auto,Four-Door Car,482.4
SC30127,California,Female,Doctor,9244.35,12081,82.0,0,Personal Auto,Two-Door Car,548.06
HI26883,California,Male,Bachelor,6290.7,0,95.0,0,Personal Auto,Two-Door Car,684.0
EW15755,California,Female,Master,9880.1,62326,122.0,0,Personal Auto,SUV,96.01
GH48839,California,Male,College,11790.5,25251,66.0,0,Corporate Auto,Four-Door Car,316.8
IX46908,California,Female,College,5477.21,21289,71.0,0,Corporate Auto,Four-Door Car,340.8
OO89057,California,Female,Master,4014.33,54054,99.0,0,Personal Auto,Four-Door Car,5.66
LX95134,California,Female,College,3674.57,84814,90.0,0,Corporate Auto,Four-Door Car,512.82
CX89767,California,Female,High School or Below,4714.04,46097,61.0,4,Personal Auto,Four-Door Car,197.07
DI45039,California,Female,College,2754.14,58705,69.0,0,Personal Auto,Two-Door Car,48.96
AI14767,California,Female,High School or Below,40688.53,37455,114.0,0,Personal Auto,SUV,547.2
OJ38536,California,Female,Doctor,4563.86,62010,112.0,0,Personal Auto,SUV,537.6
TI90592,California,Male,College,7430.35,61568,93.0,0,Corporate Auto,Four-Door Car,240.82
UN63889,California,Male,Bachelor,2644.98,90443,66.0,0,Personal Auto,Two-Door Car,235.17
FZ94690,California,Male,High School or Below,26220.03,24743,84.0,0,Personal Auto,Four-Door Car,1008.04
TL60066,California,Female,High School or Below,2397.04,22283,65.0,0,Personal Auto,Four-Door Car,572.07
OL61964,California,Male,Bachelor,5207.68,74627,65.0,0,Corporate Auto,Four-Door Car,176.74
DN77617,California,Female,College,5907.08,47306,74.0,0,Corporate Auto,Four-Door Car,97.72
BV12771,California,Male,College,27420.81,0,112.0,0,Personal Auto,SUV,537.6
NA14154,California,Male,Bachelor,5044.86,59292,64.0,0,Corporate Auto,Two-Door Car,218.49
ZO54248,California,Female,High School or Below,3090.13,23970,77.0,0,Personal Auto,Four-Door Car,43.96
CW13886,California,Male,College,8514.39,48428,72.0,1,Personal Auto,Four-Door Car,223.73
TT63451,California,Female,High School or Below,20925.9,44342,74.0,0,Personal Auto,Four-Door Car,355.2
OW54561,California,Male,College,3515.46,0,103.0,2,Personal Auto,Luxury,741.6
EE34821,California,Female,Bachelor,17666.57,0,74.0,0,Corporate Auto,Two-Door Car,355.2
ZB85648,California,Female,College,30313.31,67117,85.0,0,Personal Auto,Two-Door Car,329.42
IE57921,California,Female,Bachelor,4726.87,13037,124.0,0,Personal Auto,SUV,839.35
OY47486,California,Male,College,5284.51,71960,67.0,0,Personal Auto,Two-Door Car,151.5
LV51815,California,Female,High School or Below,2990.33,73137,74.0,1,Corporate Auto,Four-Door Car,227.8
VU99672,California,Male,College,3548.07,0,96.0,0,Corporate Auto,Four-Door Car,446.12
SN69015,California,Male,College,6371.32,23797,81.0,0,Personal Auto,Four-Door Car,388.8
UO54843,California,Male,Bachelor,5372.35,70286,67.0,0,Corporate Auto,Four-Door Car,130.14
ES34753,California,Female,Master,5165.2,12904,132.0,0,Personal Auto,SUV,633.6
KE91683,California,Female,High School or Below,8264.75,42045,103.0,0,Personal Auto,SUV,40.84
YU23754,California,Female,Master,5193.77,24948,65.0,0,Personal Auto,Four-Door Car,280.35
AS77287,California,Male,College,8099.57,25452,107.0,0,Personal Auto,Luxury,954.69
PD36660,California,Female,High School or Below,8845.07,95850,109.0,0,Corporate Auto,Luxury,328.5
BQ20851,California,Male,Master,8295.98,73556,104.0,0,Personal Auto,SUV,497.68
PW91494,California,Female,High School or Below,9344.43,0,64.0,1,Personal Auto,Two-Door Car,307.2
NZ83890,California,Female,High School or Below,5081.74,0,69.0,0,Personal Auto,Two-Door Car,93.7
QV24282,California,Female,Bachelor,5363.53,43879,69.0,0,Corporate Auto,Four-Door Car,242.13
YF67162,California,Female,High School or Below,2429.6,23941,61.0,0,Corporate Auto,Four-Door Car,292.8
YE20366,California,Male,Bachelor,7183.07,14390,65.0,0,Personal Auto,Four-Door Car,402.78
PN77420,California,Male,College,5376.89,30039,70.0,0,Corporate Auto,Four-Door Car,498.61
CF26207,California,Male,College,7019.18,26806,63.0,0,Personal Auto,Four-Door Car,302.4
WH24638,California,Female,College,7079.17,24450,90.0,0,Personal Auto,Four-Door Car,250.96
YQ16427,California,Female,High School or Below,2415.83,0,64.0,0,Personal Auto,Four-Door Car,360.22
AZ90068,California,Male,College,8193.16,89219,73.0,4,Personal Auto,Four-Door Car,350.4
PL59209,California,Female,College,6952.65,0,73.0,3,Corporate Auto,Four-Door Car,525.6
VK93542,California,Male,High School or Below,7465.98,0,109.0,0,Personal Auto,SUV,784.8
NE70589,California,Male,College,13220.8,29504,117.0,0,Personal Auto,SUV,809.04
AT52647,California,Female,High School or Below,4014.92,0,113.0,0,Personal Auto,SUV,1305.28
CW38361,California,Male,Bachelor,8744.73,61706,110.0,0,Corporate Auto,SUV,223.91
BZ92811,California,Female,High School or Below,5948.99,88122,148.0,0,Corporate Auto,SUV,840.23
ON68006,California,Female,Bachelor,5520.15,26129,70.0,0,Personal Auto,Four-Door Car,419.19
VG58889,California,Female,Bachelor,5040.78,22350,66.0,0,Corporate Auto,Two-Door Car,316.8
MI42935,California,Female,Bachelor,5654.59,0,83.0,0,Personal Auto,Four-Door Car,597.6
OS21957,California,Female,High School or Below,8896.5,26201,112.0,0,Personal Auto,SUV,168.9
JG21385,California,Male,Bachelor,8715.95,0,84.0,0,Personal Auto,Four-Door Car,604.8
CT62892,California,Female,Bachelor,7868.81,0,107.0,0,Personal Auto,SUV,513.6
IE97795,California,Male,High School or Below,6878.01,39020,87.0,0,Corporate Auto,Four-Door Car,485.01
DM59629,California,Female,Bachelor,6411.68,47606,81.0,0,Personal Auto,Two-Door Car,388.8
SH48087,California,Female,College,10144.31,27231,88.0,0,Personal Auto,Four-Door Car,422.4
WG93963,California,Female,College,8575.96,39946,218.0,0,Personal Auto,Luxury,1046.4
OQ88395,California,Male,College,4510.54,84300,111.0,0,Corporate Auto,SUV,202.22
XH46220,California,Female,College,3746.75,41479,94.0,1,Corporate Auto,Two-Door Car,19.58
BK61065,California,Male,Master,5479.56,56005,68.0,1,Personal Auto,Four-Door Car,326.4
UD87700,California,Male,High School or Below,7164.01,0,108.0,0,Corporate Auto,SUV,1260.46
CO19402,California,Female,Bachelor,13265.51,99617,109.0,0,Personal Auto,SUV,74.93
KJ29915,California,Female,Bachelor,5246.28,28909,66.0,0,Personal Auto,Two-Door Car,456.7
JX52708,California,Male,Bachelor,4556.07,25617,63.0,0,Personal Auto,Two-Door Car,302.4
OT42923,California,Male,High School or Below,2751.25,86788,70.0,0,Personal Auto,Four-Door Car,336.0
DL34364,California,Male,High School or Below,2914.09,28523,77.0,0,Corporate Auto,Four-Door Car,369.6
WX16610,California,Female,Bachelor,5824.77,38492,72.0,0,Personal Auto,Four-Door Car,207.9
NH76558,California,Female,High School or Below,5755.18,97657,71.0,0,Personal Auto,Two-Door Car,107.33
SQ14756,California,Male,Master,2424.69,49008,61.0,1,Personal Auto,Four-Door Car,292.8
EP64069,California,Female,Bachelor,5138.24,72264,64.0,0,Corporate Auto,Four-Door Car,272.65
IS63817,California,Male,College,6047.03,20396,76.0,1,Corporate Auto,Four-Door Car,364.8
UC83161,California,Female,High School or Below,6106.47,60234,152.0,0,Personal Auto,SUV,136.22
DL45122,California,Male,Bachelor,3329.89,75556,84.0,0,Corporate Auto,Four-Door Car,498.93
KB90953,California,Female,Bachelor,40132.01,98710,123.0,0,Personal Auto,Luxury,587.39
EX72956,California,Female,Bachelor,5095.37,69461,64.0,0,Personal Auto,Two-Door Car,101.42
YN15016,California,Male,High School or Below,4471.75,0,68.0,2,Personal Auto,Four-Door Car,489.6
GW56797,California,Male,High School or Below,8773.51,0,87.0,0,Personal Auto,Four-Door Car,626.4
QR57842,California,Female,College,10351.37,73895,129.0,0,Corporate Auto,SUV,825.42
TB53616,California,Male,High School or Below,10408.97,20228,101.0,1,Personal Auto,SUV,523.82
JN10602,California,Female,Master,8201.33,81785,67.0,0,Personal Auto,Four-Door Car,321.6
VI94769,California,Female,Bachelor,2248.45,24910,63.0,1,Personal Auto,Four-Door Car,347.86
BQ60673,California,Male,Bachelor,5205.02,32946,66.0,0,Corporate Auto,Two-Door Car,316.8
JK68578,California,Female,High School or Below,15306.13,83868,189.0,0,Corporate Auto,Luxury,134.84
OI39449,California,Female,College,8002.31,0,107.0,0,Personal Auto,SUV,513.6
NJ29981,California,Male,High School or Below,4553.19,0,124.0,0,Corporate Auto,SUV,714.49
ZO16199,California,Female,High School or Below,5354.37,17099,69.0,0,Personal Auto,Four-Door Car,331.2
HB12866,California,Female,High School or Below,7449.86,0,206.0,0,Personal Auto,Luxury,1483.2
DQ19344,California,Male,College,3112.05,33046,79.0,0,Personal Auto,Four-Door Car,181.54
GH35369,California,Male,College,4386.28,10621,67.0,0,Personal Auto,Four-Door Car,321.6
QR26617,California,Male,Bachelor,4865.85,21498,63.0,0,Corporate Auto,Four-Door Car,302.4
QZ34525,California,Male,Bachelor,6993.38,0,66.0,0,Personal Auto,Four-Door Car,439.7
IU62399,California,Female,Bachelor,5860.48,36889,74.0,1,Personal Auto,Four-Door Car,192.19
OH23893,California,Female,Bachelor,9115.57,69588,114.0,0,Personal Auto,SUV,173.08
ZX83542,California,Male,Master,5300.69,26585,69.0,0,Corporate Auto,Four-Door Car,308.65
CO16841,California,Female,Bachelor,3630.27,0,101.0,0,Corporate Auto,SUV,727.2
MV81355,California,Male,High School or Below,8819.02,99845,110.0,1,Personal Auto,SUV,528.0
HU22390,California,Male,College,5389.5,66429,136.0,0,Corporate Auto,Luxury,57.71
YS74016,California,Male,Bachelor,3123.08,0,101.0,4,Personal Auto,SUV,960.12
PU33703,California,Female,College,2435.32,43721,61.0,0,Personal Auto,Four-Door Car,292.8
PJ59176,California,Male,High School or Below,8754.23,51209,109.0,0,Personal Auto,SUV,39.5
ML68781,California,Female,College,2628.56,84498,65.0,0,Personal Auto,Four-Door Car,255.21
JI93499,California,Male,High School or Below,6669.18,0,65.0,1,Corporate Auto,Four-Door Car,312.0
NY90858,California,Male,College,6765.8,59034,85.0,0,Personal Auto,Four-Door Car,378.75
IZ76711,California,Female,Bachelor,10013.78,0,135.0,0,Personal Auto,Luxury,773.69
BT78461,California,Female,College,11288.17,96399,70.0,0,Personal Auto,Four-Door Car,307.9
PS68884,California,Male,College,4686.47,58089,118.0,0,Corporate Auto,SUV,566.4
EY71439,California,Male,High School or Below,7131.73,0,103.0,0,Corporate Auto,Luxury,741.6
TO84268,California,Male,Master,9051.71,60964,113.0,0,Personal Auto,Four-Door Car,327.72
UH93563,California,Male,College,5306.16,42871,67.0,0,Corporate Auto,Four-Door Car,321.6
GD57363,California,Male,College,5133.64,38795,65.0,0,Personal Auto,Four-Door Car,98.35
LU36517,California,Male,Bachelor,11124.6,0,112.0,0,Personal Auto,Two-Door Car,806.4
DO93657,California,Male,Master,7285.1,57134,91.0,1,Personal Auto,Two-Door Car,436.8
EF41225,California,Female,College,14627.93,40711,121.0,0,Personal Auto,SUV,580.8
CY97519,California,Male,College,17086.75,26334,63.0,2,Corporate Auto,Two-Door Car,453.6
FO36473,California,Female,Bachelor,4298.38,31414,116.0,4,Personal Auto,SUV,556.8
OD66412,California,Female,Doctor,5018.89,74423,62.0,0,Personal Auto,Four-Door Car,50.8
IW54903,California,Female,College,7200.66,0,66.0,0,Personal Auto,Four-Door Car,316.8
RF64040,California,Female,Bachelor,9591.03,0,128.0,0,Corporate Auto,SUV,150.95
CB17191,California,Female,High School or Below,3240.67,30646,81.0,0,Corporate Auto,Four-Door Car,128.58
OI39301,California,Female,High School or Below,8906.51,0,118.0,0,Personal Auto,SUV,566.4
VY90611,California,Female,Master,2499.04,28264,63.0,0,Corporate Auto,Two-Door Car,364.62
KF96171,California,Female,High School or Below,8167.99,0,117.0,0,Personal Auto,Two-Door Car,842.4
IJ36435,California,Female,College,5811.61,0,79.0,0,Personal Auto,Four-Door Car,304.55
GX40957,California,Female,College,18732.2,70187,117.0,0,Personal Auto,Luxury,632.16
RT36566,California,Female,Bachelor,5260.62,31006,67.0,0,Personal Auto,Four-Door Car,321.6
ML38237,California,Female,High School or Below,8869.63,0,119.0,0,Corporate Auto,SUV,571.2
RR74547,California,Male,High School or Below,2878.85,0,85.0,0,Personal Auto,Four-Door Car,612.0
PK26805,California,Male,High School or Below,2810.96,20371,71.0,1,Personal Auto,Four-Door Car,340.8
KS36311,California,Female,College,2701.04,39141,68.0,0,Personal Auto,Four-Door Car,402.46
ZZ69693,California,Male,High School or Below,2449.58,0,69.0,0,Corporate Auto,Four-Door Car,496.8
FS70572,California,Male,College,9445.93,76837,78.0,0,Corporate Auto,Four-Door Car,23.79
LN87823,California,Female,High School or Below,4414.58,0,61.0,0,Personal Auto,Four-Door Car,643.88
XL81489,California,Female,Bachelor,6785.54,0,197.0,0,Corporate Auto,Luxury,1439.68
NQ32487,California,Female,High School or Below,3600.93,25147,101.0,0,Personal Auto,SUV,694.6
XF60649,California,Female,Bachelor,7452.94,0,106.0,0,Personal Auto,SUV,763.2
VA95584,California,Male,Master,12723.15,34665,64.0,0,Personal Auto,Two-Door Car,450.86
FN80010,California,Female,Master,4312.64,25404,112.0,0,Personal Auto,SUV,578.18
QX22025,California,Female,High School or Below,12148.94,37025,101.0,0,Corporate Auto,SUV,427.24
ZU63258,California,Male,Bachelor,3549.75,0,100.0,1,Personal Auto,SUV,480.0
IC74050,California,Female,High School or Below,6153.39,23939,160.0,1,Personal Auto,SUV,768.0
JX80723,California,Male,College,6272.42,76673,80.0,1,Personal Auto,Four-Door Car,56.08
CT50487,California,Female,High School or Below,2851.16,55274,71.0,0,Corporate Auto,Two-Door Car,484.73
VT16570,California,Female,College,6781.13,30324,86.0,0,Corporate Auto,Four-Door Car,143.94
YW94562,California,Female,College,4985.24,31702,63.0,1,Personal Auto,Four-Door Car,302.4
JG83075,California,Female,College,6725.04,0,95.0,0,Corporate Auto,Four-Door Car,684.0
SZ61563,California,Male,Bachelor,36632.53,70908,132.0,1,Personal Auto,SUV,521.44
JO60130,California,Male,High School or Below,5838.9,81082,73.0,0,Personal Auto,Four-Door Car,281.3
BG55927,California,Female,College,12206.89,17705,108.0,1,Personal Auto,Two-Door Car,668.74
BS53322,California,Female,High School or Below,14196.97,77738,118.0,0,Personal Auto,SUV,463.46
FZ13256,California,Female,Bachelor,2670.8,0,72.0,0,Corporate Auto,Four-Door Car,366.28
CM38959,California,Female,College,8033.91,70311,66.0,0,Personal Auto,Two-Door Car,341.4
FS38926,California,Female,Bachelor,9685.54,66022,239.0,0,Personal Auto,Luxury,538.23
EN31802,California,Male,High School or Below,36168.34,74140,101.0,2,Personal Auto,SUV,484.8
TO18404,California,Female,Bachelor,10453.26,73604,88.0,0,Corporate Auto,Two-Door Car,398.19
VQ53427,California,Male,College,5406.69,21855,74.0,1,Corporate Auto,Four-Door Car,355.2
OT50011,California,Female,Master,2671.17,23305,68.0,0,Personal Auto,Four-Door Car,127.16
OO96627,California,Male,High School or Below,3531.35,0,98.0,0,Corporate Auto,Two-Door Car,958.5
BN77676,California,Male,High School or Below,4835.57,0,71.0,0,Personal Auto,Four-Door Car,511.2
JT64945,California,Female,College,13422.06,65024,67.0,0,Personal Auto,Four-Door Car,189.87
BO58202,California,Female,Bachelor,2424.22,22590,67.0,0,Personal Auto,Two-Door Car,85.68
UR71715,California,Male,College,2983.11,0,91.0,0,Personal Auto,Four-Door Car,436.8
GM84292,California,Female,Master,14723.41,38401,92.0,0,Corporate Auto,Four-Door Car,441.6
DW20514,California,Male,College,8438.46,25539,112.0,0,Personal Auto,SUV,585.07
WZ45123,California,Male,Master,14435.67,60880,119.0,0,Personal Auto,Two-Door Car,109.91
LW11571,California,Male,Bachelor,2690.07,87313,67.0,0,Personal Auto,Four-Door Car,321.6
TI48450,California,Male,College,7948.54,23916,68.0,0,Corporate Auto,Two-Door Car,481.11
CZ62883,California,Female,Bachelor,11378.89,34854,95.0,0,Corporate Auto,Four-Door Car,456.0
BY88565,California,Female,College,5219.75,48203,66.0,0,Personal Auto,Four-Door Car,413.24
EB61889,California,Male,High School or Below,9486.04,25322,126.0,0,Corporate Auto,Luxury,886.03
GX22027,California,Female,Bachelor,4762.56,16656,63.0,1,Personal Auto,Two-Door Car,302.4
BN91755,California,Female,Master,4975.17,44723,124.0,0,Personal Auto,SUV,341.09
OZ89964,California,Male,High School or Below,4422.62,35979,116.0,2,Personal Auto,Luxury,556.8
PV62467,California,Female,College,4849.7,36413,61.0,0,Personal Auto,Four-Door Car,153.01
QZ71100,California,Male,Bachelor,19237.7,0,196.0,0,Corporate Auto,Luxury,2092.52
UA63517,California,Female,Doctor,8518.55,0,112.0,1,Personal Auto,Luxury,537.6
BD69478,California,Male,College,5194.65,51883,66.0,0,Personal Auto,Two-Door Car,623.75
GV41938,California,Female,High School or Below,46302.08,0,151.0,1,Personal Auto,SUV,1087.2
UA73107,California,Male,Bachelor,2538.63,18608,71.0,0,Corporate Auto,Four-Door Car,340.8
XU43725,California,Female,College,14070.64,0,127.0,0,Corporate Auto,SUV,677.87
MT78037,California,Male,High School or Below,2748.93,55964,69.0,0,Personal Auto,Four-Door Car,496.8
FH81263,California,Male,High School or Below,6006.21,85510,74.0,0,Corporate Auto,Four-Door Car,355.2
SZ94413,California,Male,High School or Below,3286.44,30706,84.0,0,Personal Auto,Four-Door Car,225.65
HI48554,California,Female,High School or Below,2648.35,29587,69.0,0,Personal Auto,Two-Door Car,331.2
YR30159,California,Male,College,20936.33,20309,181.0,0,Personal Auto,Luxury,1579.85
EV15014,California,Male,Bachelor,7194.23,0,71.0,0,Personal Auto,Four-Door Car,599.38
BM16805,California,Female,College,11435.23,12470,103.0,1,Corporate Auto,SUV,618.69
IB60476,California,Male,Master,4064.11,0,107.0,0,Personal Auto,Luxury,513.6
YC63458,California,Female,Bachelor,5893.37,86498,74.0,1,Personal Auto,Two-Door Car,8.53
VS42598,California,Female,Bachelor,8256.3,62902,69.0,0,Personal Auto,Two-Door Car,159.38
BB65725,California,Male,College,8061.2,57293,102.0,0,Corporate Auto,Luxury,348.0
UZ86963,California,Female,High School or Below,9333.08,0,129.0,0,Corporate Auto,Luxury,928.8
RR39300,California,Female,High School or Below,34243.51,51255,122.0,0,Personal Auto,SUV,421.71
IU25994,California,Male,College,31516.51,0,125.0,0,Corporate Auto,SUV,626.41
IO81315,California,Female,College,2460.17,69241,61.0,0,Personal Auto,Four-Door Car,47.96
JC93010,California,Male,Bachelor,4929.55,25632,63.0,0,Personal Auto,Two-Door Car,351.27
XO56170,California,Female,High School or Below,2866.82,87428,72.0,0,Personal Auto,Four-Door Car,224.48
QS65968,California,Male,Master,8429.49,98796,104.0,0,Personal Auto,SUV,499.2
PT42203,California,Male,College,8052.24,78617,101.0,0,Corporate Auto,Four-Door Car,233.17
SX87181,California,Female,Bachelor,4916.48,0,65.0,0,Personal Auto,Two-Door Car,312.0
RE85409,California,Male,High School or Below,5386.97,93893,67.0,0,Personal Auto,Four-Door Car,98.66
YW95322,California,Male,Bachelor,3508.91,23629,88.0,0,Personal Auto,Four-Door Car,633.6
TL39187,California,Male,Bachelor,6511.1,0,91.0,0,Corporate Auto,Two-Door Car,655.4
XP41644,California,Male,High School or Below,4335.68,30574,114.0,1,Corporate Auto,Luxury,396.11
FZ89300,California,Female,Bachelor,3673.53,69555,92.0,0,Personal Auto,Four-Door Car,255.28
ED80746,California,Male,Bachelor,7426.46,19634,98.0,0,Corporate Auto,Two-Door Car,470.4
BD35524,California,Male,Bachelor,2640.49,15776,69.0,0,Personal Auto,Two-Door Car,337.6
EW68125,California,Female,Bachelor,4889.77,46819,62.0,0,Personal Auto,Four-Door Car,157.99
TT86956,California,Female,Master,10537.4,47950,65.0,0,Personal Auto,Four-Door Car,301.87
KA67497,California,Female,High School or Below,6385.62,0,63.0,1,Personal Auto,Two-Door Car,302.4
TM68292,California,Female,Master,4564.51,12626,69.0,4,Personal Auto,Four-Door Car,331.2
SC23927,California,Male,High School or Below,4772.94,20993,133.0,0,Personal Auto,SUV,638.4
BO92934,California,Male,High School or Below,10387.25,24392,93.0,0,Personal Auto,Four-Door Car,446.4
XR82418,California,Male,Bachelor,4984.62,86305,62.0,0,Personal Auto,Four-Door Car,80.73
XS56253,California,Male,Bachelor,6600.48,0,110.0,3,Personal Auto,Luxury,1011.77
UC34044,California,Female,College,2591.75,56701,65.0,0,Personal Auto,Four-Door Car,333.44
MU64306,California,Male,College,8355.64,57074,105.0,0,Personal Auto,SUV,80.13
UI33675,California,Male,Bachelor,5142.05,0,72.0,0,Personal Auto,Two-Door Car,345.6
UX24010,California,Female,Bachelor,5205.26,53614,65.0,1,Personal Auto,Four-Door Car,725.85
GC69429,California,Male,Master,14816.95,0,135.0,0,Personal Auto,SUV,648.0
XA27299,California,Male,Bachelor,12812.44,0,128.0,0,Personal Auto,SUV,789.78
MT39460,California,Male,Master,2472.23,76441,62.0,0,Personal Auto,Four-Door Car,294.26
NM33351,California,Female,Bachelor,35186.26,86134,98.0,0,Corporate Auto,Two-Door Car,3.25
IR29181,California,Male,High School or Below,9336.12,45262,117.0,0,Corporate Auto,Four-Door Car,842.4
TE79454,California,Female,Bachelor,14980.05,0,222.0,0,Personal Auto,Luxury,1123.49
US34108,California,Female,Bachelor,4773.66,27725,63.0,4,Personal Auto,Four-Door Car,302.4
LG45849,California,Male,Doctor,4698.52,27985,117.0,0,Personal Auto,Two-Door Car,561.6
FI25204,California,Female,Master,3491.26,29673,92.0,2,Corporate Auto,Two-Door Car,328.35
YM24620,California,Male,Master,4505.84,24790,113.0,0,Personal Auto,SUV,767.24
UG49494,California,Female,High School or Below,5765.5,57846,73.0,1,Personal Auto,Four-Door Car,481.01
VM77872,California,Male,High School or Below,7685.65,0,111.0,0,Corporate Auto,Four-Door Car,799.2
EY49684,California,Female,Bachelor,2309.88,0,61.0,0,Personal Auto,Four-Door Car,32.45
XB70333,California,Male,High School or Below,6582.29,10738,109.0,4,Personal Auto,Four-Door Car,852.26
BC75105,California,Male,College,2860.44,45587,81.0,5,Personal Auto,Four-Door Car,380.6
BR22486,California,Female,College,5039.44,82940,63.0,0,Personal Auto,Four-Door Car,332.85
JT27173,California,Male,College,3979.28,42633,101.0,0,Corporate Auto,SUV,285.05
AT31367,California,Female,College,6273.91,18577,86.0,0,Corporate Auto,Four-Door Car,412.8
EW17514,California,Male,Master,14435.67,60880,119.0,0,Personal Auto,Two-Door Car,109.91
QJ31447,California,Male,Master,19339.2,22582,61.0,0,Personal Auto,Four-Door Car,292.8
BC85847,California,Female,Bachelor,6872.04,0,64.0,0,Corporate Auto,Four-Door Car,585.06
FP53421,California,Male,High School or Below,7613.71,25944,70.0,0,Personal Auto,Four-Door Car,336.0
ZF54421,California,Male,High School or Below,6369.26,34498,83.0,0,Personal Auto,Two-Door Car,398.4
EG81847,California,Female,High School or Below,14255.23,31027,124.0,1,Personal Auto,SUV,597.58
SE21603,California,Male,Bachelor,2469.09,0,71.0,0,Corporate Auto,Four-Door Car,484.88
RA47157,California,Male,High School or Below,3451.25,45609,87.0,0,Corporate Auto,Two-Door Car,246.52
ZA45956,California,Female,Master,13736.13,16181,181.0,0,Personal Auto,SUV,1261.32
PB93081,California,Male,High School or Below,6360.65,41195,160.0,0,Corporate Auto,SUV,323.19
ZE49470,California,Female,Master,4770.98,76194,119.0,0,Personal Auto,SUV,388.31
QW72605,California,Female,Bachelor,10297.0,0,138.0,0,Personal Auto,SUV,666.98
MG53211,California,Female,College,3237.92,60097,82.0,0,Personal Auto,Four-Door Car,278.74
YB49540,California,Female,College,5254.02,95017,65.0,0,Personal Auto,Four-Door Car,325.0
FY77803,California,Female,High School or Below,10129.51,0,68.0,0,Corporate Auto,Four-Door Car,326.4
KX64629,California,Female,College,2228.53,0,64.0,0,Personal Auto,Four-Door Car,744.92
IN28584,California,Female,Bachelor,16501.07,83547,137.0,1,Personal Auto,SUV,75.66
FP66891,California,Male,Bachelor,2178.52,0,65.0,0,Personal Auto,Four-Door Car,319.49
TT97465,California,Male,College,14642.14,57561,62.0,1,Corporate Auto,Four-Door Car,298.43
AM88377,California,Female,Bachelor,5049.77,10180,65.0,0,Corporate Auto,Two-Door Car,455.65
JA47688,California,Male,Master,3544.54,40658,90.0,0,Personal Auto,Two-Door Car,502.87
GP87031,California,Female,College,3210.14,23554,86.0,0,Corporate Auto,Four-Door Car,412.8
ZV43350,California,Female,Bachelor,4531.37,0,119.0,0,Personal Auto,Four-Door Car,571.2
TG37259,California,Male,Master,3373.87,28989,85.0,0,Personal Auto,Four-Door Car,408.0
KM22467,California,Male,Bachelor,5451.8,55898,69.0,0,Personal Auto,Two-Door Car,441.95
JB32090,California,Female,High School or Below,3045.06,53441,76.0,0,Personal Auto,Two-Door Car,364.8
EY78874,California,Male,Doctor,2715.69,20848,71.0,0,Corporate Auto,Four-Door Car,350.14
ZT60177,California,Female,High School or Below,3802.99,0,108.0,0,Personal Auto,Luxury,932.65
RV92809,California,Male,College,5498.94,22520,73.0,0,Personal Auto,Four-Door Car,350.4
VI69768,California,Male,Bachelor,23990.15,69781,119.0,0,Personal Auto,SUV,849.21
NP40205,California,Male,Bachelor,7901.43,99711,98.0,0,Corporate Auto,Four-Door Car,11.55
LZ56963,California,Female,College,8596.57,25785,112.0,1,Corporate Auto,SUV,537.6
CO56168,California,Male,High School or Below,3964.53,62638,100.0,0,Personal Auto,SUV,441.99
HJ64239,California,Female,College,8262.63,0,113.0,0,Corporate Auto,SUV,813.6
WX80471,California,Male,High School or Below,6676.73,56875,84.0,0,Personal Auto,Two-Door Car,145.45
EH51056,California,Male,High School or Below,2750.88,93102,68.0,0,Personal Auto,Two-Door Car,578.95
DK19711,California,Male,College,5495.18,25564,71.0,0,Personal Auto,Four-Door Car,228.52
ZJ71004,California,Female,Bachelor,2471.28,29918,62.0,0,Personal Auto,Four-Door Car,108.89
CE68841,California,Female,Bachelor,4128.39,95891,102.0,0,Corporate Auto,SUV,34.24
HX41374,California,Male,High School or Below,15234.75,72988,127.0,0,Personal Auto,SUV,276.5
QE13586,California,Male,High School or Below,6366.23,44368,80.0,0,Personal Auto,Two-Door Car,384.0
PA20570,California,Male,Bachelor,6575.45,84146,82.0,0,Personal Auto,Four-Door Car,464.71
MB91424,California,Male,College,7425.27,36259,63.0,0,Corporate Auto,Four-Door Car,302.4
QW98193,California,Male,College,3924.42,56480,101.0,0,Corporate Auto,SUV,617.65
TS53731,California,Female,College,8660.84,79674,107.0,0,Personal Auto,SUV,9.28
WK55963,California,Male,College,8130.65,61036,68.0,0,Corporate Auto,Two-Door Car,413.25
CE71123,California,Female,Bachelor,12751.28,33235,110.0,0,Personal Auto,SUV,113.8
KK38827,California,Female,Master,4170.69,29462,107.0,1,Personal Auto,SUV,513.6
YH81239,California,Male,High School or Below,6405.74,48131,82.0,0,Personal Auto,Four-Door Car,393.6
MD32702,California,Female,Bachelor,3573.29,0,109.0,1,Personal Auto,SUV,523.2
UK79109,California,Male,College,9095.05,37937,116.0,0,Corporate Auto,SUV,556.8
TV37646,California,Female,College,4794.12,70012,119.0,0,Personal Auto,SUV,755.2
QS35019,California,Male,Master,14435.67,60880,119.0,0,Personal Auto,Two-Door Car,109.91
RJ62038,California,Male,High School or Below,8166.51,0,82.0,0,Personal Auto,Four-Door Car,590.4
VX94337,California,Male,High School or Below,8807.61,59762,113.0,0,Corporate Auto,SUV,542.4
GM54723,California,Male,Bachelor,9061.63,0,65.0,0,Corporate Auto,Four-Door Car,413.29
ET39822,California,Female,Bachelor,8256.3,62902,69.0,0,Personal Auto,Two-Door Car,159.38
WA94988,California,Female,Bachelor,19327.87,57245,124.0,0,Corporate Auto,Luxury,681.58
WZ23060,California,Female,Bachelor,7050.97,39040,174.0,0,Personal Auto,SUV,835.2
HK84372,California,Male,High School or Below,2409.7,0,70.0,0,Personal Auto,Four-Door Car,504.0
WG28563,California,Female,Doctor,5519.51,70914,68.0,0,Personal Auto,Four-Door Car,77.7
KE70943,California,Female,College,10090.41,97238,126.0,0,Personal Auto,SUV,604.8
LD76400,California,Female,Bachelor,31316.61,42522,132.0,0,Corporate Auto,SUV,909.88
DR54244,California,Female,High School or Below,2590.84,0,67.0,0,Personal Auto,Four-Door Car,321.6
FV63234,California,Female,Bachelor,4957.16,0,67.0,0,Personal Auto,Four-Door Car,321.6
IV60781,California,Female,Doctor,4014.45,37384,99.0,0,Personal Auto,Four-Door Car,475.2
AK59340,California,Male,High School or Below,5601.14,42360,71.0,0,Corporate Auto,Four-Door Car,99.51
NF78904,California,Female,Bachelor,7370.62,67871,61.0,0,Corporate Auto,Four-Door Car,10.48
IS55638,California,Female,College,15503.72,29932,64.0,0,Personal Auto,Two-Door Car,319.71
RD40721,California,Male,High School or Below,5384.73,0,78.0,0,Corporate Auto,Four-Door Car,748.77
ZF70768,California,Male,High School or Below,4050.28,82758,101.0,0,Personal Auto,Two-Door Car,179.43
FH68849,California,Female,Bachelor,12765.78,0,117.0,0,Personal Auto,SUV,842.4
ZO42514,California,Female,Bachelor,9159.01,96331,114.0,0,Personal Auto,Two-Door Car,491.03
FR66336,California,Male,High School or Below,5325.72,0,73.0,0,Personal Auto,Two-Door Car,496.47
MQ84363,California,Male,Bachelor,11072.03,58971,94.0,1,Corporate Auto,Four-Door Car,318.88
UC75204,California,Female,High School or Below,12851.42,0,186.0,0,Personal Auto,Luxury,1339.2
WN56695,California,Male,College,8607.48,0,118.0,0,Personal Auto,Four-Door Car,566.4
MF59279,California,Male,Bachelor,4222.98,0,63.0,0,Personal Auto,Two-Door Car,302.4
US30122,California,Male,College,61134.68,0,198.0,0,Corporate Auto,Luxury,2275.27
IM15403,California,Male,College,9368.27,44980,81.0,0,Corporate Auto,Two-Door Car,333.48
IH18704,California,Male,Master,4365.26,23566,112.0,0,Personal Auto,SUV,537.6
FP27229,California,Female,College,3384.47,54603,86.0,0,Corporate Auto,Four-Door Car,412.8
ZA60820,California,Male,High School or Below,2409.0,0,67.0,0,Personal Auto,Two-Door Car,482.4
WT65970,California,Female,High School or Below,7209.09,0,99.0,0,Personal Auto,Four-Door Car,715.04
IX10511,California,Male,College,3875.54,0,117.0,0,Personal Auto,Luxury,842.4
XB71208,California,Female,College,2735.47,96314,69.0,0,Personal Auto,Four-Door Car,297.0
QI99143,California,Female,Bachelor,3092.63,31168,78.0,0,Corporate Auto,Four-Door Car,289.39
XQ19310,California,Female,High School or Below,5006.61,0,71.0,0,Personal Auto,Two-Door Car,358.99
HK40573,California,Male,College,14382.56,52174,121.0,0,Personal Auto,SUV,403.74
NN65590,California,Female,College,2762.8,72335,69.0,0,Personal Auto,Four-Door Car,331.2
NG15940,California,Male,High School or Below,3997.48,0,62.0,1,Corporate Auto,Four-Door Car,552.85
UE96503,California,Male,Doctor,5599.67,0,73.0,0,Corporate Auto,Four-Door Car,350.4
AE90216,California,Male,Bachelor,4974.8,75644,65.0,3,Personal Auto,Two-Door Car,467.8
LJ20215,California,Female,High School or Below,3435.65,0,95.0,0,Corporate Auto,Four-Door Car,679.05
PF78020,California,Male,College,5574.62,20075,71.0,0,Personal Auto,Four-Door Car,371.68
IU71285,California,Female,Bachelor,6889.52,33786,89.0,1,Personal Auto,Two-Door Car,75.11
RM93459,California,Male,College,17497.52,0,73.0,0,Personal Auto,Two-Door Car,350.4
XV53963,California,Male,High School or Below,10986.23,96721,138.0,1,Personal Auto,SUV,662.4
ZK71157,California,Female,Bachelor,5358.16,40833,69.0,0,Corporate Auto,Four-Door Car,294.59
FS31523,California,Female,High School or Below,8532.72,0,122.0,2,Personal Auto,SUV,585.6
NH99355,California,Male,High School or Below,4634.73,0,62.0,0,Personal Auto,Four-Door Car,297.6
EZ11341,California,Male,College,8080.95,85210,68.0,0,Personal Auto,Two-Door Car,32.71
QE52050,California,Female,Bachelor,5678.05,0,76.0,0,Corporate Auto,Four-Door Car,364.8
YT92071,California,Female,Master,5243.54,44851,66.0,0,Corporate Auto,Four-Door Car,439.76
LO14234,California,Male,High School or Below,12263.11,0,174.0,0,Personal Auto,SUV,1724.23
HH49378,California,Male,Master,30859.36,69872,111.0,2,Corporate Auto,Luxury,218.4
JY66887,California,Female,High School or Below,16320.77,0,247.0,3,Personal Auto,Luxury,1778.4
HZ39601,California,Female,College,13447.37,26708,122.0,0,Personal Auto,SUV,585.6
TV35668,California,Female,College,2722.21,17576,71.0,0,Personal Auto,Four-Door Car,398.5
BK83393,California,Female,Bachelor,32317.03,55475,116.0,0,Personal Auto,SUV,412.47
ZN98560,California,Male,College,7896.71,0,111.0,0,Corporate Auto,SUV,190.12
ZR81759,California,Male,Master,2820.74,35855,70.0,0,Personal Auto,Two-Door Car,278.21
SV46904,California,Female,High School or Below,6904.08,0,98.0,0,Personal Auto,Four-Door Car,1032.33
YN69214,California,Male,Bachelor,7689.71,0,73.0,0,Personal Auto,Four-Door Car,617.71
ZI69514,California,Male,College,4821.21,63391,64.0,4,Corporate Auto,Four-Door Car,119.59
NL33789,California,Female,Bachelor,4077.5,53093,103.0,0,Corporate Auto,SUV,98.99
LU53495,California,Male,College,2888.85,65412,73.0,1,Personal Auto,Four-Door Car,101.75
HN89408,California,Male,College,3653.13,0,107.0,0,Corporate Auto,Four-Door Car,770.4
PF71940,California,Female,Bachelor,4836.75,0,136.0,0,Personal Auto,SUV,979.2
VJ49806,California,Male,College,13009.18,0,61.0,0,Personal Auto,Two-Door Car,380.07
GY40926,California,Male,College,2612.53,37073,66.0,0,Personal Auto,Four-Door Car,316.8
II32272,California,Female,High School or Below,25390.55,19359,129.0,0,Personal Auto,Luxury,928.8
NG68910,California,Male,High School or Below,8901.06,46814,113.0,0,Corporate Auto,SUV,542.4
XK43825,California,Male,College,4704.18,0,68.0,1,Personal Auto,Two-Door Car,326.4
LA29810,California,Female,College,6240.9,68332,79.0,3,Personal Auto,Four-Door Car,379.2
BU71528,California,Male,College,8053.27,17301,105.0,0,Personal Auto,Four-Door Car,638.54
OM73267,California,Female,High School or Below,5229.45,69545,65.0,0,Corporate Auto,Four-Door Car,312.0
IW72280,California,Female,Doctor,5035.04,37405,63.0,3,Corporate Auto,Four-Door Car,287.56
PH47195,California,Male,Bachelor,5492.39,74271,136.0,0,Personal Auto,Luxury,174.33
KU85991,California,Male,High School or Below,2592.44,72421,65.0,0,Corporate Auto,Four-Door Car,312.0
LK49091,California,Female,Bachelor,3657.59,62650,92.0,0,Personal Auto,Four-Door Car,148.82
OK96130,California,Male,High School or Below,5319.31,37331,134.0,0,Personal Auto,SUV,898.91
MN83273,California,Female,High School or Below,41787.9,46587,119.0,2,Personal Auto,Four-Door Car,571.2
NY89701,California,Female,Bachelor,5977.41,25320,76.0,1,Personal Auto,Four-Door Car,269.07
FL30667,California,Female,College,9298.89,22094,79.0,1,Corporate Auto,Four-Door Car,460.89
AW27717,California,Female,High School or Below,20531.65,12503,92.0,0,Personal Auto,Four-Door Car,120.7
OL28568,California,Male,Bachelor,8725.29,69772,112.0,0,Personal Auto,Four-Door Car,537.6
EA52579,California,Female,Bachelor,7687.3,0,109.0,0,Personal Auto,SUV,523.2
WZ96432,California,Female,Master,9150.14,32370,115.0,0,Corporate Auto,SUV,552.0
HC90344,California,Female,Bachelor,20370.77,0,73.0,1,Corporate Auto,Four-Door Car,525.6
SG59507,California,Female,College,2775.67,38222,71.0,0,Personal Auto,Four-Door Car,166.79
HE85298,California,Female,High School or Below,4384.35,32272,110.0,0,Corporate Auto,SUV,6.34
CR83581,California,Male,College,7712.06,27816,118.0,5,Personal Auto,SUV,566.4
MB15338,California,Male,College,11472.24,62134,73.0,0,Personal Auto,Two-Door Car,25.33
YR10848,California,Female,Bachelor,4118.59,69379,103.0,0,Personal Auto,Two-Door Car,494.4
KA69047,California,Male,Bachelor,3450.07,68082,88.0,0,Personal Auto,Four-Door Car,39.58
XE72624,California,Female,High School or Below,2536.89,34653,64.0,0,Corporate Auto,Four-Door Car,307.2
UN77671,California,Female,College,7330.19,26906,92.0,0,Personal Auto,Two-Door Car,106.53
RN72721,California,Female,High School or Below,8886.3,20903,117.0,0,Personal Auto,SUV,561.6
LO94085,California,Female,College,3193.16,80580,81.0,2,Personal Auto,Two-Door Car,41.69
JR89623,California,Female,High School or Below,2698.69,76025,67.0,0,Corporate Auto,Four-Door Car,151.02
VF65535,California,Female,College,42937.35,64937,122.0,0,Corporate Auto,SUV,328.83
CF95802,California,Male,College,8151.72,0,114.0,0,Personal Auto,SUV,820.8
XX88364,California,Male,Bachelor,8622.84,97361,73.0,0,Corporate Auto,Four-Door Car,350.4
CK15380,California,Female,High School or Below,2784.91,20814,72.0,0,Personal Auto,Four-Door Car,288.59
HS97983,California,Female,High School or Below,30647.63,0,105.0,0,Personal Auto,Four-Door Car,1212.05
CC92362,California,Male,Bachelor,8936.37,18141,116.0,0,Personal Auto,Four-Door Car,722.4
JW21133,California,Male,Bachelor,6480.1,18820,95.0,4,Personal Auto,Two-Door Car,456.0
YP72749,California,Female,Bachelor,2449.79,44662,63.0,1,Corporate Auto,Four-Door Car,165.1
KW99972,California,Female,High School or Below,10524.71,40332,132.0,2,Personal Auto,Luxury,463.6
NW62233,California,Male,Master,5314.96,66467,66.0,0,Personal Auto,Two-Door Car,294.71
HJ62427,California,Female,College,3522.48,90804,87.0,0,Personal Auto,Four-Door Car,169.39
TA31436,California,Female,Bachelor,8132.7,36737,102.0,0,Corporate Auto,Luxury,512.86
ZK67670,California,Female,Master,31758.35,44207,99.0,0,Corporate Auto,Four-Door Car,407.64
QK82654,California,Male,College,19849.74,0,286.0,0,Personal Auto,Luxury,2059.2
GY43856,California,Female,College,4349.31,75648,108.0,0,Corporate Auto,SUV,112.66
BA87216,California,Male,College,20878.41,50555,88.0,0,Personal Auto,Four-Door Car,422.4
OH83983,California,Male,Doctor,3528.04,31278,92.0,4,Personal Auto,Two-Door Car,441.6
ZU83252,California,Female,Master,8703.73,61897,72.0,0,Personal Auto,Four-Door Car,3.41
DN92191,California,Male,Master,8383.68,68717,70.0,0,Personal Auto,Four-Door Car,810.91
XR74007,California,Female,Bachelor,3540.21,62863,88.0,0,Corporate Auto,Four-Door Car,94.51
GB32334,California,Female,College,5379.48,24702,68.0,0,Personal Auto,Four-Door Car,214.91
QW59726,California,Female,Master,2944.78,87274,73.0,1,Personal Auto,Four-Door Car,350.4
XO43812,California,Male,Master,8028.18,56482,199.0,0,Personal Auto,Luxury,955.2
UI75273,California,Female,High School or Below,7522.07,47727,94.0,0,Corporate Auto,Two-Door Car,451.2
MR76405,California,Female,College,9470.06,46530,80.0,1,Corporate Auto,Four-Door Car,118.56
VF65251,California,Male,College,6674.18,0,189.0,0,Personal Auto,Luxury,1737.32
GH31245,California,Female,High School or Below,12694.89,73274,105.0,0,Corporate Auto,SUV,284.21
UW20734,California,Female,College,3590.69,82918,89.0,0,Personal Auto,Two-Door Car,29.83
KK61203,California,Male,High School or Below,3934.1,20920,103.0,0,Personal Auto,Four-Door Car,494.4
UQ54273,California,Male,College,11790.5,25251,66.0,0,Personal Auto,Four-Door Car,316.8
PV48046,California,Male,Master,5267.76,39722,133.0,0,Personal Auto,SUV,638.4
QW21219,California,Female,High School or Below,16468.22,0,63.0,0,Corporate Auto,Four-Door Car,685.13
PR80703,California,Female,Bachelor,5745.96,51335,71.0,0,Personal Auto,Four-Door Car,171.69
OI44122,California,Male,Bachelor,8845.19,45600,113.0,0,Personal Auto,SUV,617.94
YM44855,California,Female,Master,6570.97,52951,167.0,1,Personal Auto,SUV,289.77
CS35098,California,Male,College,10212.02,93920,84.0,0,Corporate Auto,Four-Door Car,213.03
VV57998,California,Male,Bachelor,2556.67,0,71.0,0,Corporate Auto,Four-Door Car,340.8
ZC17826,California,Male,Bachelor,15552.4,0,64.0,0,Personal Auto,Four-Door Car,307.2
WD85096,California,Female,Master,4904.46,27593,63.0,0,Corporate Auto,Two-Door Car,241.23
LZ57827,California,Male,Bachelor,13931.35,37695,118.0,0,Personal Auto,SUV,352.31
CV70978,California,Male,Bachelor,7756.44,97592,65.0,0,Personal Auto,Four-Door Car,312.0
GQ42004,California,Male,College,11232.98,0,74.0,0,Personal Auto,Four-Door Car,355.2
AV93209,California,Female,High School or Below,12487.58,31283,104.0,0,Personal Auto,Four-Door Car,499.2
BV27017,California,Female,College,17602.51,0,161.0,1,Corporate Auto,SUV,772.8
VU71619,California,Male,Bachelor,13277.08,96402,110.0,0,Personal Auto,SUV,379.9
FM12425,California,Male,College,19337.9,26488,247.0,0,Personal Auto,Luxury,1321.58
DY27031,California,Male,High School or Below,4448.56,0,70.0,3,Personal Auto,Four-Door Car,432.84
UE75424,California,Male,Doctor,10732.51,75728,133.0,0,Corporate Auto,SUV,44.16
MU67498,California,Female,College,7200.66,0,66.0,0,Corporate Auto,Four-Door Car,316.8
IX32007,California,Male,Bachelor,2864.82,0,109.0,4,Personal Auto,SUV,1145.75
DF86803,California,Male,High School or Below,5308.43,0,73.0,0,Corporate Auto,Four-Door Car,525.6
JS10224,California,Female,College,18321.24,76726,65.0,0,Personal Auto,Four-Door Car,10.37
HA93483,California,Female,Bachelor,4319.15,11811,110.0,0,Personal Auto,Luxury,808.62
WW80551,California,Male,High School or Below,6556.1,0,63.0,0,Personal Auto,Four-Door Car,453.6
WI89701,California,Female,College,5705.9,0,74.0,0,Personal Auto,Two-Door Car,432.41
JQ81164,California,Female,College,6656.15,26628,85.0,0,Corporate Auto,Two-Door Car,408.0
KA25468,California,Male,Master,4905.32,46177,61.0,0,Personal Auto,Four-Door Car,379.08
IW31117,California,Male,Doctor,5620.59,21142,71.0,0,Personal Auto,Two-Door Car,79.29
MI91352,California,Male,Bachelor,8382.48,25998,71.0,0,Personal Auto,Four-Door Car,791.88
CP93345,California,Female,Bachelor,2857.99,85300,73.0,2,Corporate Auto,Four-Door Car,319.87
CZ20440,California,Female,High School or Below,4291.06,0,62.0,1,Corporate Auto,Four-Door Car,403.99
KZ35883,California,Female,College,33288.16,91541,118.0,0,Personal Auto,Four-Door Car,51.55
SJ30138,California,Male,High School or Below,4145.02,0,118.0,0,Corporate Auto,SUV,566.4
AO77635,California,Female,College,4005.72,28987,102.0,0,Personal Auto,SUV,245.69
PJ36160,California,Male,Bachelor,16272.74,83589,103.0,0,Personal Auto,SUV,366.04
XT41916,California,Female,High School or Below,5143.87,0,72.0,0,Personal Auto,Four-Door Car,375.2
EA61783,California,Female,Bachelor,26232.85,35868,110.0,0,Personal Auto,SUV,528.0
IS12075,California,Female,High School or Below,5100.09,0,71.0,1,Corporate Auto,Four-Door Car,653.73
QV14053,California,Male,High School or Below,2708.02,53807,68.0,0,Personal Auto,Two-Door Car,63.76
ZZ68210,California,Male,High School or Below,30745.96,0,110.0,0,Personal Auto,Four-Door Car,1004.76
BT57285,California,Male,High School or Below,4563.87,0,124.0,0,Personal Auto,SUV,595.2
UF88512,California,Male,Bachelor,7442.57,57517,96.0,0,Corporate Auto,Four-Door Car,460.8
RI76399,California,Female,High School or Below,17636.42,37109,63.0,0,Corporate Auto,Two-Door Car,302.4
OY95386,California,Female,Bachelor,8418.57,0,115.0,0,Personal Auto,SUV,552.0
BJ58596,California,Female,High School or Below,2486.43,0,72.0,0,Corporate Auto,Two-Door Car,518.4
HV75193,California,Female,Master,2866.6,26924,73.0,0,Personal Auto,Four-Door Car,262.09
LI81655,California,Male,Master,6638.12,21586,167.0,1,Personal Auto,Luxury,801.6
XP61922,California,Female,Bachelor,2530.71,89451,63.0,0,Personal Auto,Four-Door Car,61.77
JA12512,California,Female,Bachelor,5556.28,97424,68.0,0,Personal Auto,Two-Door Car,230.44
FP20500,California,Male,Bachelor,6264.63,0,89.0,0,Corporate Auto,Two-Door Car,850.18
MS88882,California,Male,College,5639.4,24636,77.0,0,Personal Auto,Two-Door Car,480.93
QH52104,California,Male,Master,3903.38,0,104.0,0,Personal Auto,Four-Door Car,499.2
BM92346,California,Female,High School or Below,3919.37,66676,97.0,0,Personal Auto,Four-Door Car,558.1
NS23754,California,Female,High School or Below,2566.78,21375,65.0,0,Corporate Auto,Four-Door Car,312.0
ZG54759,California,Female,College,2837.01,41408,73.0,1,Corporate Auto,Four-Door Car,268.71
LI31082,California,Female,Bachelor,12741.85,73054,106.0,1,Personal Auto,SUV,419.37
UY51200,California,Male,College,8888.89,77104,112.0,1,Corporate Auto,SUV,436.49
UV44323,California,Female,College,4903.13,0,133.0,0,Personal Auto,SUV,638.4
TO55166,California,Male,Bachelor,2600.0,72766,65.0,0,Personal Auto,Two-Door Car,91.46
TZ28073,California,Male,Bachelor,4341.36,23352,112.0,0,Personal Auto,SUV,537.6
UF31027,California,Female,College,4298.66,76778,107.0,1,Personal Auto,SUV,500.67
UV48386,California,Male,Master,2698.05,40154,67.0,0,Corporate Auto,Four-Door Car,360.67
HO74982,California,Female,Bachelor,5382.76,74888,68.0,3,Personal Auto,Two-Door Car,335.94
BD12981,California,Female,College,5732.69,39337,74.0,1,Personal Auto,Four-Door Car,277.23
JC18314,California,Male,Bachelor,7089.05,28121,90.0,0,Personal Auto,Two-Door Car,432.0
BP90016,California,Male,Master,8302.32,78032,103.0,0,Corporate Auto,SUV,323.61
PS23376,California,Female,High School or Below,5671.09,69668,70.0,0,Corporate Auto,Two-Door Car,64.86
LX30483,California,Female,College,3371.53,0,102.0,3,Personal Auto,SUV,489.6
FQ93665,California,Female,High School or Below,18939.51,21911,67.0,0,Corporate Auto,Four-Door Car,705.42
LG73224,California,Male,High School or Below,2670.64,52572,68.0,0,Personal Auto,Four-Door Car,379.28
WJ92113,California,Female,Bachelor,14031.7,91061,116.0,0,Personal Auto,Four-Door Car,556.8
ZT26848,California,Male,High School or Below,8314.31,40447,105.0,0,Personal Auto,SUV,377.56
SO42230,California,Female,Master,7126.26,22490,90.0,0,Personal Auto,Two-Door Car,88.77
VB65967,California,Male,Bachelor,27430.14,49331,138.0,0,Personal Auto,SUV,386.26
ED82243,California,Male,College,7019.18,26806,63.0,0,Personal Auto,Four-Door Car,302.4
AU62013,California,Female,Doctor,24826.89,67572,102.0,0,Personal Auto,Luxury,296.21
TT68630,California,Female,Bachelor,3351.21,90213,83.0,0,Personal Auto,Two-Door Car,398.4
RV82726,California,Male,High School or Below,4437.84,22768,112.0,0,Personal Auto,Four-Door Car,537.6
VC11777,California,Female,High School or Below,5187.65,80521,65.0,2,Personal Auto,Four-Door Car,342.91
HZ68892,California,Male,College,4584.14,85245,115.0,0,Personal Auto,Luxury,556.57
RY44243,California,Female,College,5945.62,65602,73.0,0,Personal Auto,Four-Door Car,61.57
DR77989,California,Male,College,4785.91,0,68.0,0,Personal Auto,Four-Door Car,199.24
PU25344,California,Male,Bachelor,7275.89,0,106.0,0,Personal Auto,SUV,1247.8
NC80854,California,Female,College,4940.94,0,71.0,0,Personal Auto,Four-Door Car,511.75
PG90331,California,Male,College,18635.9,11656,70.0,0,Personal Auto,Two-Door Car,336.0
TI14001,California,Male,College,7507.46,60920,64.0,0,Corporate Auto,Two-Door Car,231.2
FP51143,California,Male,College,2130.35,0,62.0,0,Corporate Auto,Two-Door Car,446.4
LK19630,California,Female,High School or Below,2907.44,52216,72.0,1,Personal Auto,Four-Door Car,362.03
JK16503,California,Male,High School or Below,4916.41,0,67.0,0,Personal Auto,Two-Door Car,321.6
WG29557,California,Male,Master,5067.51,74919,63.0,0,Personal Auto,Four-Door Car,206.24
EQ96084,California,Female,Bachelor,7822.3,33963,99.0,0,Corporate Auto,Four-Door Car,222.63
WH28633,California,Male,College,2897.28,75041,74.0,0,Personal Auto,Four-Door Car,56.05
KN50049,California,Male,College,18882.64,24054,176.0,0,Personal Auto,SUV,1133.8
RN48574,California,Female,College,6273.91,18577,86.0,0,Corporate Auto,Four-Door Car,412.8
PD11073,California,Female,College,7614.83,35045,96.0,0,Personal Auto,Four-Door Car,420.61
FS86064,California,Male,Bachelor,2117.99,0,64.0,0,Personal Auto,Four-Door Car,426.25
JU47573,California,Female,Bachelor,2290.68,0,64.0,0,Personal Auto,Four-Door Car,482.78
VN59368,California,Female,College,6521.37,72608,82.0,3,Personal Auto,Four-Door Car,393.6
UI19516,California,Male,College,16909.93,65620,213.0,0,Corporate Auto,Luxury,766.32
ZV55368,California,Male,High School or Below,5709.36,75650,71.0,0,Corporate Auto,Four-Door Car,104.92
OS54451,California,Male,Bachelor,2627.83,31964,67.0,0,Personal Auto,Four-Door Car,120.06
IP93821,California,Female,High School or Below,3600.93,25147,101.0,0,Personal Auto,SUV,694.6
AR17553,California,Male,Master,6111.05,22944,80.0,0,Corporate Auto,Four-Door Car,488.27
SM10031,California,Male,Master,2933.5,0,78.0,0,Personal Auto,Four-Door Car,398.42
CK14803,California,Male,College,4325.49,94242,107.0,0,Personal Auto,SUV,52.12
CJ35075,California,Female,High School or Below,4665.25,0,68.0,1,Personal Auto,Four-Door Car,326.4
NA56063,California,Male,College,43019.01,0,132.0,0,Corporate Auto,SUV,904.38
CA62597,California,Female,Bachelor,7482.85,0,101.0,0,Corporate Auto,SUV,978.26
ZO23305,California,Male,Bachelor,4929.55,25632,63.0,0,Personal Auto,Two-Door Car,351.27
UD20999,California,Male,Master,2537.67,0,68.0,0,Corporate Auto,Four-Door Car,326.4
FQ66351,California,Female,Bachelor,5322.29,33681,138.0,1,Personal Auto,SUV,873.13
AB69140,California,Male,Master,25093.57,36007,70.0,0,Personal Auto,Four-Door Car,336.0
CT53265,California,Female,College,2656.85,18834,69.0,0,Personal Auto,Two-Door Car,453.9
WN91223,California,Male,Master,11073.11,82807,92.0,0,Personal Auto,Four-Door Car,302.46
MP48946,California,Female,High School or Below,2499.47,72021,62.0,0,Corporate Auto,Two-Door Car,50.74
NE79174,California,Male,Bachelor,5386.51,41228,70.0,3,Personal Auto,Two-Door Car,336.0
UI77960,California,Female,High School or Below,6656.2,39834,83.0,0,Personal Auto,Four-Door Car,398.4
VD69291,California,Male,College,2702.69,22415,69.0,0,Personal Auto,Four-Door Car,352.89
XD54132,California,Female,High School or Below,2567.35,61900,64.0,0,Corporate Auto,Four-Door Car,307.2
AT33529,California,Female,Doctor,2776.75,30893,70.0,0,Corporate Auto,Four-Door Car,85.42
AT79008,California,Female,Bachelor,9065.26,40006,114.0,1,Personal Auto,Two-Door Car,132.57
UZ14076,California,Female,High School or Below,32104.7,89546,266.0,1,Corporate Auto,Luxury,2452.89
EP10645,California,Male,College,18677.85,0,86.0,0,Personal Auto,Four-Door Car,538.65
PW78930,California,Male,Bachelor,2982.2,79523,74.0,0,Personal Auto,Four-Door Car,132.02
ZC97968,California,Male,College,2736.35,17533,73.0,0,Personal Auto,Two-Door Car,350.4
SF30642,California,Male,High School or Below,8996.77,49706,113.0,0,Personal Auto,SUV,617.52
AH22694,California,Male,Doctor,5850.45,24317,73.0,1,Corporate Auto,Four-Door Car,350.4
SM87252,California,Male,College,5843.61,77498,74.0,0,Personal Auto,Two-Door Car,249.15
MA60552,California,Male,Bachelor,4015.4,28088,102.0,0,Personal Auto,SUV,489.6
PE51299,California,Male,High School or Below,10781.61,73026,67.0,0,Personal Auto,Four-Door Car,321.6
JR22900,California,Female,College,18484.81,36153,117.0,1,Corporate Auto,Luxury,323.42
DP19210,California,Female,Master,9191.73,23823,115.0,0,Corporate Auto,Luxury,567.48
XP76338,California,Male,Bachelor,4711.04,24843,61.0,2,Personal Auto,Four-Door Car,331.33
MW46400,California,Female,High School or Below,7634.86,0,106.0,0,Corporate Auto,Four-Door Car,763.2
FB71914,California,Male,College,30205.01,0,89.0,0,Personal Auto,Four-Door Car,469.36
OH15780,California,Male,College,12280.77,88340,102.0,0,Personal Auto,Two-Door Car,489.6
QO56615,California,Female,College,2980.01,13535,80.0,1,Personal Auto,Four-Door Car,384.0
EL67979,California,Male,College,17223.07,22346,64.0,0,Personal Auto,Four-Door Car,307.2
OW68478,California,Male,High School or Below,12298.69,17101,113.0,0,Corporate Auto,SUV,542.4
SF13677,California,Male,High School or Below,2843.15,0,81.0,0,Personal Auto,Four-Door Car,583.2
MP80287,California,Female,College,9498.47,0,90.0,0,Personal Auto,Two-Door Car,432.0
UK45178,California,Female,Bachelor,2224.56,0,67.0,1,Personal Auto,Two-Door Car,482.4
JC29850,California,Male,Bachelor,7506.96,0,67.0,1,Corporate Auto,Two-Door Car,321.6
IK44574,California,Male,Bachelor,5608.82,28483,72.0,0,Corporate Auto,Four-Door Car,345.6
KE98143,California,Female,Master,2700.68,89362,67.0,0,Personal Auto,Four-Door Car,116.21
XN28388,California,Female,College,4130.38,0,66.0,2,Corporate Auto,Four-Door Car,523.03
AX38728,California,Male,College,2966.94,0,81.0,0,Personal Auto,Two-Door Car,388.8
IX18485,California,Female,High School or Below,9594.25,27443,86.0,2,Personal Auto,Four-Door Car,685.05
KB42322,California,Female,Bachelor,6761.11,70829,85.0,0,Personal Auto,Four-Door Car,553.17
RW54189,California,Male,Bachelor,5747.27,23504,73.0,0,Personal Auto,Four-Door Car,350.4
FV70604,California,Female,Bachelor,5048.51,0,142.0,0,Corporate Auto,SUV,880.44
PC23709,California,Female,Bachelor,5714.56,74905,72.0,0,Personal Auto,Four-Door Car,167.03
RB75458,California,Male,High School or Below,2230.28,0,65.0,0,Personal Auto,Four-Door Car,712.71
RX14132,California,Male,High School or Below,7228.01,25926,61.0,0,Personal Auto,Two-Door Car,292.8
AF36894,California,Male,Bachelor,4392.98,33640,113.0,0,Corporate Auto,SUV,542.4
UY32623,California,Female,College,3593.13,18213,96.0,1,Corporate Auto,Four-Door Car,460.8
AL95338,California,Female,High School or Below,6679.14,0,91.0,0,Personal Auto,Four-Door Car,655.2
WL28610,California,Female,High School or Below,4146.41,0,116.0,1,Corporate Auto,SUV,556.8
AC73173,California,Male,Bachelor,3694.65,0,102.0,0,Personal Auto,SUV,610.62
GV76798,California,Female,Master,4781.82,30361,119.0,1,Personal Auto,Four-Door Car,373.29
SP29219,California,Male,College,3885.46,0,105.0,0,Personal Auto,Four-Door Car,504.0
CI30899,California,Female,College,4737.41,0,68.0,0,Personal Auto,Two-Door Car,326.4
MI49191,California,Male,Bachelor,9410.67,96060,117.0,0,Corporate Auto,Four-Door Car,561.6
YP16210,California,Female,College,5878.45,25398,74.0,0,Personal Auto,Four-Door Car,465.92
CO91673,California,Female,Bachelor,4547.32,29031,61.0,2,Personal Auto,Four-Door Car,292.8
CC93587,California,Male,College,5926.39,92949,74.0,0,Personal Auto,Two-Door Car,337.31
MX48796,California,Female,Bachelor,4873.67,0,68.0,0,Corporate Auto,Four-Door Car,356.08
IC80537,California,Male,College,2580.85,46900,66.0,0,Corporate Auto,Four-Door Car,316.8
AA93585,California,Male,College,7083.64,97024,177.0,0,Personal Auto,SUV,686.82
SR41132,California,Female,High School or Below,30104.52,0,94.0,0,Corporate Auto,Two-Door Car,848.74
IT11766,California,Female,Bachelor,4148.57,61896,104.0,0,Personal Auto,SUV,461.31
QO68842,California,Female,Doctor,2518.74,39317,64.0,0,Personal Auto,Four-Door Car,77.7
RY47606,California,Male,Bachelor,3843.97,43987,96.0,0,Personal Auto,Four-Door Car,460.8
CX22458,California,Male,Master,9075.77,37722,116.0,0,Personal Auto,Luxury,158.08
TL44525,California,Male,Bachelor,2619.34,78618,66.0,0,Corporate Auto,Two-Door Car,225.58
CZ57208,California,Female,Bachelor,15245.25,30205,195.0,0,Personal Auto,Luxury,1329.96
LM97847,California,Male,College,2615.14,57023,67.0,0,Personal Auto,Four-Door Car,250.65
IK96366,California,Male,College,5551.4,36918,76.0,3,Personal Auto,Two-Door Car,364.8
SJ86522,California,Male,High School or Below,6827.04,0,102.0,0,Corporate Auto,SUV,956.69
UU42868,California,Male,High School or Below,5619.69,0,153.0,0,Corporate Auto,SUV,1027.0
GX11087,California,Female,High School or Below,3907.03,0,109.0,0,Personal Auto,SUV,666.04
JR41742,California,Male,College,3622.87,0,108.0,0,Corporate Auto,SUV,1254.18
RA89822,California,Female,High School or Below,34611.38,20090,109.0,0,Personal Auto,Luxury,523.2
IJ25462,California,Male,Bachelor,2845.52,86631,73.0,1,Personal Auto,Four-Door Car,400.83
ZP86347,California,Female,College,5500.58,44019,138.0,0,Personal Auto,SUV,165.48
HO82823,California,Female,Bachelor,3358.53,59367,84.0,0,Personal Auto,Four-Door Car,6.88
EA54906,California,Female,High School or Below,7501.66,38874,94.0,0,Corporate Auto,Four-Door Car,331.17
BC64697,California,Female,College,11663.99,0,107.0,0,Personal Auto,Four-Door Car,513.6
VV68726,California,Female,High School or Below,5133.4,28647,69.0,0,Personal Auto,Four-Door Car,331.2
QR91631,California,Female,High School or Below,8732.09,51205,72.0,0,Personal Auto,Two-Door Car,185.53
OT56964,California,Male,Master,9424.26,46897,118.0,0,Corporate Auto,SUV,322.58
YX35990,California,Male,Master,5479.56,56005,68.0,1,Corporate Auto,Four-Door Car,326.4
RN61682,California,Female,Bachelor,2114.74,0,72.0,5,Personal Auto,Four-Door Car,518.4
BB10681,California,Female,College,4140.65,0,123.0,2,Corporate Auto,SUV,590.4
FH43628,California,Female,College,25464.82,13663,97.0,0,Personal Auto,Four-Door Car,465.6
WZ45103,California,Female,Bachelor,5678.05,0,76.0,0,Personal Auto,Four-Door Car,364.8
CB59349,California,Male,Master,16261.59,60646,134.0,0,Personal Auto,SUV,643.2
RX91025,California,Male,High School or Below,19872.26,0,185.0,0,Personal Auto,SUV,1950.73
AC13887,California,Male,Bachelor,4629.0,0,67.0,0,Corporate Auto,Two-Door Car,482.4
TF56202,California,Male,College,5032.17,66367,64.0,0,Personal Auto,Two-Door Car,307.2
YM19146,California,Female,College,4100.4,47761,104.0,0,Personal Auto,Four-Door Car,541.28
LA72316,California,Male,Bachelor,23405.99,71941,73.0,0,Personal Auto,Four-Door Car,198.23
PK87824,California,Female,College,3096.51,21604,79.0,0,Corporate Auto,Four-Door Car,379.2
TD14365,California,Male,Bachelor,8163.89,0,85.0,3,Corporate Auto,Four-Door Car,790.78
UP19263,California,Male,College,7524.44,21941,96.0,0,Personal Auto,Four-Door Car,691.2
Y167826,California,Male,College,2611.84,0,77.0,0,Corporate Auto,Two-Door Car,369.6
